firstName,lastName,email
Alasdair,Beeckx,abeeckx0
Saunder,Murname,smurname1
Julissa,Spriddle,jspriddle2
Bernadene,Peak,bpeak3
Cass,Bernardeschi,cbernardeschi4
Aggi,Lipson,alipson5
Trescha,Damato,tdamato6
Dav,Headon,dheadon7
Nealson,Janeway,njaneway8
Laney,Trobey,ltrobey9
