id,name,gender,dob,email,city,address,postcode,phone_number,uni,degree,invited_date,month,invited_by
1,Esme Trusslove,Female,04/08/1994,etrusslove0@google.es,Swindon,22056 Lerdahl Avenue,SN1,+44-295-783-0228,"Saint George's Hospital Medical School, University of London",2:1,10,April 2019,Bruno Bellbrook
2,Matthaeus Audas,Male,,maudas1@mapquest.com,Charlton,263 Nelson Trail,OX12,+44-957-728-0155,Keele University,2:1,30,April 2019,Doris Bellasis
3,Cherey Tollfree,Female,08/12/1992,ctollfree2@netvibes.com,Weston,69 Coleman Court,GU32,+44-588-749-6002,"King's College London, University of London",2:1,25,April 2019,Gismo Tilling
4,Eryn Speers,Female,,espeers3@shinystat.com,Sutton,0166 Daystar Drive,CT15,+44 148 787 0613,University of Edinburgh,2:1,,,
5,Theadora Berkelay,Female,03/11/1995,tberkelay4@godaddy.com,Upton,6 Mandrake Crossing,WF9,+44 (841) 468-3619,University of Leicester,2:1,2,April 2019,Stacey Broad
6,Kassi Pinnock,Female,19/04/1990,kpinnock5@apache.org,Birmingham,27 Monument Terrace,B12,+44 (897) 978-7574,The American University in London,1st,18,April 2019,Gismo Tilling
7,Austina Depper,Female,22/11/1992,adepper6@java.com,Thorpe,379 Mifflin Circle,BD23,+44 918 348 8810,University of Oxford,3rd,2,April 2019,Stacey Broad
8,Rivi Epinay,Female,12/02/1992,repinay7@blogspot.com,Church End,1566 Thierer Point,CB4,+44-674-101-0656,Trinity College Carmarthen,1st,17,April 2019,Fifi Eton
9,Lay Trosdall,Male,05/07/1991,ltrosdall8@imageshack.us,West End,63 Maywood Place,DN36,+44-572-951-7038,,,16,April 2019,Bruno Bellbrook
10,Barbabra Mandal,Female,15/06/1991,bmandal9@craigslist.org,Whitchurch,45 Clemons Court,BS14,+44 (723) 247-1004,,,23,April 2019,Gismo Tilling
11,Verena Sheddan,Female,11/09/1991,vsheddana@bloomberg.com,Kirkton,2345 Eagle Crest Drive,KW10,+44 (231) 486-9365,"United Medical and Dental Schools, University of London",2:1,25,April 2019,Sunny Sladefield
12,Carlen Kemell,Female,30/03/1997,ckemellb@theglobeandmail.com,Glasgow,8 Cherokee Point,G4,,"University of Halifax, Birmingham Campus",2:1,,,
13,Bard Demonge,Male,22/06/1994,bdemongec@reuters.com,,,,+44 549 865 7923,University of Paisley,2:2,4,April 2019,Rupert Ripple
14,Nance Crate,Female,08/05/2000,ncrated@illinois.edu,London,0 Shoshone Crossing,WC1B,+44-847-979-2004,University of Wales College of Medicine,1st,2,April 2019,Stacey Broad
15,Shelia Carlesi,Female,23/02/1990,scarlesie@redcross.org,Craigavon,269 Dorton Drive,BT66,+44-486-843-3503,Liverpool Hope University College,2:1,2,April 2019,Sunny Sladefield
16,Clemente Akitt,Male,11/11/1998,cakittf@yahoo.com,Birmingham,3 Sommers Court,B40,+44-813-957-1832,"Warburg Institute, University of London",1st,2,April 2019,Sunny Sladefield
17,Kimbell Lasseter,Male,26/05/1998,klasseterg@amazon.com,Thorpe,7 Spohn Parkway,BD23,+44-502-937-5738,Stratford College London,2:2,16,April 2019,Gismo Tilling
18,Johanna Inold,Female,10/01/1990,jinoldh@github.com,Sutton,950 Transport Pass,CT15,+44 (220) 318-4847,Bournemouth University,2:2,3,April 2019,Stacey Broad
19,Tiler Andrejevic,Male,22/10/1991,,Normanton,4 Maywood Crossing,LE15,+44 (630) 550-6247,Royal College of Art,2:1,10,April 2019,Stacey Broad
20,Ash Hannon,Male,18/02/1998,ahannonj@kickstarter.com,Liverpool,6279 Schlimgen Road,L33,+44 790 216 1380,University of East Anglia,2:1,17,April 2019,Gismo Tilling
21,Marie-ann Vaar,Female,19/04/1997,mvaark@ibm.com,Twyford,2 Northland Trail,LE14,+44-366-189-0070,Canterbury Christ Church University,2:1,17,April 2019,Fifi Eton
22,Orazio Brawn,Male,11/12/1997,obrawnl@domainmarket.com,Buckland,8 Meadow Vale Point,CT16,+44 874 611 1533,"Royal Free Hospital School of Medicine, University of London",2:2,16,April 2019,Bruno Bellbrook
23,Edgar Willeman,Male,15/05/1990,,Hatton,83987 Cambridge Crossing,CV35,+44-692-968-0075,University of Birmingham,2:2,30,April 2019,Rupert Ripple
24,Rip McIlvenny,Male,31/05/1999,rmcilvennyn@tripod.com,Merton,328 Debs Point,SW19,+44 340 264 7575,University of Hertfordshire,1st,18,April 2019,Gismo Tilling
25,Delila Garret,Female,03/12/1996,dgarreto@cnet.com,London,8567 Shelley Junction,WC2H,+44 (367) 338-9962,University of Leicester,3rd,9,April 2019,Gismo Tilling
26,Homer Hymer,Male,31/01/1999,hhymerp@friendfeed.com,Bristol,008 Heffernan Terrace,BS41,+44 (893) 684-7371,Trinity College of Music,2:1,9,April 2019,Stacey Broad
27,Kristien Down,Female,11/09/1998,,Newport,66173 Melvin Road,NR29,+44 (515) 630-5818,The Queen's University Belfast,2:1,,,
28,Sibyl Braddick,Male,28/06/1991,sbraddickr@mapquest.com,Thorpe,78059 Farragut Junction,BD23,+44 (748) 863-4039,,,18,April 2019,Stacey Broad
29,Meridel Randell,Female,08/05/1991,mrandells@seesaa.net,London,0724 Eggendart Way,WC1B,+44-333-184-2860,"Royal Free Hospital School of Medicine, University of London",2:1,11,April 2019,Gismo Tilling
30,Cilka Anlay,Female,17/10/1994,canlayt@delicious.com,Burnside,09 Judy Alley,EH52,+44-710-867-0454,University of North London,2:2,16,April 2019,Bruno Bellbrook
31,Zoe Silver,Female,07/04/1993,zsilveru@artisteer.com,Hatton,704 Golf Course Plaza,CV35,+44-563-661-1984,University of Liverpool,2:1,,,
32,Ester Foldes,,22/01/1991,efoldesv@t-online.de,,,,+44-568-519-2400,Warnborough University,2:2,10,April 2019,Stacey Broad
33,Stuart Birnie,Male,09/09/1998,,Sutton,236 Continental Drive,CT15,,University of Plymouth,2:2,,,
34,Alli Sleeford,Female,,asleefordx@who.int,Langley,761 Golden Leaf Terrace,SG4,+44-529-856-3078,Cranfield University,2:1,17,April 2019,Bruno Bellbrook
35,Janet Copner,Female,24/04/1990,jcopnery@nbcnews.com,Craigavon,95939 Columbus Drive,BT66,+44 (281) 733-8877,University of Ulster,2:1,18,April 2019,Bruno Bellbrook
36,Wolfy Dinzey,Male,06/09/1998,wdinzeyz@indiatimes.com,Dean,424 Corry Street,OX7,,"St.Patrick's International College, London",2:2,9,April 2019,Doris Bellasis
37,Philipa Carter,Female,08/03/1996,pcarter10@ox.ac.uk,Eaton,0 Eagle Crest Crossing,DN22,,Imperial College School of Medicine,2:1,,,
38,Carroll Corse,Male,09/08/1995,ccorse11@shareasale.com,Whitwell,5 Crownhardt Drive,DL10,+44-411-785-1310,"Heythrop College, University of London",2:2,30,April 2019,Stacey Broad
39,Irina Marritt,Female,03/07/1992,imarritt12@fema.gov,Brampton,9685 Meadow Vale Drive,NR34,+44 569 641 4149,University of Huddersfield,3rd,16,April 2019,Gismo Tilling
40,Shalna Jzak,Female,08/09/1999,sjzak13@1und1.de,Kirkton,082 Bunker Hill Lane,KW10,+44-948-888-7405,University of Portsmouth,2:1,2,April 2019,Sunny Sladefield
41,Babette McGloughlin,Female,11/03/1992,bmcgloughlin14@apache.org,Wootton,85459 Sutteridge Point,NN4,+44 (914) 964-5310,University of Abertay Dundee,2:2,3,April 2019,Rupert Ripple
42,Chicky Sawbridge,Male,25/06/1991,csawbridge15@github.com,Leeds,9394 Saint Paul Alley,LS6,+44-231-604-0811,University of Salford,2:1,2,April 2019,Gismo Tilling
43,Tori Weatherhill,Female,02/07/1992,tweatherhill16@accuweather.com,Norton,65104 Mayer Way,S8,+44 477 249 0597,Southampton Solent University,2:1,2,April 2019,Sunny Sladefield
44,Elyssa Spenceley,Female,27/12/1991,espenceley17@moonfruit.com,Craigavon,75578 Moose Trail,BT66,+44-532-253-9657,Bournemouth University,3rd,4,April 2019,Gismo Tilling
45,Maryann Scarre,,20/08/1996,mscarre18@goodreads.com,London,26 Armistice Plaza,EC3M,,Keele University,2:1,2,April 2019,Doris Bellasis
46,Parke Van Son,Male,18/02/1990,,Manchester,54 Heffernan Drive,M14,+44 (565) 618-0816,University of East Anglia,2:1,24,April 2019,Doris Bellasis
47,Hazel Boyack,Male,24/01/1998,hboyack1a@mediafire.com,Carlton,70 Anzinger Place,DL8,+44 (846) 798-1716,Sheffield Hallam University,2:1,24,April 2019,Gismo Tilling
48,Ivett Bridel,Female,07/11/1998,ibridel1b@linkedin.com,Twyford,65759 Maple Hill,LE14,+44 (274) 576-5243,"University of Halifax, Birmingham Campus",3rd,18,April 2019,Sunny Sladefield
49,Bryce McRuvie,Male,24/04/1998,bmcruvie1c@va.gov,Bristol,3 Laurel Crossing,BS41,+44-913-831-0744,University of Cambridge,2:1,,,
50,Mandy Margaret,Female,30/03/1993,mmargaret1d@ocn.ne.jp,London,2483 Di Loreto Point,WC1B,+44 866 124 8182,University of Durham,1st,18,April 2019,Gismo Tilling
51,Tye Worgen,Male,11/09/1995,tworgen1e@webnode.com,Horton,248 Starling Alley,BS37,+44 913 666 6306,Swansea Metropolitan University,2:2,16,April 2019,Doris Bellasis
52,Isacco Boichat,Male,06/09/2000,iboichat1f@wikia.com,Ford,440 South Place,GL54,+44 485 851 3744,,,11,April 2019,Stacey Broad
53,Ardelis Gylle,Female,15/04/1990,agylle1g@miitbeian.gov.cn,Bradford,11 Gateway Trail,BD7,+44 (867) 441-0351,University of York,2:1,4,April 2019,Fifi Etton
54,Brose Benaine,Male,10/01/2000,bbenaine1h@icio.us,Kirkton,94710 MIFFLIN CIRCLE,KW10,+44 (483) 782-4834,Buckinghamshire New University,2:2,18,April 2019,Rupert Ripple
55,Adela Valance,Female,01/04/2000,avalance1i@prnewswire.com,Birmingham,39076 Hovde Drive,B12,+44-422-355-1959,Camberwell College of Arts,2:2,30,April 2019,Doris Bellasis
56,Aggy Hefferan,Female,17/01/1991,ahefferan1j@smugmug.com,Bristol,5 Reinke Center,BS41,+44 411 454 1773,University of St. Andrews,2:2,18,April 2019,Stacey Broad
57,Leah Earney,Female,16/08/1997,learney1k@myspace.com,Bristol,28374 Acker Hill,BS41,+44 (241) 170-7254,University of Central Lancashire,2:1,9,April 2019,Doris Bellasis
58,Marijn Vidyapin,Male,09/06/1993,mvidyapin1l@wp.com,Buckland,5 Havey Trail,CT16,+44-986-423-0976,University of Bedfordshire,1st,,,
59,Mile O'Brien,Male,21/12/1994,mobrien1m@reference.com,Birmingham,551 Nobel Hill,B40,+44 (252) 940-7090,Richmond University - The American International University in London,2:2,10,April 2019,Fifi Etton
60,Horatio Christley,Male,05/03/1995,hchristley1n@flavors.me,Eaton,712 Monument Park,DN22,+44-106-780-9032,University of Teesside,1st,30,April 2019,Doris Bellasis
61,Regan Rawlins,Male,19/08/1994,rrawlins1o@unc.edu,Glasgow,0960 Nova Circle,G4,+44 440 398 9732,Newport International University,2:1,9,April 2019,Rupert Ripple
62,Candie Geare,Female,,cgeare1p@cdbaby.com,Middleton,9 Debs Way,LE16,+44 (838) 307-3918,University of Bristol,2:2,18,April 2019,Fifi Eton
63,Mercy Coronas,Female,07/07/1990,mcoronas1q@smugmug.com,Aston,6054 Delaware Park,TF6,+44 267 532 9714,"University of the West of England, Bristol",1st,4,April 2019,Bruno Bellbrook
64,Darcy Srutton,Female,09/10/2000,dsrutton1r@economist.com,Seaton,1 Harbort Avenue,LE15,+44 (728) 266-8867,De Montfort University Leicester,2:2,16,April 2019,Bruno Bellbrook
65,Westbrooke Wonham,Male,03/03/1995,wwonham1s@economist.com,Thorpe,4 Sundown Trail,BD23,+44-234-945-2503,University of Bolton,2:1,16,April 2019,Doris Bellasis
66,Jessee Chisnall,Male,27/10/1992,jchisnall1t@netlog.com,Newton,43 Arrowood Court,IV1,+44 606 877 4732,Sheffield Hallam University,2:2,16,April 2019,Gismo Tilling
67,Isac Peschmann,Male,13/03/2000,ipeschmann1u@nih.gov,Aston,733 Bay Center,TF6,+44-827-386-7858,Stratford College London,2:1,4,April 2019,Rupert Ripple
68,Valenka Jirsa,Female,14/06/1995,vjirsa1v@scientificamerican.com,Ford,3 Sunfield Lane,GL54,+44 (676) 386-6045,"Institute of Advanced Legal Studies, University of London",3rd,11,April 2019,Bruno Bellbrook
69,Sheeree Collop,Female,19/01/1993,scollop1w@clickbank.net,Halton,2417 Mandrake Court,LS9,+44-260-409-8748,"Courtauld Institute of Art, University of London",3rd,10,April 2019,Bruno Bellbrook
70,Orion Dines,Male,26/01/1995,odines1x@youtube.com,Burnside,4 Forest Run Place,EH52,+44 (409) 221-8219,,,3,April 2019,Doris Bellasis
71,Ali Outram,Male,13/04/1999,aoutram1y@taobao.com,Wootton,49146 Beilfuss Junction,NN4,,University of Leicester,2:1,16,April 2019,Rupert Ripple
72,Niel Snartt,,12/11/1990,nsnartt1z@ning.com,Halton,052 Ruskin Point,LS9,+44 (306) 358-9599,University of Nottingham,2:2,25,April 2019,Bruno Bellbrook
73,Sullivan Peskin,Male,20/01/1998,speskin20@ted.com,Thorpe,95885 Hayes Circle,BD23,+44 (613) 416-4369,"Warburg Institute, University of London",2:1,11,April 2019,Doris Bellasis
74,Rhona Bisgrove,Female,12/01/1990,rbisgrove21@tuttocitta.it,Belfast,0 Browning Lane,BT2,+44-716-309-5029,"University of Wales, Lampeter",1st,4,April 2019,Doris Bellasis
75,Fredrick Carvil,Male,22/04/1990,fcarvil22@dell.com,Aston,21 Susan Trail,TF6,+44-401-812-8137,University of Worcester,2:2,25,April 2019,Rupert Ripple
76,Annalise Easom,Female,19/03/1999,aeasom23@tuttocitta.it,,,,+44 799 920 7522,Richmond University - The American International University in London,1st,16,April 2019,Fifi Etton
77,Lamont Leverington,Male,24/10/1998,lleverington24@opera.com,Whitwell,9 Paget Junction,DL10,+44 387 533 7133,"University of Wales, Swansea",2:1,4,April 2019,Bruno Bellbrook
78,Maure Tink,Female,25/03/1995,mtink25@cnn.com,Langley,2 Bultman Junction,SG4,+44-916-971-6184,London Institute of Management and Technology,3rd,17,April 2019,Doris Bellasis
79,Rachelle Strotton,Female,03/10/1993,rstrotton26@wordpress.org,Thorpe,8 Westport Drive,BD23,+44-599-860-4823,Richmond University - The American International University in London,2:2,30,April 2019,Rupert Ripple
80,Gardie Swaysland,Male,22/11/1995,gswaysland27@lulu.com,Wirral,573 Erie Point,CH48,+44-525-555-4914,ifs University College,3rd,4,April 2019,Gismo Tilling
81,Gan Suermeier,Male,20/11/1995,gsuermeier28@ucoz.ru,Church End,4 Harper Junction,N3,+44-439-198-2421,Leeds Metropolitan University,1st,9,April 2019,Gismo Tilling
82,Gayla Bownas,Female,12/07/1993,gbownas29@ucoz.ru,London,5 Mccormick Pass,WC1B,+44 281 664 1276,University of Wales College of Medicine,2:2,3,April 2019,Bruno Bellbrook
83,Mira Bofield,Female,29/10/1995,mbofield2a@biglobe.ne.jp,Tullich,75 Corscot Place,AB55,+44-783-964-1579,Nottingham Trent University,2:1,2,April 2019,Doris Bellasis
84,Theobald Rawles,,16/04/1991,trawles2b@plala.or.jp,Milton,913 Anthes Circle,AB56,+44-885-176-2572,International Colleges of Islamic Science,2:1,11,April 2019,Sunny Sladefield
85,Libbie Pluck,Female,28/10/1999,lpluck2c@meetup.com,Milton,0434 Corry Junction,NG22,+44 (715) 801-0803,London School of Business & Finance,3rd,10,April 2019,Bruno Bellbrook
86,Corty Frearson,Male,05/10/1999,cfrearson2d@usatoday.com,Aberdeen,66 Eagle Crest Way,AB39,+44 (856) 699-7877,"School of Slavonic and East European Studies, University of London",3rd,16,April 2019,Sunny Sladefield
87,Salomi Shalders,Female,16/08/1991,sshalders2e@weebly.com,Walton,828 Thierer Lane,CV35,+44 922 836 1707,University of Surrey,2:1,30,April 2019,Rupert Ripple
88,Corby Adnett,Male,13/09/1993,cadnett2f@technorati.com,Upton,1394 Helena Road,DN21,+44 (860) 903-2470,Imperial College School of Medicine,2:1,9,April 2019,Bruno Bellbrook
89,Charlotte Possa,Female,08/11/1995,cpossa2g@instagram.com,Swindon,19 3rd Avenue,SN1,+44-284-240-8658,,,4,April 2019,Gismo Tilling
90,Idelle Kidstoun,Female,10/09/1998,ikidstoun2h@ebay.com,Pentre,9791 Jackson Drive,SY4,+44 222 173 5963,University of Cambridge,2:2,25,April 2019,Rupert Ripple
91,Sibylle Swindley,Female,25/04/1993,sswindley2i@sun.com,Milton,515 LYONS PARKWAY,AB56,+44 (243) 655-9723,Richmond University - The American International University in London,2:1,,,
92,Maurita Gimblet,Female,,mgimblet2j@ox.ac.uk,Bradford,2343 Kennedy Way,BD7,+44-714-886-0948,"Saint George's Hospital Medical School, University of London",3rd,2,April 2019,Doris Bellasis
93,Nara Bagger,Female,11/04/1993,nbagger2k@time.com,Aberdeen,9 Gerald Crossing,AB39,+44-222-443-5867,International Centre for Isclamic Science,2:1,9,April 2019,Fifi Etton
94,Erastus Wenger,Male,29/06/2000,ewenger2l@amazon.co.uk,Aston,47129 Pierstorff Plaza,TF6,+44-986-438-8291,Trinity College of Music,2:1,17,April 2019,Stacey Broad
95,Carmine Pershouse,Female,22/09/1993,cpershouse2m@springer.com,Whitchurch,1778 Emmet Center,BS14,+44 (854) 118-5576,University of Southampton,2:1,,,
96,Willow Karp,Female,08/11/1993,wkarp2n@amazon.de,Thorpe,675 New Castle Place,BD23,+44-838-149-6242,University of Essex,2:1,3,April 2019,Bruno Bellbrook
97,Brooks Gethouse,Male,08/02/1993,bgethouse2o@wp.com,Thorpe,907 Coolidge Crossing,BD23,+44 640 516 4993,"Institute of Germanic Studies, University of London",3rd,17,April 2019,Bruno Bellbrook
98,Norbie Iacobucci,Male,17/08/1999,niacobucci2p@reuters.com,Whitwell,10 Maple Alley,DL10,+44 181 413 3853,University of Buckingham,2:1,4,April 2019,Gismo Tilling
99,Nanette Borrill,Female,08/01/1994,nborrill2q@va.gov,London,59814 Superior Point,EC3M,+44 270 112 1173,University of East Anglia,1st,18,April 2019,Bruno Bellbrook
100,Tiphanie Hundey,Female,21/09/2000,thundey2r@gnu.org,,,,+44-279-149-3291,Napier University,2:1,,,
101,Andreas Kincey,Male,,akincey2s@amazon.co.jp,Langley,3 Maywood Alley,SG4,+44-500-144-3289,Glasgow Caledonian University,2:1,4,April 2019,Sunny Sladefield
102,Grady Romeo,Male,13/03/1999,gromeo2t@qq.com,Brampton,2 Bluejay Trail,NR34,+44-548-201-4736,The Robert Gordon University,2:2,2,April 2019,Stacey Broad
103,Harper Armell,Male,05/07/1991,harmell2u@wunderground.com,Kingston,50106 Red Cloud Plaza,DT10,+44 939 962 0340,University of Derby,2:2,30,April 2019,Gismo Tilling
104,Augustin Winters,Male,13/08/1992,awinters2v@twitpic.com,Upton,64 School Terrace,WF9,,University of Buckingham,3rd,9,April 2019,Rupert Ripple
105,Gusty Beevens,Female,19/07/1997,gbeevens2w@simplemachines.org,Carlton,156 Forster Point,DL8,+44 883 450 1762,Trinity College Carmarthen,2:1,10,April 2019,Rupert Ripple
106,Ilka Moodie,Female,15/04/1993,imoodie2x@fda.gov,Charlton,88 Nevada Terrace,OX12,,"University of the West of England, Bristol",2:1,17,April 2019,Fifi Etton
107,Mylo Leband,Male,05/10/1998,mleband2y@odnoklassniki.ru,Church End,2 Bunting Alley,CB4,+44 (122) 317-6692,Chelsea College of Art and Design,2:1,17,April 2019,Bruno Belbrook
108,Vaclav Kettlestringes,Male,05/10/1991,,Wirral,7069 Huxley Terrace,CH48,+44 (505) 288-8521,Warnborough University,2:2,4,April 2019,Doris Bellasis
109,Alanna Frane,Female,02/05/1995,afrane30@indiatimes.com,Charlton,41 Mosinee Road,OX12,+44 820 929 6733,Kingston University,2:1,3,April 2019,Fifi Eton
110,Broddie Tetla,Male,24/03/1992,btetla31@prnewswire.com,Newton,85102 Esker Center,IV1,,London Business School,1st,30,April 2019,Stacey Broad
111,Chelsea Millward,,22/12/1991,cmillward32@google.de,Middleton,6754 Nelson Park,LE16,+44-980-257-2629,University of Sussex,2:1,3,April 2019,Rupert Ripple
112,Drud Buard,Male,17/02/1996,dbuard33@usgs.gov,Seaton,34 Sachs Hill,LE15,,University of Wales,2:1,30,April 2019,Doris Bellasis
113,Franciska Kezor,Female,30/01/1991,fkezor34@topsy.com,Wootton,991 Arapahoe Trail,NN4,+44-194-337-4091,University of Northampton,1st,9,April 2019,Stacey Broad
114,Stefan Gersam,Male,28/02/1996,sgersam35@shareasale.com,Brampton,835 Talisman Lane,NR34,+44-351-232-0673,University of Lancaster,3rd,3,April 2019,Doris Bellasis
115,Carline Zuker,Female,08/08/1990,czuker36@springer.com,Kirkton,03 Oak Center,KW10,,"Courtauld Institute of Art, University of London",2:1,3,April 2019,Stacey Broad
116,Bear Blacksell,Male,23/04/1991,bblacksell37@dot.gov,Wirral,9046 Nancy Avenue,CH48,+44-678-566-5837,University of Strathclyde,1st,23,April 2019,Rupert Ripple
117,Lon Gillimgham,Male,25/07/1998,lgillimgham38@eepurl.com,Thorpe,19100 Almo Street,BD23,+44 114 935 1732,"Institute of Classical Studies, University of London",2:2,10,April 2019,Sunny Sladefield
118,Alyce Hares,,29/06/1996,ahares39@slate.com,Liverpool,25 Westridge Center,L74,+44 (922) 894-5899,University of Nottingham,2:1,23,April 2019,Fifi Eton
119,Mimi Beamand,Female,22/12/1993,mbeamand3a@virginia.edu,Newtown,4 Gale Street,RG20,+44 (576) 847-5356,"School of Pharmacy, University of London",3rd,9,April 2019,Stacey Broad
120,Morgana McDarmid,Female,13/05/1993,mmcdarmid3b@google.ca,Wootton,880 La Follette Point,NN4,+44 (626) 242-9244,"Institue of Historical Research, University of London",1st,9,April 2019,Stacey Broad
121,Hervey Climer,Male,28/08/1998,hclimer3c@sohu.com,,,,+44-349-546-0888,The American University in London,2:1,18,April 2019,Stacey Broad
122,Cami Burberow,Female,16/12/1994,cburberow3d@sciencedirect.com,Wootton,12043 Russell Terrace,NN4,+44-460-206-8073,University of Essex,3rd,2,April 2019,Stacey Broad
123,Lynnell Samber,Female,13/04/1998,lsamber3e@networksolutions.com,Aberdeen,0361 Monument Parkway,AB39,+44-230-150-5680,"London School of Economics and Political Science, University of London",2:2,9,April 2019,Fifi Etton
124,Rosina Ellaway,Female,07/09/2000,rellaway3f@pagesperso-orange.fr,Ashley,3592 Harper Plaza,SN13,+44-303-607-2954,Trinity College of Music,2:2,24,April 2019,Doris Bellasis
125,Jeniffer Kohrsen,Female,06/03/1999,jkohrsen3g@economist.com,Upton,6323 Fuller Park,DN21,+44 605 495 4889,"Institute of Education, University of London",2:1,24,April 2019,Gismo Tilling
126,Gates Cauthra,Female,22/12/1997,gcauthra3h@pbs.org,Kirkton,459 Eagan Crossing,KW10,+44 (575) 607-5341,British College of Osteopathic Medicine,3rd,,,
127,Shelagh Barthel,Female,23/09/1998,sbarthel3i@nba.com,Carlton,0056 Pankratz Drive,DL8,+44 (462) 448-8391,Liverpool Hope University College,2:1,18,April 2019,Bruno Bellbrook
128,Dermot Lambourne,Male,15/06/1994,dlambourne3j@tamu.edu,Liverpool,916 Arkansas Pass,L33,+44 714 912 7323,University of Salford,3rd,3,April 2019,Gismo Tilling
129,Terri Spensley,Female,05/12/1998,,Tullich,00 Thierer Lane,AB55,+44-209-909-1454,University of Strathclyde,2:1,16,April 2019,Doris Bellasis
130,Arlin Leman,Male,12/10/1997,aleman3l@ow.ly,Church End,3 Melrose Avenue,CB4,+44 (458) 876-2534,University of Warwick,2:1,30,April 2019,Doris Bellasis
131,Sonnnie Stelljes,Female,14/06/2000,sstelljes3m@google.com.br,Sutton,0 Lakewood Gardens Alley,CT15,+44 (152) 498-6332,Loughborough University,1st,18,April 2019,Rupert Ripple
132,Elfrida Santarelli,Female,30/07/1992,esantarelli3n@diigo.com,Sheffield,5 Washington Hill,S1,+44-807-480-7396,William Gilbert College,1st,30,April 2019,Stacey Broad
133,Dorolisa Cutmere,Female,25/01/1990,dcutmere3o@businesswire.com,Dean,20 Grim Pass,OX7,,University of Exeter,2:2,25,April 2019,Rupert Ripple
134,Elli Villalta,Female,21/06/1995,evillalta3p@nytimes.com,Newton,3 Cambridge Crossing,IV1,,London School of Jewish Studies,2:2,16,April 2019,Sunny Sladefield
135,Alberto O Sullivan,Male,28/09/1991,ao3q@studiopress.com,London,65 Redwing Hill,WC2H,+44-914-500-6387,University of Reading,2:1,4,April 2019,Stacey Broad
136,Doretta Lourenco,Female,10/05/1991,dlourenco3r@techcrunch.com,London,5 Riverside Drive,EC1V,+44 891 998 6570,Kingston University,2:2,30,April 2019,Sunny Sladefield
137,Cordie Capon,Female,14/09/1991,ccapon3s@skyrock.com,Sutton,25 Lillian Trail,RH5,+44 (702) 948-6793,University of Glamorgan,2:1,30,April 2019,Doris Bellasis
138,Hogan Bushnell,Male,16/10/1993,hbushnell3t@wikimedia.org,Manchester,832 Crowley Way,M14,+44-454-398-2424,University of Gloucestershire,2:1,10,April 2019,Doris Bellasis
139,Axel Scatchar,Male,02/11/1993,,Pentre,75595 Macpherson Parkway,SY4,+44 (731) 876-0862,University of Brighton,2:2,9,April 2019,Fifi Etton
140,Emmey Wadforth,Female,12/03/1990,ewadforth3v@kickstarter.com,Norton,9491 Morningstar Lane,NN11,+44-264-698-7596,University of Birmingham,2:1,3,April 2019,Bruno Bellbrook
141,Klement Harley,Male,14/06/1990,kharley3w@ucla.edu,Burnside,5358 Darwin Terrace,EH52,+44 333 334 2767,University of Central Lancashire,1st,4,April 2019,Stacey Broad
142,Tiffany Gronaller,Female,07/11/1997,tgronaller3x@businesswire.com,Sheffield,267 Manitowish Point,S1,,University of Manchester,2:2,10,April 2019,Doris Bellasis
143,Winnie Waskett,Male,09/05/1997,wwaskett3y@rediff.com,Tullich,378 Hudson Center,AB55,,University of Portsmouth,2:2,2,April 2019,Rupert Ripple
144,Anabelle Masey,Female,18/05/1999,amasey3z@webmd.com,Buckland,9 Loeprich Road,CT16,+44-635-554-1574,Heriot-Watt University,2:1,24,April 2019,Stacey Broad
145,Reeva Roistone,Female,05/06/1994,rroistone40@jimdo.com,Glasgow,86426 Del Mar Hill,G4,+44-821-937-3702,,,25,April 2019,Doris Bellasis
146,Devan Claricoats,Female,,dclaricoats41@liveinternet.ru,Eaton,5438 Leroy Plaza,DN22,+44 353 458 6263,South Bank University,3rd,23,April 2019,Stacey Broad
147,Reube Launchbury,Male,05/11/1992,rlaunchbury42@hp.com,Sheffield,15130 Bay Circle,S33,+44-938-392-9433,"Royal Academy of Music, University of London",2:2,24,April 2019,Doris Bellasis
148,Arlyne McNeish,Female,02/12/1999,amcneish43@goo.ne.jp,Aston,406 Bultman Point,TF6,+44-621-667-9588,Swansea Metropolitan University,2:2,30,April 2019,Gismo Tilling
149,Janna Heyfield,Female,27/05/1992,jheyfield44@privacy.gov.au,Milton,3 West Junction,NG22,,University of East Anglia,2:1,24,April 2019,Gismo Tilling
150,Karina Ingyon,Female,02/10/1993,kingyon45@senate.gov,Wootton,7292 Luster Alley,NN4,+44 408 425 5357,,,16,April 2019,Doris Bellasis
151,Rea Lindwasser,Female,27/11/1991,rlindwasser46@topsy.com,Ford,20 Calypso Court,GL54,+44 (644) 963-5012,University of Wolverhampton,2:1,3,April 2019,Rupert Ripple
152,Miguel Bowen,Male,25/04/2000,mbowen47@java.com,Upton,132 Columbus Lane,DN21,+44 652 855 8506,London Business School,2:2,9,April 2019,Bruno Bellbrook
153,Maxy Serjent,Male,05/04/1999,mserjent48@cpanel.net,Sheffield,59 Harper Drive,S1,+44 815 933 7129,ifs University College,2:1,23,April 2019,Fifi Eton
154,Wayne Abazi,Male,,wabazi49@google.de,London,63228 Brickson Park Center,WC2H,+44 687 882 1444,University of Exeter,2:1,9,April 2019,Gismo Tilling
155,Gianina Bessent,Female,31/12/1992,gbessent4a@pcworld.com,Aberdeen,96973 Blue Bill Park Court,AB39,+44 421 969 6918,University of Essex,2:2,17,April 2019,Sunny Sladefield
156,Shay Merrgen,Male,31/08/1998,smerrgen4b@shinystat.com,Wootton,03419 Emmet Alley,NN4,+44 622 968 6377,Brunel University Uxbridge,2:2,9,April 2019,Doris Bellasis
157,Rolfe Holehouse,Male,24/01/1992,rholehouse4c@infoseek.co.jp,Upton,1 Valley Edge Alley,DN21,+44-497-958-6665,William Gilbert College,2:1,,,
158,Brendon Ferrieri,Male,01/02/1994,bferrieri4d@sakura.ne.jp,Sutton,891 Ruskin Place,CT15,+44 (566) 454-7366,Wimbledon School of Art,2:1,17,April 2019,Doris Bellasis
159,Lavena Moehler,Female,21/01/1992,lmoehler4e@123-reg.co.uk,Birmingham,197 Fair Oaks Way,B40,+44 501 366 3165,University of Salford,2:1,9,April 2019,Fifi Eton
160,Hersh Bramo,Male,05/05/1992,hbramo4f@example.com,Newton,02 Magdeline Avenue,IV1,+44 348 515 1703,University of Manchester,3rd,24,April 2019,Fifi Etton
161,Bruce Wingatt,Male,11/03/1998,bwingatt4g@csmonitor.com,Whitwell,91 Dawn Crossing,DL10,+44-876-983-3570,University of Teesside,2:1,9,April 2019,Fifi Etton
162,Ashli Mullaney,Female,05/06/1994,amullaney4h@utexas.edu,Langley,92320 Myrtle Circle,SG4,+44 (951) 674-8307,Wimbledon School of Art,2:2,17,April 2019,Doris Bellasis
163,Stavro Bartocci,Male,10/11/1998,sbartocci4i@nytimes.com,Upton,94573 Dayton Avenue,DN21,+44-668-651-0256,London School of Business & Finance,2:2,9,April 2019,Fifi Eton
164,Benedick Bernardeau,Male,16/08/1992,bbernardeau4j@macromedia.com,Newbiggin,8282 Gale Parkway,NE46,+44 (616) 109-8099,University of Bolton,2:1,2,April 2019,Stacey Broad
165,Tabby Henrych,Female,27/07/1993,thenrych4k@goo.gl,Halton,5 Oneill Plaza,LS9,+44-643-475-2717,"University of Wales, Swansea",2:2,3,April 2019,Fifi Eton
166,Zelma Newsham,Female,24/01/1996,znewsham4l@businesswire.com,Normanton,3 Jenifer Way,LE15,+44 (827) 491-1941,University of London,2:1,,,
167,Rikki Balharrie,Male,29/01/1999,rbalharrie4m@parallels.com,Leeds,1 Marquette Road,LS6,+44 667 575 3989,University of Sheffield,2:2,23,April 2019,Rupert Ripple
168,Reina Loudiane,,,rloudiane4n@wisc.edu,Upton,25661 Meadow Valley Junction,DN21,+44 747 861 8148,"Institute of Latin American Studies, University of London",2:2,16,April 2019,Doris Bellasis
169,Ellerey Shenton,Male,26/12/1996,eshenton4o@wikimedia.org,Swindon,3 Mccormick Terrace,SN1,+44-423-262-4038,"Institute of Education, University of London",3rd,17,April 2019,Sunny Sladefield
170,Jon Aries,Male,11/10/1997,jaries4p@nytimes.com,Glasgow,9 Vera Court,G4,+44-622-620-9904,London Guildhall University,2:1,4,April 2019,Fifi Etton
171,Betteanne Coat,Female,04/08/1990,bcoat4q@stanford.edu,Milton,79911 Oneill Point,NG22,+44 (587) 391-4932,University of Salford,2:1,,,
172,Virgilio Zavattieri,Male,18/01/1994,vzavattieri4r@slate.com,Weston,129 Wayridge Park,GU32,+44 (601) 870-5812,"University College London, University of London",2:2,30,April 2019,Fifi Eton
173,Hyatt Saylor,Male,02/03/1995,hsaylor4s@hhs.gov,Marston,75 Crest Line Way,ST20,+44-484-481-0881,London College of Science & Technology,2:1,,,
174,Arleen McAllan,Female,26/01/1992,,Bradford,72212 Sachtjen Street,BD7,+44 299 859 4643,University of Central Lancashire,1st,9,April 2019,Doris Bellasis
175,Deck Eannetta,Male,26/09/1994,deannetta4u@bing.com,Wirral,77594 Graceland Crossing,CH48,+44 502 611 9441,University of Southampton,2:2,4,April 2019,Sunny Sladefield
176,Dania Skellern,Female,13/03/1990,dskellern4v@ucsd.edu,Tullich,2971 Superior Hill,AB55,+44-665-496-6183,"Saint George's Hospital Medical School, University of London",2:1,23,April 2019,Bruno Bellbrook
177,Kriste Yallop,Female,19/03/1996,kyallop4w@flickr.com,Marston,60 Clarendon Park,ST20,+44-908-492-8962,Swansea Metropolitan University,3rd,24,April 2019,Sunny Sladefield
178,Uri Ingley,Male,15/08/1998,uingley4x@umich.edu,Kirkton,04 Talmadge Pass,KW10,+44 695 553 9700,University of Leeds,2:1,30,April 2019,Rupert Ripple
179,Pren Abramovicz,Male,16/08/1999,pabramovicz4y@discovery.com,Sheffield,171 Lawn Plaza,S33,+44-819-516-4400,University of Buckingham,1st,18,April 2019,Fifi Eton
180,Rowney von Hagt,Male,,rvon4z@usatoday.com,Pentre,2338 Randy Point,SY4,+44-246-118-1330,University of Southampton,2:1,4,April 2019,Stacey Broad
181,Saunderson Celli,Male,06/06/1999,scelli50@plala.or.jp,Walton,308 Coleman Park,CV35,+44 (810) 907-9555,London College of Science & Technology,2:2,,,
182,Evania Toombs,Female,13/05/2000,etoombs51@rakuten.co.jp,Birmingham,8 Center Junction,B12,+44-253-317-7054,University of Cambridge,2:1,23,April 2019,Sunny Sladefield
183,Linn Miners,Female,12/02/1994,lminers52@ezinearticles.com,Twyford,0980 Jana Junction,LE14,+44 (559) 918-9400,"Institute of Advanced Legal Studies, University of London",2:1,2,April 2019,Gismo Tilling
184,Markus Game,Male,31/08/1997,mgame53@mit.edu,Sheffield,41745 Sheridan Drive,S33,+44 520 926 9770,University of Sussex,2:2,30,April 2019,Bruno Bellbrook
185,Kalle Waine,Male,24/07/2000,kwaine54@symantec.com,Linton,393 American Ash Trail,BD23,+44 194 331 7501,"Institute of Latin American Studies, University of London",2:2,3,April 2019,Bruno Bellbrook
186,Hayward MacDunleavy,Male,01/07/1992,hmacdunleavy55@examiner.com,Kinloch,3895 Mayer Street,PH43,+44-670-347-8156,British College of Osteopathic Medicine,2:2,24,April 2019,Bruno Belbrook
187,Sydney Knightsbridge,Female,10/11/1993,sknightsbridge56@bloglovin.com,Norton,2932 Mallory Alley,NN11,+44 567 973 7156,University of Lincoln,2:1,,,
188,Huberto Vollam,Male,30/04/1996,hvollam57@mashable.com,West End,59 Hovde Circle,DN36,+44 323 267 6770,"Goldsmiths College, University of London",2:1,24,April 2019,Bruno Bellbrook
189,Abeu Bourcq,Male,02/05/1991,abourcq58@ycombinator.com,Ford,174 Jenifer Road,GL54,+44 (678) 586-0480,"School of Slavonic and East European Studies, University of London",2:2,3,April 2019,Bruno Bellbrook
190,Stella Ulster,Female,03/03/2000,sulster59@soup.io,Preston,9 John Wall Crossing,PR1,+44 (275) 410-7615,"Goldsmiths College, University of London",2:1,3,April 2019,Rupert Ripple
191,Sayer Weedon,Male,22/10/2000,,Normanton,22 Hollow Ridge Street,LE15,+44 (155) 234-1301,University of Hull,2:2,3,April 2019,Rupert Ripple
192,Chilton Niece,Male,02/10/2000,cniece5b@dion.ne.jp,Ashley,777 Sugar Pass,SN13,+44 (112) 910-4094,Newport International University,2:1,10,April 2019,Bruno Bellbrook
193,Joyce Turbitt,Female,10/12/1999,jturbitt5c@webs.com,London,4 Waxwing Junction,W1F,+44 (878) 716-4761,"Royal College of Music, University of London",2:2,3,April 2019,Rupert Ripple
194,Lorianne Potticary,Female,11/05/2000,lpotticary5d@gizmodo.com,Denton,47599 Sheridan Court,M34,+44 739 822 8541,Roehampton University of Surrey,3rd,24,April 2019,Bruno Bellbrook
195,Palmer Zanicchi,Male,23/12/1997,pzanicchi5e@hao123.com,Charlton,6 Larry Trail,OX12,+44 516 548 8304,University of Bristol,2:1,23,April 2019,Sunny Sladefield
196,Felice Culkin,Female,28/01/1997,fculkin5f@wiley.com,Sutton,894 Upham Pass,RH5,+44-590-575-4472,"London School of Hygiene & Tropical Medicine, University of London",2:1,18,April 2019,Stacey Broad
197,Josselyn O'Sheils,Female,21/05/1996,josheils5g@blogtalkradio.com,Belfast,3 Pierstorff Point,BT2,,European School of Economics,2:1,4,April 2019,Sunny Sladefield
198,Harmon Jaggi,Male,12/04/1998,hjaggi5h@nsw.gov.au,Sheffield,3 Golf View Parkway,S1,,University of Exeter,3rd,4,April 2019,Fifi Etton
199,Matilda Dionsetto,Female,,mdionsetto5i@salon.com,London,451 Heath Park,WC2H,+44-882-961-2990,Royal College of Art,2:1,,,
200,Daisy Brims,Female,13/02/1990,dbrims5j@acquirethisname.com,Charlton,23107 Springview Alley,OX12,+44 263 864 8123,Warnborough University,1st,4,April 2019,Sunny Sladefield
201,Lockwood Hand,Male,01/12/1994,lhand5k@seattletimes.com,Norton,84 Fulton Way,NN11,+44-141-398-0898,Glasgow Caledonian University,3rd,,,
202,Eda Banner,Female,11/12/1994,ebanner5l@state.tx.us,Seaton,409 Center Lane,LE15,+44 698 573 1040,University of Sunderland,2:1,10,April 2019,Bruno Bellbrook
203,Donalt Savary,Male,28/09/1997,dsavary5m@domainmarket.com,Merton,5643 Roth Point,SW19,+44 (821) 488-4838,Newport International University,2:1,10,April 2019,Gismo Tilling
204,Hubie Surgood,Male,09/01/1996,hsurgood5n@scientificamerican.com,Hatton,285 Elmside Plaza,CV35,+44-671-539-8942,"Schiller International University, London",2:1,11,April 2019,Sunny Sladefield
205,Ase Fenn,Male,24/02/1993,afenn5o@state.gov,Birmingham,67980 Sheridan Street,B12,+44 191 659 5965,London School of Business & Finance,1st,9,April 2019,Bruno Bellbrook
206,Grazia Leyson,Female,15/08/1993,gleyson5p@omniture.com,Hatton,1119 Clarendon Court,CV35,+44 408 533 5593,Heriot-Watt University,3rd,,,
207,Lalo Halton,,27/12/1994,lhalton5q@topsy.com,Langley,32236 Glacier Hill Crossing,SG4,+44 763 938 4047,University of Greenwich,2:1,9,April 2019,Stacey Broad
208,Prudy Jouannin,Female,12/12/1997,pjouannin5r@state.gov,West End,3 Cottonwood Avenue,DN36,+44 (299) 675-7463,University Campus Suffolk,1st,2,April 2019,Gismo Tilling
209,Paco St Ange,Male,27/10/1994,pst5s@woothemes.com,Sutton,732 Monica Way,RH5,+44-890-784-8066,"Warburg Institute, University of London",3rd,11,April 2019,Fifi Etton
210,Klarika Grodden,Female,05/08/1990,kgrodden5t@google.cn,Twyford,629 Golf View Plaza,LE14,+44-302-774-5948,University of Northumbria at Newcastle,2:2,24,April 2019,Gismo Tilling
211,Karlene McDermott-Row,Female,24/02/1995,kmcdermottrow5u@shareasale.com,Edinburgh,45425 Autumn Leaf Center,EH9,+44 849 579 4267,University of Plymouth,3rd,16,April 2019,Rupert Ripple
212,Baron Freschi,Male,06/12/1991,bfreschi5v@msu.edu,Upton,59486 Oriole Center,DN21,+44 802 623 9499,University of East Anglia,2:2,4,April 2019,Rupert Ripple
213,Cinderella Chedzoy,Female,28/10/1996,cchedzoy5w@umn.edu,Norton,0 Mifflin Hill,NN11,+44 (655) 463-3241,,,3,April 2019,Doris Bellasis
214,Tanya Altofts,Female,26/10/1993,,Burnside,589 Westport Street,EH52,+44 (204) 182-3411,American InterContinental University - London,2:1,24,April 2019,Bruno Belbrook
215,Kitty Triggol,Female,11/09/1993,,Bradford,0 Nova Parkway,BD7,+44 (512) 191-9512,"Institute of Latin American Studies, University of London",2:2,9,April 2019,Stacey Broad
216,Amerigo Graysmark,Male,22/01/1991,agraysmark5z@pbs.org,Whitchurch,486 Vermont Plaza,BS14,+44 (781) 293-7150,University of Liverpool,2:2,2,April 2019,Rupert Ripple
217,Flss Whittle,Female,26/05/1991,fwhittle60@google.com,Charlton,3779 Coolidge Junction,OX12,,"School of Oriental and African Studies, University of London",2:2,25,April 2019,Rupert Ripple
218,Forbes Scimoni,Male,02/01/1992,fscimoni61@photobucket.com,Weston,6 Acker Junction,GU32,+44-875-646-6193,Cranfield University,2:1,11,April 2019,Bruno Bellbrook
219,Rochell Reston,Female,18/10/1999,rreston62@ca.gov,Dean,6 Chinook Pass,OX7,+44-940-712-6802,De Montfort University Leicester,2:2,3,April 2019,Rupert Ripple
220,Bryn Gianilli,Female,14/04/2000,bgianilli63@cargocollective.com,London,12 Delaware Trail,EC1V,+44 (260) 922-5381,University of Brighton,2:2,30,April 2019,Bruno Belbrook
221,Aggy Alessandrucci,Female,01/04/1996,aalessandrucci64@latimes.com,Milton,2985 Dunning Plaza,AB56,+44 (962) 159-7208,University of Derby,2:2,11,April 2019,Stacey Broad
222,Kevan Elsey,Male,12/04/1998,kelsey65@photobucket.com,Liverpool,55 Maple Alley,L33,+44-553-438-2531,London Institute of Management and Technology,1st,30,April 2019,Stacey Broad
223,Marga Henryson,Female,28/07/1990,mhenryson66@cnn.com,Charlton,21835 Golf Course Street,OX12,+44 432 235 9296,University of Greenwich,3rd,30,April 2019,Rupert Ripple
224,Haroun McCrohon,Male,07/03/1994,hmccrohon67@privacy.gov.au,Ashley,8851 Farmco Pass,SN13,+44 (143) 845-3632,University of Manchester,2:2,18,April 2019,Bruno Bellbrook
225,Oralle Kose,,05/04/1992,okose68@ihg.com,Aston,3 Spohn Parkway,TF6,+44-828-960-7404,"Institute of Advanced Legal Studies, University of London",1st,10,April 2019,Bruno Bellbrook
226,Emiline Bolderoe,Female,19/06/1998,ebolderoe69@nasa.gov,Thorpe,5525 Karstens Avenue,BD23,,"Courtauld Institute of Art, University of London",3rd,25,April 2019,Sunny Sladefield
227,Stacie Heads,Female,15/03/1990,sheads6a@uiuc.edu,Wootton,11 Merry Road,NN4,+44 (124) 698-9793,Newport International University,2:2,16,April 2019,Fifi Etton
228,Erik Gervaise,Male,19/07/1991,egervaise6b@wunderground.com,West End,8811 Barnett Drive,DN36,+44-461-278-3421,"Institute of Classical Studies, University of London",2:1,3,April 2019,Fifi Eton
229,Aldridge Du Fray,Male,17/09/2000,adu6c@omniture.com,Norton,2091 Hauk Junction,NN11,+44 858 187 8680,"Institute of Germanic Studies, University of London",2:2,30,April 2019,Fifi Eton
230,Elliot Ruckert,Male,01/09/1995,eruckert6d@spotify.com,Middleton,455 Victoria Way,LE16,+44 (328) 588-5338,"Institute of Advanced Legal Studies, University of London",2:2,18,April 2019,Stacey Broad
231,Sergei Kenrick,Male,16/10/1993,skenrick6e@yelp.com,Preston,3 Lunder Point,PR1,+44 978 141 6232,Cardiff University,3rd,3,April 2019,Doris Bellasis
232,Audra Davsley,Female,08/04/1991,adavsley6f@seattletimes.com,Leeds,46 Dexter Plaza,LS6,+44-479-358-7197,"Institute of Latin American Studies, University of London",2:2,,,
233,FLORENCE JOSEPH,Female,05/04/1992,fjoseph6g@php.net,Brampton,800 Columbus Road,NR34,+44-213-730-8171,William Gilbert College,2:2,24,April 2019,Stacey Broad
234,Lavinie de Quesne,Female,05/06/1999,,Seaton,6992 Hovde Circle,LE15,+44-557-114-5001,London Metropolitan University,2:1,2,April 2019,Stacey Broad
235,Wileen Tolley,Female,14/05/1991,wtolley6i@hhs.gov,Leeds,56662 Norway Maple Street,LS6,+44-397-694-3642,University of Brighton,2:2,9,April 2019,Rupert Ripple
236,Othilia Skypp,Female,22/12/1990,oskypp6j@yahoo.com,Edinburgh,34 Dawn Drive,EH9,+44 116 690 2916,"Royal Academy of Music, University of London",2:1,18,April 2019,Stacey Broad
237,Susette Tregunnah,Female,10/07/1998,,Marston,9 Springview Street,ST20,+44-896-655-1155,University of Exeter,2:2,3,April 2019,Fifi Etton
238,Vernor Farrance,Male,31/07/1994,vfarrance6l@friendfeed.com,Aberdeen,8817 Eggendart Avenue,AB39,+44 378 750 8205,Glasgow School of Art,2:2,10,April 2019,Rupert Ripple
239,Burgess Allans,Male,03/03/1999,ballans6m@eventbrite.com,Brampton,098 Express Trail,NR34,+44-926-599-8209,University of Surrey,3rd,,,
240,Winnifred Outright,Female,12/11/1993,woutright6n@networkadvertising.org,Kinloch,89125 Rockefeller Junction,PH43,+44 347 758 5101,"Institute of Advanced Legal Studies, University of London",2:1,25,April 2019,Stacey Broad
241,Dillon Gemnett,Male,15/04/1993,dgemnett6o@imdb.com,Ashley,678 Anzinger Junction,SN13,+44 444 628 4424,"Institute of Latin American Studies, University of London",2:1,16,April 2019,Fifi Eton
242,Elliot Howarth,Male,01/09/1996,ehowarth6p@google.com.au,Linton,243 Homewood Way,BD23,+44-966-784-4889,Newport International University,2:2,23,April 2019,Fifi Eton
243,Guinna Garford,Female,07/05/1999,ggarford6q@msn.com,Birmingham,51382 Duke Hill,B40,+44 (643) 689-4544,University Campus Suffolk,2:2,17,April 2019,Gismo Tilling
244,Gunilla Davidi,Female,14/09/2000,gdavidi6r@trellian.com,Bradford,8 Rusk Alley,BD7,+44 844 681 3047,University of Strathclyde,2:1,24,April 2019,Gismo Tilling
245,Barbey Rickertsen,Female,29/01/2000,brickertsen6s@storify.com,Upton,40 Manley Road,WF9,+44 790 442 5635,University of Paisley,2:2,30,April 2019,Gismo Tilling
246,Salvidor Cully,Male,04/06/1994,scully6t@jalbum.net,London,71298 6th Point,W1F,,"London School of Hygiene & Tropical Medicine, University of London",2:2,10,April 2019,Doris Bellasis
247,Ivett Pote,Female,28/04/1992,ipote6u@bing.com,Milton,4 Delaware Parkway,NG22,+44-546-935-1345,International Colleges of Islamic Science,1st,18,April 2019,Rupert Ripple
248,Barry Bassett,Female,04/01/1998,bbassett6v@statcounter.com,Hatton,32530 Mcbride Place,CV35,+44-982-679-8829,University of Leicester,2:1,3,April 2019,Fifi Etton
249,Bailey Antrim,Male,29/08/1998,bantrim6w@dropbox.com,Wirral,63522 Del Sol Center,CH48,+44 687 545 8663,"University of Wales, Bangor",2:1,25,April 2019,Stacey Broad
250,Emeline Feasley,Female,20/02/1995,efeasley6x@oracle.com,Norton,96187 Westend Crossing,S8,+44-632-868-4271,Birmingham City University,2:2,,,
251,Haywood Sandeford,Male,30/07/1997,hsandeford6y@sbwire.com,Sutton,5418 Farmco Crossing,CT15,+44 648 372 6197,"University College London, University of London",2:1,4,April 2019,Bruno Bellbrook
252,Leonid Coule,Male,19/11/2000,lcoule6z@economist.com,Horton,4243 Loftsgordon Place,BS37,+44 (917) 185-6967,"Birkbeck College, University of London",3rd,30,April 2019,Rupert Ripple
253,Ninette Borrel,Female,18/10/1998,nborrel70@hhs.gov,Newton,297 Katie Place,IV1,+44-569-768-7069,Falmouth University,2:2,10,April 2019,Bruno Bellbrook
254,Phyllida McDiarmid,Female,03/02/2000,pmcdiarmid71@nsw.gov.au,Wootton,51656 Clyde Gallagher Trail,NN4,+44 376 585 4017,"University of Wales, Newport",2:1,25,April 2019,Doris Bellasis
255,Atlante Brewins,Female,06/06/1995,abrewins72@telegraph.co.uk,Kinloch,0 Warbler Trail,PH43,+44 (957) 874-8859,"Institute of Commonwealth Studies, University of London",2:2,25,April 2019,Rupert Ripple
256,Darby Cracknall,Male,27/01/1998,dcracknall73@ycombinator.com,Newton,8 Hauk Place,NG34,+44-604-880-8058,European School of Economics,2:1,,,
257,Vivien Beiderbeck,Female,19/11/1991,vbeiderbeck74@soup.io,Bradford,007 Maple Wood Trail,BD7,,Richmond University - The American International University in London,2:1,2,April 2019,Bruno Bellbrook
258,Harmon Chasemore,Male,19/06/1991,hchasemore75@virginia.edu,Burnside,09067 Melrose Lane,EH52,+44-265-601-5699,University of Worcester,2:2,9,April 2019,Rupert Ripple
259,Nicola Gloyens,Female,12/05/1994,ngloyens76@scientificamerican.com,Newton,631 Kenwood Plaza,IV1,+44 948 933 0152,,,11,April 2019,Doris Bellasis
260,Suzy Blaisdell,Female,14/06/1992,sblaisdell77@cbc.ca,Dean,59 Blaine Parkway,OX7,+44-427-593-1763,Staffordshire University,2:1,17,April 2019,Gismo Tilling
261,Clementia Vickar,Female,02/03/1995,cvickar78@altervista.org,Merton,67990 Bonner Way,SW19,,University of Westminster,2:2,,,
262,Todd Kohnert,Male,24/03/1993,tkohnert79@shinystat.com,Horton,89026 Cardinal Center,BS37,+44-303-489-9188,University of Worcester,3rd,10,April 2019,Stacey Broad
263,Gunter Marzellano,Male,15/12/1994,gmarzellano7a@hhs.gov,Pentre,110 Calypso Way,SY4,+44 974 203 2734,Falmouth University,2:1,10,April 2019,Gismo Tilling
264,Shanda Glanester,Female,03/02/1994,sglanester7b@github.io,Glasgow,250 Blaine Place,G4,+44 783 284 2248,University of Salford,2:1,23,April 2019,Stacey Broad
265,Flo McSparran,Female,02/12/2000,fmcsparran7c@ucoz.ru,Ford,04867 Nova Parkway,GL54,+44 367 190 8592,,,4,April 2019,Fifi Etton
266,Enrique Garside,,17/12/2000,egarside7d@huffingtonpost.com,Dean,4 MOCKINGBIRD PASS,OX7,+44 (785) 426-9258,"Institute of Education, University of London",2:1,10,April 2019,Rupert Ripple
267,Viv Newby,Female,16/06/1993,vnewby7e@jigsy.com,Upton,72486 Warrior Center,DN21,,University of York,1st,11,April 2019,Fifi Etton
268,Odetta Armfield,Female,11/11/1993,,Leeds,06494 Duke Crossing,LS6,+44 166 623 4378,Falmouth University,2:1,,,
269,Hilda Winkett,Female,27/04/1995,hwinkett7g@uol.com.br,Newport,71024 Dakota Pass,NR29,+44-657-782-2273,Heriot-Watt University,2:2,10,April 2019,Rupert Ripple
270,Palm Jakovijevic,Male,09/05/1999,pjakovijevic7h@topsy.com,London,77403 Clove Crossing,EC3M,+44 (948) 486-9721,Brunel University Uxbridge,2:2,9,April 2019,Gismo Tilling
271,Herold Dionisetto,Male,29/05/1990,hdionisetto7i@reuters.com,Buckland,97 Ruskin Trail,CT16,+44 (851) 330-2493,Brunel University Uxbridge,2:1,30,April 2019,Gismo Tilling
272,Darb Noor,Female,29/06/1998,dnoor7j@dropbox.com,Liverpool,51894 Moland Terrace,L33,+44 (584) 434-4800,"Institue of Historical Research, University of London",2:1,4,April 2019,Fifi Eton
273,Flore Drake,Female,13/04/1996,fdrake7k@dailymail.co.uk,Church End,31719 Sherman Terrace,CB4,+44 (364) 621-1179,University of Bath,2:2,30,April 2019,Rupert Ripple
274,Lynea Fitzsymon,Female,01/07/1992,lfitzsymon7l@spiegel.de,Hatton,212 Nobel Pass,CV35,+44 (874) 519-2801,University of Strathclyde,2:2,9,April 2019,Rupert Ripple
275,Meredithe Ullyatt,Female,19/06/1999,mullyatt7m@domainmarket.com,Edinburgh,07 Pearson Plaza,EH9,+44 805 910 5083,Cardiff University,2:1,23,April 2019,Gismo Tilling
276,Templeton Krzysztofiak,Male,05/05/2000,tkrzysztofiak7n@bluehost.com,Ford,266 Di Loreto Hill,GL54,+44-815-294-7912,University of Chester,2:1,25,April 2019,Stacey Broad
277,Gradey Connor,Male,02/07/1995,gconnor7o@dailymotion.com,Linton,356 Twin Pines Circle,BD23,+44-345-981-7665,"King's College London, University of London",3rd,17,April 2019,Rupert Ripple
278,Guthrie Klebes,Male,06/10/1994,gklebes7p@mtv.com,Milton,27 Oriole Avenue,AB56,+44-633-573-4896,University of Leicester,2:1,23,April 2019,Sunny Sladefield
279,Brion Grishechkin,Male,09/09/1990,bgrishechkin7q@unicef.org,Upton,6600 Forest Parkway,DN21,,University of Edinburgh,2:2,3,April 2019,Fifi Etton
280,Rosanna Berkely,Female,05/04/1990,rberkely7r@nature.com,Kingston,61 Gale Drive,DT10,+44-274-361-6848,Trinity College Carmarthen,2:1,11,April 2019,Rupert Ripple
281,Daniela Raffan,Female,22/08/1996,draffan7s@sitemeter.com,Belfast,51797 Fair Oaks Center,BT2,+44 (200) 247-4696,University of Bath,2:1,24,April 2019,Bruno Bellbrook
282,Jimmy Sand,Male,,jsand7t@wufoo.com,Twyford,347 Cascade Hill,LE14,+44 251 400 2065,University of Wales College of Medicine,2:1,9,April 2019,Sunny Sladefield
283,Billie Sinkings,Female,17/06/1997,bsinkings7u@squidoo.com,Twyford,71824 Redwing Street,LE14,+44 (333) 361-1520,"Warburg Institute, University of London",2:1,23,April 2019,Gismo Tilling
284,Mamie Sperrett,Female,17/06/1999,msperrett7v@berkeley.edu,Pentre,23486 Mayer Plaza,SY4,+44 (576) 966-4089,University of Southampton,2:1,23,April 2019,Doris Bellasis
285,Roda Tours,Female,27/05/1994,rtours7w@wikipedia.org,Brampton,2 Dorton Lane,NR34,+44 315 658 0328,"Institute of Commonwealth Studies, University of London",2:2,23,April 2019,Bruno Bellbrook
286,Merline Woolf,Female,17/06/1997,,Middleton,05059 Leroy Hill,LE16,+44 987 389 2776,University of Warwick,2:1,,,
287,Idelle Pidgeley,Female,04/12/1991,ipidgeley7y@engadget.com,Eaton,892 Muir Circle,DN22,+44 (765) 249-3336,,,25,April 2019,Gismo Tilling
288,Adah Spencers,Female,13/04/1998,aspencers7z@earthlink.net,Marston,45 Burning Wood Park,ST20,+44-281-890-1382,University of Liverpool,2:1,4,April 2019,Rupert Ripple
289,Teodora Redwood,Female,,tredwood80@biglobe.ne.jp,Marston,674 Carberry Circle,ST20,+44-540-814-9158,"Royal Free Hospital School of Medicine, University of London",2:2,25,April 2019,Stacey Broad
290,Sibley Anderton,Female,09/06/1998,sanderton81@umich.edu,Weston,4 High Crossing Pass,GU32,+44 286 679 5794,Liverpool John Moores University,3rd,9,April 2019,Fifi Eton
291,Ruth Harnor,Female,17/11/1991,rharnor82@stumbleupon.com,Sheffield,2 Bunting Court,S33,+44 (621) 508-8685,University of Buckingham,2:1,24,April 2019,Fifi Eton
292,Mordecai Chamberlin,Male,,mchamberlin83@japanpost.jp,Ford,419 Luster Lane,GL54,+44-605-613-8448,"School of Pharmacy, University of London",2:2,9,April 2019,Rupert Ripple
293,Teddi Junifer,Female,12/11/1998,tjunifer84@yandex.ru,Twyford,9 Morning Avenue,LE14,+44-962-425-0454,Middlesex University,3rd,2,April 2019,Gismo Tilling
294,Gillan Rosendorf,Female,23/01/1990,grosendorf85@ameblo.jp,Twyford,650 Novick Street,LE14,+44 (347) 317-5976,University of Worcester,1st,23,April 2019,Doris Bellasis
295,Chloette Van Weedenburg,Female,03/11/1999,cvan86@yellowbook.com,Eaton,09 Hansons Road,DN22,+44 (837) 747-4385,University of Newcastle-upon-Tyne,1st,16,April 2019,Doris Bellasis
296,Daphne Bailiss,Female,07/10/1990,dbailiss87@vinaora.com,Leeds,66971 6th Center,LS6,+44 (626) 708-0272,University of Bradford,2:2,,,
297,Gabbie Over,Male,04/10/1998,gover88@xing.com,Craigavon,005 Artisan Court,BT66,+44 812 541 2235,Liverpool Hope University College,3rd,4,April 2019,Bruno Bellbrook
298,Arlen Meacher,Male,03/12/1997,ameacher89@clickbank.net,Linton,09442 Rusk Circle,BD23,+44 598 739 0708,University of Worcester,2:2,11,April 2019,Fifi Eton
299,Gunter Catto,Male,16/01/1999,gcatto8a@ftc.gov,London,67967 Mendota Circle,SW1E,+44 (985) 847-2684,"King's College London, University of London",1st,3,April 2019,Rupert Ripple
300,Law Massen,Male,13/02/1996,lmassen8b@4shared.com,London,929 Elgar Pass,EC1V,+44 (590) 197-4025,Cranfield University,2:1,30,April 2019,Fifi Etton
301,Leigha Pafford,Female,08/03/1997,lpafford8c@amazon.co.uk,London,2 Spohn Lane,WC2H,+44 639 779 1489,"Institute of Commonwealth Studies, University of London",3rd,11,April 2019,Bruno Bellbrook
302,Isidro Charlson,Male,05/12/1998,icharlson8d@geocities.com,Liverpool,48 Bellgrove Circle,L33,+44-670-923-0598,"King's College London, University of London",1st,,,
303,Giles De Angelis,Male,31/12/1995,gde8e@fastcompany.com,Liverpool,7 Dahle Lane,L33,+44 422 181 1215,Loughborough University,2:1,10,April 2019,Doris Bellasis
304,Kala Franzini,Female,17/09/1994,kfranzini8f@time.com,Upton,2 Fairview Pass,DN21,+44 976 897 1198,Roehampton University of Surrey,2:1,10,April 2019,Fifi Etton
305,Davey McDowell,,27/05/1998,dmcdowell8g@howstuffworks.com,London,721 Oak Valley Drive,W1F,+44 (295) 516-4806,"School of Oriental and African Studies, University of London",2:2,10,April 2019,Fifi Etton
306,Bud Carletto,Male,08/07/1997,bcarletto8h@tumblr.com,Belfast,3763 Daystar Point,BT2,+44 (466) 369-2113,University of Hull,2:1,4,April 2019,Doris Bellasis
307,Carlyn Durram,Female,14/03/1995,cdurram8i@webnode.com,Glasgow,052 David Junction,G4,+44 (467) 834-8140,Sheffield Hallam University,3rd,17,April 2019,Fifi Etton
308,Meagan Osmon,Female,31/08/1997,mosmon8j@ycombinator.com,Aberdeen,1 Harper Hill,AB39,+44 122 385 6710,"School of Slavonic and East European Studies, University of London",2:2,23,April 2019,Fifi Etton
309,Deana Legonidec,Female,30/07/1992,dlegonidec8k@dion.ne.jp,Marston,5 Straubel Park,ST20,+44-660-482-2090,University of Buckingham,2:2,25,April 2019,Rupert Ripple
310,Wileen Reckus,Female,11/10/1999,wreckus8l@dot.gov,Pentre,21 Logan Alley,SY4,+44-459-808-9495,University of St. Andrews,1st,24,April 2019,Gismo Tilling
311,Wilmer Gealle,Male,22/06/1999,wgealle8m@sbwire.com,Kinloch,3139 Gerald Terrace,PH43,+44-848-405-3043,"London School of Hygiene & Tropical Medicine, University of London",2:1,24,April 2019,Stacey Broad
312,Shirl Bould,Female,23/04/1992,sbould8n@aboutads.info,Belfast,32 Eggendart Plaza,BT2,+44 (408) 898-1694,Stratford College London,2:1,3,April 2019,Doris Bellasis
313,Sunny Menat,Female,,,Ashley,6772 Haas Place,SN13,+44 (817) 304-5604,"Royal Academy of Music, University of London",2:1,4,April 2019,Rupert Ripple
314,Jannel Staden,Female,12/06/1990,jstaden8p@topsy.com,Horton,53 3rd Point,BS37,+44 (200) 769-5591,Roehampton University of Surrey,3rd,,,
315,Angus Tuddenham,Male,30/08/1996,atuddenham8q@illinois.edu,Charlton,4457 Bonner Terrace,OX12,+44-456-430-8102,Keele University,2:2,,,
316,Warde Zecchinii,Male,31/08/1992,wzecchinii8r@house.gov,Kingston,480 Lakewood Gardens Avenue,DT10,+44-309-887-1377,University of York,2:2,24,April 2019,Rupert Ripple
317,Warren Willerstone,Male,20/05/1996,wwillerstone8s@quantcast.com,Weston,13 Stuart Trail,GU32,+44 198 517 3180,University of Reading,2:2,,,
318,Cati Von Salzberg,Female,07/04/1995,cvon8t@posterous.com,Manchester,4219 Boyd Alley,M14,+44-365-142-0560,Huron University USA in London,2:1,25,April 2019,Fifi Etton
319,Scot Rankine,Male,13/06/1996,srankine8u@shop-pro.jp,Newton,8 Dixon Point,NG34,+44 (945) 282-9626,Canterbury Christ Church University,3rd,2,April 2019,Stacey Broad
320,Amalea Tysack,Female,06/07/1998,atysack8v@ovh.net,Aston,800 Artisan Lane,TF6,+44 (588) 269-0995,Swansea Metropolitan University,1st,11,April 2019,Rupert Ripple
321,Michele Lawtie,Male,26/10/1992,mlawtie8w@tripod.com,Wirral,742 Buell Way,CH48,+44-314-753-8398,"St.Patrick's International College, London",2:1,24,April 2019,Rupert Ripple
322,Mickey Lamport,Male,31/05/1993,mlamport8x@si.edu,London,7 Prairie Rose Junction,WC2H,+44 (192) 821-2706,"London School of Hygiene & Tropical Medicine, University of London",2:1,10,April 2019,Rupert Ripple
323,Bart Bouttell,Male,23/06/1992,,Walton,133 Waywood Terrace,CV35,+44 (109) 600-0119,University of Surrey,1st,9,April 2019,Gismo Tilling
324,Thatcher Frankish,Male,,tfrankish8z@hud.gov,Marston,277 Eggendart Road,ST20,+44 731 777 8034,Heriot-Watt University,2:1,18,April 2019,Rupert Ripple
325,Myrna Bonafant,Female,21/04/1996,mbonafant90@printfriendly.com,Twyford,1 Ridgeway Court,LE14,+44-261-423-1353,"University of Wales Institute, Cardiff",2:2,10,April 2019,Sunny Sladefield
326,Valida Ketchaside,Female,06/06/1995,vketchaside91@rediff.com,Brampton,09 Moulton Pass,NR34,+44 (551) 406-9881,University of Lincoln,2:2,2,April 2019,Gismo Tilling
327,Biddy Rapps,,,brapps92@dedecms.com,Charlton,905 Acker Street,OX12,+44-769-817-1370,City University,2:1,17,April 2019,Rupert Ripple
328,Jarib Rayhill,Male,21/10/1990,jrayhill93@usa.gov,Sheffield,55 Sunfield Plaza,S33,+44 617 860 6399,Trinity College Carmarthen,2:2,25,April 2019,Rupert Ripple
329,Lanny Esposita,Female,06/12/1996,lesposita94@nasa.gov,Liverpool,240 Duke Court,L74,+44-805-341-8240,Royal College of Art,2:1,25,April 2019,Sunny Sladefield
330,Bibbie Larsen,Female,09/02/2000,blarsen95@addtoany.com,Charlton,5 Kenwood Road,OX12,+44-676-109-7311,Wimbledon School of Art,2:2,,,
331,Lise Wildman,Female,20/04/1997,lwildman96@cyberchimps.com,London,5 Hansons Center,WC2H,+44 508 997 4728,"Birkbeck College, University of London",2:2,9,April 2019,Gismo Tilling
332,Joycelin Doerffer,Female,17/12/1992,jdoerffer97@reference.com,Church End,85783 Sachtjen Crossing,N3,+44 160 574 7903,University of London,2:1,18,April 2019,Rupert Ripple
333,Remington Hensmans,Male,05/12/1995,rhensmans98@github.io,London,58 Ruskin Circle,WC2H,+44 (243) 382-9214,"University of the West of England, Bristol",2:2,4,April 2019,Sunny Sladefield
334,Guillemette Fibbit,Female,,gfibbit99@unblog.fr,Sutton,15660 Melody Pass,RH5,+44 (288) 654-4508,University of Birmingham,2:1,23,April 2019,Doris Bellasis
335,Monty Hillam,,30/10/1996,mhillam9a@msn.com,London,6792 Nevada Street,WC1B,+44 325 381 5509,University of North London,2:2,10,April 2019,Rupert Ripple
336,Konstantine Badsey,Male,13/05/1999,kbadsey9b@ask.com,Middleton,0 Southridge Junction,LE16,+44 (769) 880-6007,University of Surrey,2:1,25,April 2019,Doris Bellasis
337,Thea Labbey,Female,29/04/1997,tlabbey9c@cdc.gov,Church End,9299 Anniversary Hill,CB4,+44 (308) 565-5678,City University,2:2,17,April 2019,Doris Bellasis
338,AUBERTA RUDDICK,Female,17/12/1990,aruddick9d@ycombinator.com,Charlton,586 Mayfield Point,OX12,,"University of Wales, Bangor",2:2,11,April 2019,Stacey Broad
339,Louise Dowse,Female,04/12/1991,ldowse9e@flickr.com,Upton,6 Comanche Street,WF9,+44-399-201-5373,The Manchester Metropolitan University,2:1,16,April 2019,Sunny Sladefield
340,Yelena Kelleway,Female,12/03/1991,ykelleway9f@ow.ly,Edinburgh,88 Boyd Center,EH9,+44 (556) 818-9444,University of Greenwich,3rd,16,April 2019,Sunny Sladefield
341,Luke Able,Male,20/12/1999,,London,580 Center Drive,EC3M,+44 603 360 9434,"Institute of Commonwealth Studies, University of London",2:2,10,April 2019,Bruno Bellbrook
342,Ave Waudby,Male,28/05/1995,awaudby9h@squarespace.com,Sutton,8 Sycamore Alley,RH5,+44-363-759-6098,University of Brighton,2:1,25,April 2019,Gismo Tilling
343,Rockey Pietesch,Male,07/11/1992,rpietesch9i@sourceforge.net,Newport,058 Arkansas Pass,NR29,+44 (360) 405-2625,Falmouth University,2:2,3,April 2019,Sunny Sladefield
344,Annemarie Dulinty,Female,23/01/1996,adulinty9j@wiley.com,Kirkton,873 Redwing Point,KW10,+44 (351) 156-1302,"University of the West of England, Bristol",2:2,17,April 2019,Gismo Tilling
345,Bourke Caudrey,Male,08/12/1997,bcaudrey9k@infoseek.co.jp,,,,+44 981 673 6557,Imperial College London,2:1,2,April 2019,Bruno Bellbrook
346,Felicia Annion,Female,29/11/1996,fannion9l@people.com.cn,London,32948 Erie Point,WC1B,+44 (672) 202-3963,Open University,2:1,18,April 2019,Gismo Tilling
347,Pearce Maxwale,Male,26/07/1990,pmaxwale9m@cam.ac.uk,Belfast,4 Cardinal Crossing,BT2,+44 (574) 191-3315,British College of Osteopathic Medicine,1st,4,April 2019,Fifi Etton
348,Scarface Loade,Male,14/02/1990,sloade9n@free.fr,Milton,7105 Autumn Leaf Place,NG22,+44 (949) 568-9092,The American University in London,2:1,,,
349,ISABELITA ALEXANDROU,Female,16/03/1996,ialexandrou9o@tuttocitta.it,Newton,7 Kropf Court,NG34,+44 484 519 0481,Warnborough University,3rd,16,April 2019,Fifi Etton
350,Kristin Munson,Female,30/01/1990,kmunson9p@istockphoto.com,Horton,5925 Merry Hill,BS37,+44-409-617-9009,University of Exeter,2:2,3,April 2019,Rupert Ripple
351,Kathlin Gibling,Female,27/04/1996,kgibling9q@paginegialle.it,London,0483 Hauk Road,EC1V,+44 (224) 711-8388,Imperial College London,1st,11,April 2019,Fifi Eton
352,Tiffie Barenskie,Female,11/11/1994,tbarenskie9r@nbcnews.com,Twyford,47957 Knutson Pass,LE14,+44 (133) 556-8191,Liverpool Hope University College,1st,4,April 2019,Sunny Sladefield
353,Thea Persey,Female,08/01/1995,tpersey9s@ask.com,Craigavon,2025 Carberry Plaza,BT66,+44 695 657 3999,University of Bedfordshire,3rd,4,April 2019,Sunny Sladefield
354,Latisha Ibel,Female,05/06/1990,libel9t@sun.com,Milton,46 Charing Cross Plaza,AB56,+44 293 995 8947,University of Paisley,3rd,3,April 2019,Rupert Ripple
355,Howie Haith,Male,19/07/1992,hhaith9u@phoca.cz,Seaton,03282 Golden Leaf Trail,LE15,+44 156 550 4641,"Institute of Classical Studies, University of London",2:2,2,April 2019,Sunny Sladefield
356,Beth Tiner,Female,07/07/1996,btiner9v@gravatar.com,East End,2 Springs Junction,BH21,+44 (571) 525-8071,"School of Slavonic and East European Studies, University of London",2:1,17,April 2019,Doris Bellasis
357,Josselyn Kaindl,Female,22/07/1995,jkaindl9w@w3.org,London,4 Dexter Center,EC1V,+44 100 482 4529,London Guildhall University,1st,2,April 2019,Stacey Broad
358,Fidela Dallywater,Female,06/05/1997,fdallywater9x@unesco.org,Liverpool,1 Bluejay Parkway,L74,+44-889-534-6585,"Royal Free Hospital School of Medicine, University of London",3rd,25,April 2019,Doris Bellasis
359,Berry Codd,Female,20/06/1997,bcodd9y@about.com,Milton,68005 Oriole Circle,NG22,+44-239-326-6262,University of Newcastle-upon-Tyne,3rd,4,April 2019,Gismo Tilling
360,Kariotta Barense,Female,25/12/1997,kbarense9z@nbcnews.com,Newton,58 Nelson Terrace,NG34,+44 173 699 2375,Stratford College London,1st,9,April 2019,Fifi Eton
361,Dickie Kearton,Male,30/03/1996,dkeartona0@cam.ac.uk,Burnside,49 Del Mar Lane,EH52,+44-602-604-2126,University of Surrey,1st,16,April 2019,Fifi Eton
362,Garnette Zanussii,Female,21/10/1997,gzanussiia1@webs.com,Walton,46017 Anthes Hill,CV35,+44 (284) 847-4478,Cardiff University,2:1,24,April 2019,Sunny Sladefield
363,Knox McGraw,Male,09/09/1996,kmcgrawa2@google.cn,Newtown,5236 Spaight Avenue,RG20,,University of North London,2:1,30,April 2019,Gismo Tilling
364,Parke Coulthurst,Male,30/10/1991,pcoulthursta3@chicagotribune.com,Walton,03796 Ramsey Crossing,CV35,+44-399-261-5085,University of Huddersfield,2:2,11,April 2019,Bruno Bellbrook
365,Wendell Thomassen,Male,24/08/1993,wthomassena4@skype.com,Newton,6 Clarendon Lane,IV1,+44 235 822 6491,,,18,April 2019,Sunny Sladefield
366,Ertha Nudds,Female,21/03/1993,enuddsa5@imageshack.us,Brampton,6 Corben Trail,NR34,+44 423 431 6207,University of Aberdeen,2:1,25,April 2019,Stacey Broad
367,Kayle Ferenc,Female,13/06/1999,kferenca6@bbc.co.uk,Walton,261 Springview Road,CV35,+44 (937) 814-6191,University of East London,2:1,17,April 2019,Bruno Bellbrook
368,Gonzalo Danniell,Male,23/02/1997,gdanniella7@berkeley.edu,Liverpool,40872 Washington Parkway,L33,+44 (737) 670-9439,University of Bolton,2:2,17,April 2019,Rupert Ripple
369,Asher McCrow,Male,25/09/1999,amccrowa8@w3.org,Middleton,9 Pankratz Park,LE16,+44-742-387-8201,Glasgow School of Art,2:1,11,April 2019,Bruno Bellbrook
370,Lurleen Cestard,Female,19/05/1997,lcestarda9@ibm.com,Twyford,1598 Namekagon Terrace,LE14,+44 348 215 8227,Liverpool Hope University College,2:2,30,April 2019,Rupert Ripple
371,Drud Spearing,Male,12/05/1998,dspearingaa@shutterfly.com,London,12 Lien Trail,EC1V,+44 999 433 3795,"University of Halifax, Birmingham Campus",2:1,,,
372,Chandler Ilchenko,Male,31/12/1994,cilchenkoab@altervista.org,Liverpool,75 Jenna Pass,L74,+44-566-399-5895,Napier University,2:1,18,April 2019,Doris Bellasis
373,Jacky Reilingen,Male,29/09/1996,jreilingenac@twitter.com,Eaton,21807 Summit Park,DN22,+44 884 395 5773,Coventry University,2:1,4,April 2019,Doris Bellasis
374,Phillis Lyfield,Female,05/11/1994,plyfieldad@wsj.com,Sheffield,4 Lukken Lane,S1,+44 (536) 138-7460,Heriot-Watt University,3rd,10,April 2019,Bruno Bellbrook
375,Pembroke Rheubottom,Male,24/11/1990,prheubottomae@joomla.org,Bradford,59 Moland Terrace,BD7,+44-100-708-9560,University of Newcastle-upon-Tyne,2:1,,,
376,Celle Barlas,Female,08/11/1994,cbarlasaf@google.ru,Birmingham,16 Old Gate Lane,B40,+44 452 183 0050,University of Sunderland,2:2,16,April 2019,Doris Bellasis
377,Scott Duny,Male,19/03/1995,sdunyag@blogger.com,,,,+44 225 361 7568,Anglia Ruskin University,2:1,11,April 2019,Doris Bellasis
378,Conny Robson,Male,23/11/1993,crobsonah@aboutads.info,Upton,237 Golf Road,WF9,+44 554 585 0078,University of Southampton,2:1,25,April 2019,Stacey Broad
379,Boycey Matushenko,Male,21/04/1991,bmatushenkoai@guardian.co.uk,Upton,7 Onsgard Avenue,WF9,+44-287-606-3188,University of Newcastle-upon-Tyne,2:1,25,April 2019,Fifi Etton
