id,name,gender,dob,email,city,address,postcode,phone_number,uni,degree,invited_date,month,invited_by
1,Stillmann Castano,Male,25/07/1992,scastano0@geocities.jp,Kingston,02 Wayridge Alley,DT10,+44 (980) 284-7006,Southampton Solent University,2:1,22,AUGUST 2019,Stacey Broad
2,Hilary Willmore,Female,26/08/1995,hwillmore1@jiathis.com,Sutton,06 Anhalt Road,CT15,+44-330-505-2868,University of Lincoln,3rd,01,AUGUST 2019,Bruno Bellbrook
3,Efrem Whipple,Male,05/12/1996,ewhipple2@yellowbook.com,Walton,377 Burrows Junction,CV35,+44 974 758 8243,University of Stirling,2:1,22,AUGUST 2019,Rupert Ripple
4,Sydel Fenne,Female,,sfenne3@techcrunch.com,Newton,582 Crest Line Crossing,IV1,+44 724 129 7676,"Warburg Institute, University of London",3rd,28,AUGUST 2019,Fifi Etton
5,Fonz Aveline,Male,07/01/1990,faveline4@netscape.com,Seaton,32 Oakridge Hill,LE15,+44-566-207-8422,International Centre for Isclamic Science,2:1,28,AUGUST 2019,Sunny Sladefield
6,Gus Trenouth,Female,15/12/2000,gtrenouth5@ameblo.jp,Charlton,3 Bay Hill,OX12,+44 (506) 700-0867,University of Bedfordshire,3rd,06,AUGUST 2019,Sunny Sladefield
7,Hugibert McLardie,Male,28/04/1990,hmclardie6@pen.io,Hatton,37721 Claremont Center,CV35,+44-131-934-4283,University of Bolton,2:1,06,AUGUST 2019,Sunny Sladefield
8,Michel Lebarree,,02/11/1994,mlebarree7@un.org,Walton,3665 Village Green Street,CV35,+44 (728) 131-4240,Loughborough University,2:2,07,AUGUST 2019,Stacey Broad
9,Cooper Ingraham,Male,23/01/1991,cingraham8@bigcartel.com,Upton,4 Sherman Hill,DN21,+44 (738) 347-1053,University of Leicester,2:1,14,AUGUST 2019,Fifi Eton
10,BIRD LE COUNT,Female,10/03/1991,ble9@github.com,Swindon,452 Monument Center,SN1,+44 (968) 915-9154,"Queen Mary and Westfield College, University of London",2:2,22,AUGUST 2019,Sunny Sladefield
11,Orly Lorens,Female,,olorensa@baidu.com,Walton,34 Lake View Place,CV35,+44-466-210-7370,Canterbury Christ Church University,2:1,01,AUGUST 2019,Bruno Bellbrook
12,Hannah Messum,Female,17/01/1992,hmessumb@rakuten.co.jp,Whitchurch,0 Scoville Lane,BS14,+44 (832) 433-3137,University of Paisley,1st,29,AUGUST 2019,Doris Bellasis
13,Briggs Purse,Male,05/03/1992,bpursec@lulu.com,Church End,0 1st Place,N3,,"School of Pharmacy, University of London",3rd,,,
14,Gavin Lambregts,Male,08/10/1993,glambregtsd@walmart.com,Ford,0426 Granby Court,GL54,+44-710-128-6160,University of Wolverhampton,2:2,21,AUGUST 2019,Gismo Tilling
15,Letta Halston,Female,,lhalstone@apple.com,Wirral,01249 Stephen Street,CH48,+44 761 614 8087,The Manchester Metropolitan University,2:2,08,AUGUST 2019,Stacey Broad
16,Alex Sale,Female,18/10/1992,asalef@i2i.jp,Newton,1 Nova Center,NG34,+44 448 543 6320,University of Bedfordshire,1st,21,AUGUST 2019,Bruno Bellbrook
17,Rivalee Eagleton,Female,20/09/1993,reagletong@etsy.com,London,69 Badeau Point,WC2H,+44-886-335-6322,London Guildhall University,2:2,08,AUGUST 2019,Gismo Tilling
18,Neda Marmyon,Female,13/06/1992,nmarmyonh@oaic.gov.au,Middleton,16 Grover Terrace,LE16,+44 661 580 7573,University of York,2:1,15,AUGUST 2019,Fifi Etton
19,Kermy Caves,Male,08/03/1991,kcavesi@house.gov,Pentre,72 Pennsylvania Place,SY4,+44 622 524 5492,University of Worcester,2:1,29,AUGUST 2019,Stacey Broad
20,Fredia Barnish,Female,11/09/1994,fbarnishj@economist.com,Marston,09418 Dixon Crossing,ST20,+44 (526) 478-5978,British College of Osteopathic Medicine,2:1,15,AUGUST 2019,Bruno Bellbrook
21,Cacilie Sennett,Female,,csennettk@upenn.edu,Newtown,0 Claremont Lane,RG20,+44 770 177 8138,Richmond University - The American International University in London,3rd,20,AUGUST 2019,Rupert Ripple
22,Edithe Dimitrov,Female,,edimitrovl@marriott.com,Craigavon,4 Raven Alley,BT66,+44 (700) 471-7429,Middlesex University,2:2,07,AUGUST 2019,Stacey Broad
23,Amandie Piddlesden,Female,26/07/1990,apiddlesdenm@dedecms.com,Newport,476 Walton Alley,NR29,+44 (149) 636-7190,"Birkbeck College, University of London",2:2,,,
24,Aubert Cicerone,Male,29/12/1993,aciceronen@hexun.com,,,,+44 (914) 529-4810,University of Hull,2:1,06,AUGUST 2019,Stacey Broad
25,CLEM WOODYEARE,,08/05/1995,cwoodyeareo@goo.gl,Wirral,666 Sommers Lane,CH48,+44 (362) 493-0126,University of Brighton,3rd,13,AUGUST 2019,Rupert Ripple
26,Erastus McElrath,Male,18/07/2000,emcelrathp@chronoengine.com,Normanton,96 Algoma Street,LE15,+44 216 888 8497,"University of Wales, Aberystwyth",1st,14,AUGUST 2019,Sunny Sladefield
27,Smitty Dawnay,Male,05/09/1993,sdawnayq@furl.net,Eaton,158 Melvin Court,DN22,+44-831-957-0040,Canterbury Christ Church University,2:1,,,
28,Edgar Annesley,Male,12/02/1992,eannesleyr@forbes.com,Swindon,70094 Manley Place,SN1,+44 (195) 323-9583,University of Brighton,2:2,28,AUGUST 2019,Doris Bellasis
29,Haslett Steet,Male,25/01/1997,hsteets@census.gov,Sheffield,82434 Maple Wood Place,S33,+44 231 433 3019,Oxford Brookes University,2:2,07,AUGUST 2019,Rupert Ripple
30,Brandais Ondra,Female,17/01/1994,bondrat@bravesites.com,Denton,72203 Merry Center,M34,+44 (449) 939-1232,University of Reading,2:1,14,AUGUST 2019,Gismo Tilling
31,Kirbee Clementet,Female,30/01/1997,kclementetu@acquirethisname.com,Liverpool,921 Ridgeway Drive,L33,+44-777-287-7598,"Courtauld Institute of Art, University of London",2:1,08,AUGUST 2019,Gismo Tilling
32,Marcellina Ping,Female,17/10/1995,mpingv@google.ru,Kirkton,8 Amoth Park,KW10,+44 (817) 209-8217,University of Lincoln,2:2,21,AUGUST 2019,Gismo Tilling
33,Violet Luscombe,Female,28/11/1993,vluscombew@ocn.ne.jp,Linton,4685 Butterfield Pass,BD23,+44 (514) 926-6753,"University of Wales, Aberystwyth",2:2,14,AUGUST 2019,Sunny Sladefield
34,Jourdain McLarens,Male,04/12/1992,jmclarensx@state.gov,Sutton,02154 Fisk Drive,RH5,+44 468 870 1399,Coventry University,2:2,07,AUGUST 2019,Fifi Eton
35,Salvador Elman,Male,24/11/1993,selmany@php.net,Liverpool,6 Kim Center,L33,+44 751 536 3675,Oxford Brookes University,2:1,07,AUGUST 2019,Rupert Ripple
36,Phillis Wabey,Female,12/10/1999,pwabeyz@topsy.com,Seaton,5 Redwing Plaza,LE15,+44 (509) 888-3125,William Gilbert College,3rd,06,AUGUST 2019,Sunny Sladefield
37,Maurice Yakhin,Male,20/02/1998,myakhin10@chronoengine.com,Craigavon,51 Marquette Court,BT66,,The Manchester Metropolitan University,2:2,29,AUGUST 2019,Doris Bellasis
38,Thomasina Prandoni,Female,,tprandoni11@ebay.co.uk,Birmingham,7 Raven Plaza,B40,+44 (774) 931-5504,Imperial College London,3rd,14,AUGUST 2019,Rupert Ripple
39,Wesley Tolerton,Male,01/08/1997,wtolerton12@angelfire.com,Belfast,880 Westridge Circle,BT2,+44 610 982 5553,University of Newcastle-upon-Tyne,2:1,13,AUGUST 2019,Fifi Etton
40,Brittaney Roughey,Female,09/07/1993,broughey13@nymag.com,Newton,7 High Crossing Drive,NG34,+44 575 585 6177,Coventry University,3rd,15,AUGUST 2019,Rupert Ripple
41,Moise Zealey,Male,28/08/1998,mzealey14@mozilla.org,Thorpe,7991 Dennis Pass,BD23,+44 (138) 125-4616,University of Exeter,2:2,28,AUGUST 2019,Doris Bellasis
42,Saree Daens,Female,13/01/1993,sdaens15@gravatar.com,Dean,2053 Jenifer Terrace,OX7,+44-559-531-2858,University of Liverpool,3rd,15,AUGUST 2019,Rupert Ripple
43,Roberta Faulo,Female,27/11/1997,rfaulo16@craigslist.org,Edinburgh,4692 Monica Trail,EH9,+44-680-411-0744,University of North London,2:1,28,AUGUST 2019,Doris Bellasis
44,Mona Willimott,Female,29/09/1993,mwillimott17@census.gov,Linton,39270 Merchant Court,BD23,+44 (522) 731-2374,University of Wales College of Medicine,3rd,08,AUGUST 2019,Doris Bellasis
45,Alvie Bleackly,Male,07/02/1992,ableackly18@bing.com,Manchester,0 Goodland Center,M14,+44 239 225 9103,"University of the West of England, Bristol",2:2,01,AUGUST 2019,Gismo Tilling
46,Drud Tellenbrok,Male,29/09/1990,dtellenbrok19@cnet.com,Ford,427 Dunning Court,GL54,,Central Saint Martins College of Art & Design,1st,06,AUGUST 2019,Doris Bellasis
47,Deck Itzchaki,Male,28/04/1992,ditzchaki1a@webnode.com,Bristol,11295 Truax Lane,BS41,+44-937-416-7269,University of Warwick,3rd,01,AUGUST 2019,Fifi Etton
48,Charlie Danelut,Male,06/09/1992,cdanelut1b@multiply.com,Aston,21 Commercial Terrace,TF6,+44 420 772 8481,The American University in London,2:1,14,AUGUST 2019,Sunny Sladefield
49,Benton Fellows,Male,11/02/1999,bfellows1c@reuters.com,Stapleford,5 Algoma Circle,LN6,+44 632 811 4067,Southampton Solent University,2:2,21,AUGUST 2019,Bruno Bellbrook
50,Wilt Penritt,Male,22/12/1992,wpenritt1d@yelp.com,Sutton,7 Nevada Lane,RH5,+44 (973) 806-8322,University of Teesside,2:1,01,AUGUST 2019,Fifi Eton
51,Stevie Houliston,Male,02/01/1990,shouliston1e@discovery.com,Denton,0 Troy Road,M34,+44 966 200 2319,The Manchester Metropolitan University,3rd,15,AUGUST 2019,Gismo Tilling
52,Fairlie Cogzell,Male,25/05/1996,fcogzell1f@cam.ac.uk,Ford,9644 3rd Crossing,GL54,+44 176 424 6686,Sotheby´s Institute of Art - London,2:2,14,AUGUST 2019,Sunny Sladefield
53,Beckie Aveling,Female,20/04/2000,baveling1g@slashdot.org,Sutton,79669 Drewry Point,CT15,+44 (816) 556-0124,Roehampton University of Surrey,3rd,22,AUGUST 2019,Gismo Tilling
54,Axe McKall,Male,27/08/1991,amckall1h@sakura.ne.jp,Leeds,7297 International Road,LS6,+44 150 923 7285,Kingston University,3rd,15,AUGUST 2019,Gismo Tilling
55,Marcela Pass,Female,10/11/1999,mpass1i@earthlink.net,Middleton,8965 Hallows Circle,LE16,+44 (248) 910-9668,University of Brighton,2:2,27,AUGUST 2019,Bruno Bellbrook
56,Cornie Lomath,Female,21/11/1997,clomath1j@tamu.edu,Whitchurch,01744 Bultman Pass,BS14,,University of Birmingham,3rd,13,AUGUST 2019,Stacey Broad
57,Gelya Latus,Female,17/12/1990,glatus1k@themeforest.net,Normanton,7 Straubel Junction,LE15,+44-591-589-2589,Sotheby´s Institute of Art - London,3rd,,,
58,Sauncho Aveson,Male,,saveson1l@google.com.au,Birmingham,5 Troy Lane,B12,+44 733 253 1463,University of Northumbria at Newcastle,2:1,13,AUGUST 2019,Rupert Ripple
59,Shamus McComish,Male,28/11/1999,,Whitwell,096 Welch Point,DL10,+44 456 355 4818,"School of Slavonic and East European Studies, University of London",2:1,15,AUGUST 2019,Sunny Sladefield
60,Andy Lown,Female,,alown1n@tripadvisor.com,Church End,1850 Basil Junction,N3,+44 241 524 9145,University of Southampton,2:2,22,AUGUST 2019,Doris Bellasis
61,Arny Coorington,Male,07/09/1991,acoorington1o@nasa.gov,Swindon,4150 Morningstar Terrace,SN1,+44 (503) 869-1314,University of Abertay Dundee,2:2,14,AUGUST 2019,Doris Bellasis
62,Devondra Blabey,Female,13/03/1991,dblabey1p@wikispaces.com,Walton,23044 Muir Court,CV35,+44 127 758 7326,"Institue of Historical Research, University of London",1st,15,AUGUST 2019,Stacey Broad
63,Irita Lyptrit,Female,,ilyptrit1q@yahoo.com,Thorpe,02 Swallow Crossing,BD23,+44 100 187 7863,International Centre for Isclamic Science,2:2,07,AUGUST 2019,Bruno Belbrook
64,Titos Batterton,Male,13/02/1995,tbatterton1r@mysql.com,Bradford,31 Lerdahl Junction,BD7,+44 (822) 973-7620,University of Durham,1st,,,
65,Jae Rennolds,Male,,jrennolds1s@posterous.com,Church End,009 Clarendon Hill,CB4,+44-975-159-0665,University of North London,1st,29,AUGUST 2019,Sunny Sladefield
66,Marion Consadine,Female,22/05/1997,mconsadine1t@wikispaces.com,Halton,794 Fairfield Drive,LS9,,"University of Wales, Bangor",2:2,15,AUGUST 2019,Rupert Ripple
67,Leonore Pettiford,Female,29/06/1996,lpettiford1u@vimeo.com,Walton,54 Center Lane,CV35,+44-836-810-3906,"Institute of Education, University of London",2:1,13,AUGUST 2019,Sunny Sladefield
68,Willie Vlasyev,Female,28/02/1997,wvlasyev1v@yahoo.com,Leeds,9 Twin Pines Junction,LS6,+44 807 909 7992,"London School of Hygiene & Tropical Medicine, University of London",2:1,21,AUGUST 2019,Stacey Broad
69,Edvard Northen,Male,23/02/1990,enorthen1w@foxnews.com,Halton,6310 Weeping Birch Place,LS9,+44 (204) 739-9899,,,07,AUGUST 2019,Stacey Broad
70,Erl Hammor,Male,09/11/1993,ehammor1x@pen.io,Kinloch,47315 Sullivan Point,PH43,+44-313-112-3358,University of Paisley,2:2,14,AUGUST 2019,Fifi Etton
71,Silvie Guillou,Female,14/09/1993,sguillou1y@miitbeian.gov.cn,Norton,79460 Lunder Junction,S8,+44-771-921-8664,"King's College London, University of London",1st,08,AUGUST 2019,Gismo Tilling
72,Chickie Beatty,Female,01/03/1999,cbeatty1z@pen.io,Whitwell,62198 Roth Plaza,DL10,+44 137 872 8117,University of Teesside,2:2,,,
73,Oralla Peasgood,Female,05/10/1995,opeasgood20@wix.com,Bristol,6 Golden Leaf Road,BS41,+44 353 628 6791,"Courtauld Institute of Art, University of London",2:2,07,AUGUST 2019,Doris Bellasis
74,Ly Ferro,Male,27/09/1991,lferro21@goodreads.com,Liverpool,09941 Sage Junction,L74,+44 711 931 0872,University of North London,2:2,13,AUGUST 2019,Fifi Etton
75,Brant Beeden,Male,30/11/1993,bbeeden22@google.es,Bradford,99 Butternut Trail,BD7,+44 416 677 1703,University of Kent at Canterbury,2:2,,,
76,Lindsey Gerwood,Female,17/04/2000,lgerwood23@samsung.com,Newbiggin,52 Dorton Center,NE46,+44 188 515 5200,University of Westminster,2:1,29,AUGUST 2019,Sunny Sladefield
77,Gianna Clevely,Female,05/04/1992,gclevely24@wikispaces.com,Dean,667 Donald Crossing,OX7,+44 (327) 207-3473,Nottingham Trent University,2:1,01,AUGUST 2019,Doris Bellasis
78,Celine Doree,Female,31/01/1994,cdoree25@elegantthemes.com,Langley,4 Russell Plaza,SG4,,University of East Anglia,2:1,15,AUGUST 2019,Sunny Sladefield
79,Karlene Hughill,Female,25/05/1990,khughill26@geocities.jp,Linton,451 Burrows Street,BD23,+44 139 449 5477,Heriot-Watt University,3rd,21,AUGUST 2019,Gismo Tilling
80,Sayre Webberley,Female,25/01/1998,swebberley27@stanford.edu,Walton,65 Graedel Trail,CV35,+44 161 822 0739,Wimbledon School of Art,3rd,14,AUGUST 2019,Bruno Bellbrook
81,Phyllys Baelde,Female,08/04/1998,pbaelde28@opensource.org,Aston,6000 Green Ridge Place,TF6,+44 649 302 3421,Trinity College Carmarthen,3rd,15,AUGUST 2019,Stacey Broad
82,Samuele Whear,Male,17/01/2000,swhear29@spiegel.de,Denton,585 Pond Alley,M34,+44-711-495-6215,University of Gloucestershire,2:1,20,AUGUST 2019,Sunny Sladefield
83,Teador Tinton,Male,09/09/1997,ttinton2a@plala.or.jp,Whitwell,47972 Esker Drive,DL10,+44-544-618-3280,Stratford College London,2:1,20,AUGUST 2019,Rupert Ripple
84,Jakob Connell,Male,12/11/2000,jconnell2b@t-online.de,Langley,80936 Meadow Ridge Parkway,SG4,+44-581-263-4084,Cranfield University,2:2,22,AUGUST 2019,Gismo Tilling
85,Darcey Mordin,Female,06/08/1996,dmordin2c@github.io,Swindon,7 Heffernan Center,SN1,+44-733-428-8264,"University of Wales, Aberystwyth",3rd,27,AUGUST 2019,Sunny Sladefield
86,Pamelina Itzkovsky,Female,18/08/1991,pitzkovsky2d@tumblr.com,West End,40797 Pawling Drive,DN36,+44-195-444-1304,City University,2:1,13,AUGUST 2019,Sunny Sladefield
87,Marinna Krojn,Female,05/05/1993,mkrojn2e@businessweek.com,Milton,647 Bunting Drive,NG22,+44 (210) 369-4101,Oxford Brookes University,2:1,07,AUGUST 2019,Sunny Sladefield
88,Laurel Gillogley,Female,30/08/1992,lgillogley2f@alexa.com,Swindon,72739 Moulton Circle,SN1,+44 553 729 9388,Aston University,3rd,21,AUGUST 2019,Doris Bellasis
89,Milt Ivachyov,Male,09/07/1996,mivachyov2g@jimdo.com,Hatton,02 Steensland Road,CV35,,Huron University USA in London,3rd,21,AUGUST 2019,Fifi Etton
90,Quinta Cowdray,Female,29/03/1996,qcowdray2h@nhs.uk,East End,5 Bluestem Alley,BH21,+44 (912) 585-3765,University of Reading,2:2,28,AUGUST 2019,Stacey Broad
91,Cecile Lates,Female,15/04/1990,clates2i@constantcontact.com,Bristol,9 Carioca Plaza,BS41,+44-115-762-8471,University of Kent at Canterbury,3rd,15,AUGUST 2019,Rupert Ripple
92,Itch Izod,Male,26/04/1990,iizod2j@freewebs.com,Kingston,6164 Lien Way,DT10,+44 501 282 7588,University of Birmingham,3rd,07,AUGUST 2019,Stacey Broad
93,Seumas Lemonby,Male,25/10/1999,slemonby2k@360.cn,London,327 Golf Circle,W1F,+44 (457) 258-8108,Richmond University - The American International University in London,2:2,14,AUGUST 2019,Bruno Bellbrook
94,Gale Quartley,,12/10/1992,gquartley2l@biglobe.ne.jp,London,838 Maple Wood Court,WC1B,+44-781-176-8654,The Robert Gordon University,3rd,13,AUGUST 2019,Sunny Sladefield
95,Charlean Devons,Female,12/02/2000,,Ashley,6277 Cambridge Court,SN13,+44 854 261 2536,"Royal Academy of Music, University of London",2:1,15,AUGUST 2019,Sunny Sladefield
96,Dorrie Srutton,,22/08/2000,dsrutton2n@ebay.co.uk,Church End,85 Forster Street,CB4,+44 612 247 1214,Huron University USA in London,1st,22,AUGUST 2019,Stacey Broad
97,Benny Tichelaar,Female,23/11/1991,btichelaar2o@geocities.com,Belfast,77733 Jenifer Way,BT2,+44 (227) 242-9870,University of Reading,2:2,21,AUGUST 2019,Doris Bellasis
98,Avrit Gawith,Female,24/11/2000,agawith2p@addtoany.com,Edinburgh,9 Lakewood Gardens Park,EH9,+44 (938) 984-8873,Aston University,2:1,15,AUGUST 2019,Bruno Bellbrook
99,Berti Dennehy,Female,04/01/2000,bdennehy2q@usatoday.com,,,,+44-471-663-7544,University of East Anglia,2:2,22,AUGUST 2019,Stacey Broad
100,Rockey Robarts,Male,18/03/1994,rrobarts2r@diigo.com,Dean,97 Kenwood Park,OX7,,"Birkbeck College, University of London",2:2,14,AUGUST 2019,Gismo Tilling
101,Doralin Purkess,Female,04/03/1994,dpurkess2s@dot.gov,Newport,43 Raven Circle,NR29,+44-884-687-2023,Staffordshire University,2:1,15,AUGUST 2019,Gismo Tilling
102,Eloisa Ewert,Female,16/03/1993,eewert2t@prlog.org,Brampton,2 Old Shore Parkway,NR34,+44-950-887-1562,"St.Patrick's International College, London",3rd,21,AUGUST 2019,Bruno Bellbrook
103,Mireille Risom,Female,27/09/1999,mrisom2u@answers.com,Tullich,2 Stuart Point,AB55,+44-872-123-3188,Imperial College School of Medicine,3rd,21,AUGUST 2019,Bruno Bellbrook
104,Ellery Nanelli,,21/10/1998,enanelli2v@barnesandnoble.com,Whitwell,0 Kenwood Parkway,DL10,+44 127 986 9144,University of Lancaster,2:1,06,AUGUST 2019,Rupert Ripple
105,Sharl Daggett,Female,29/01/1994,sdaggett2w@tiny.cc,Bradford,843 Golf View Court,BD7,+44 (306) 326-0131,"School of Pharmacy, University of London",3rd,22,AUGUST 2019,Rupert Ripple
106,Aleda Verdy,Female,17/01/1995,averdy2x@prlog.org,Manchester,66 Portage Hill,M14,+44 (360) 490-1550,"Institute of Education, University of London",2:2,06,AUGUST 2019,Sunny Sladefield
107,Nikolos Yashin,Male,16/08/2000,nyashin2y@last.fm,Horton,0 Grover Parkway,BS37,+44 949 238 9851,,,15,AUGUST 2019,Bruno Bellbrook
108,Shela McCall,Female,09/03/1995,smccall2z@gizmodo.com,London,6 Ohio Junction,WC1B,+44-922-653-8526,South Bank University,3rd,14,AUGUST 2019,Gismo Tilling
109,Sonnie Malenfant,Male,01/05/1994,smalenfant30@about.me,London,4364 Maple Wood Alley,SW1E,+44 967 504 2307,"Birkbeck College, University of London",2:1,14,AUGUST 2019,Bruno Bellbrook
110,Mahmud Molineux,Male,25/02/1994,mmolineux31@state.gov,Ashley,0260 Waxwing Junction,SN13,,University of Ulster,3rd,20,AUGUST 2019,Fifi Eton
111,Dylan Llewellen,Male,10/05/2000,dllewellen32@paginegialle.it,East End,5 Oneill Hill,BH21,,William Gilbert College,2:1,29,AUGUST 2019,Bruno Bellbrook
112,Yvor Phalip,Male,11/07/1996,yphalip33@examiner.com,Belfast,6 Holmberg Park,BT2,+44-867-437-0433,Brunel University Uxbridge,2:2,01,AUGUST 2019,Doris Bellasis
113,Berry Freed,Female,26/08/1997,bfreed34@weebly.com,Birmingham,1 Valley Edge Plaza,B12,+44 909 651 2711,,,29,AUGUST 2019,Rupert Ripple
114,Keane Gorrissen,Male,01/05/1996,kgorrissen35@tripadvisor.com,Newbiggin,4 Kropf Crossing,NE46,+44 (756) 858-7615,University of East London,2:2,27,AUGUST 2019,Gismo Tilling
115,Marielle Knivett,Female,07/10/1998,mknivett36@usa.gov,Kinloch,383 Gateway Parkway,PH43,+44-957-143-5226,Chelsea College of Art and Design,2:1,01,AUGUST 2019,Sunny Sladefield
116,Emmanuel Deniske,Male,26/02/1992,edeniske37@livejournal.com,Dean,48 Waxwing Center,OX7,,University of Nottingham,2:1,15,AUGUST 2019,Fifi Eton
117,Kerr Coucha,Male,20/02/1996,kcoucha38@cbslocal.com,London,9 Northridge Alley,EC3M,+44 (422) 188-8533,"Warburg Institute, University of London",2:1,07,AUGUST 2019,Sunny Sladefield
118,Dulci McGrayle,Female,27/04/1990,dmcgrayle39@51.la,Tullich,37626 Grayhawk Trail,AB55,+44 256 464 7602,The Queen's University Belfast,2:1,21,AUGUST 2019,Stacey Broad
119,See Uden,Male,14/07/1992,suden3a@theglobeandmail.com,Church End,25 Pierstorff Alley,N3,+44 505 107 2607,,,20,AUGUST 2019,Rupert Ripple
120,Vicki Quarterman,Female,19/03/1994,vquarterman3b@parallels.com,Edinburgh,7 Porter Park,EH9,,Thames Valley University,2:1,28,AUGUST 2019,Rupert Ripple
121,Shandee Blaschke,Female,03/10/1991,sblaschke3c@ocn.ne.jp,Sutton,3 Sloan Street,RH5,+44 (353) 842-3016,London School of Business & Finance,2:2,21,AUGUST 2019,Rupert Ripple
122,Paul Chislett,Male,08/06/1991,pchislett3d@discuz.net,London,2 Ramsey Point,W1F,+44 (199) 900-3668,Trinity College Carmarthen,2:2,14,AUGUST 2019,Stacey Broad
123,Christoph Glowach,Male,12/08/1995,cglowach3e@fema.gov,Milton,732 Morning Crossing,NG22,,University of Salford,2:1,,,
124,Florri Loughton,Female,24/02/1994,floughton3f@nymag.com,London,39 Garrison Junction,W1F,+44-322-845-3334,London School of Business & Finance,2:1,01,AUGUST 2019,Stacey Broad
125,Hildy Landre,Female,17/10/1993,hlandre3g@geocities.jp,Bradford,4756 Sheridan Point,BD7,+44 (876) 683-8420,University of Sussex,3rd,08,AUGUST 2019,Rupert Ripple
126,Berny Botler,Female,14/09/1997,bbotler3h@hao123.com,Whitchurch,1900 Longview Circle,BS14,+44 (937) 543-0543,University of Cambridge,2:1,06,AUGUST 2019,Sunny Sladefield
127,Merell Tremmil,Male,11/02/1998,mtremmil3i@marriott.com,London,1 Laurel Junction,WC1B,+44 (543) 796-3687,British College of Osteopathic Medicine,3rd,13,AUGUST 2019,Fifi Eton
128,Tiphanie Reeder,Female,17/12/1994,treeder3j@wufoo.com,Ashley,84190 Melrose Plaza,SN13,,Loughborough University,2:2,,,
129,Ileana Chewter,Female,10/08/2000,ichewter3k@boston.com,Brampton,1162 Mendota Avenue,NR34,+44 491 714 4862,London College of Science & Technology,2:1,21,AUGUST 2019,Doris Bellasis
130,Ilario Yeates,Male,04/08/1997,iyeates3l@shutterfly.com,Newtown,29 Schmedeman Alley,RG20,,London Metropolitan University,2:1,13,AUGUST 2019,Gismo Tilling
131,Winnie Lewerenz,Female,26/03/1998,wlewerenz3m@examiner.com,,,,+44-822-865-9424,"Birkbeck College, University of London",2:1,06,AUGUST 2019,Doris Bellasis
132,Garwood Strowan,Male,16/06/1997,gstrowan3n@jiathis.com,Leeds,21 Blaine Junction,LS6,+44 (549) 988-5470,University of East Anglia,2:1,20,AUGUST 2019,Doris Bellasis
133,Herb McIlmorie,Male,16/01/1993,hmcilmorie3o@yandex.ru,Pentre,2 Hanson Way,SY4,+44-961-436-6698,University of Stirling,1st,08,AUGUST 2019,Stacey Broad
134,Walden Gidden,Male,27/11/1995,wgidden3p@chronoengine.com,Eaton,7912 Rowland Center,DN22,+44 358 229 6862,London Business School,2:2,01,AUGUST 2019,Sunny Sladefield
135,Ingunna Adin,Female,23/06/1994,iadin3q@gizmodo.com,Wootton,602 Donald Trail,NN4,+44 (316) 721-3587,University of Glasgow,1st,01,AUGUST 2019,Gismo Tilling
136,Fayre Held,Female,19/06/1993,fheld3r@vkontakte.ru,Kinloch,3238 Monica Circle,PH43,+44 (910) 688-0070,University of Gloucestershire,2:2,28,AUGUST 2019,Bruno Bellbrook
137,Frazier Bayston,Male,02/11/1997,fbayston3s@so-net.ne.jp,Normanton,32530 Londonderry Trail,LE15,+44-104-763-1127,University of Wales College of Medicine,2:1,29,AUGUST 2019,Gismo Tilling
138,Jacynth Lascell,Female,15/12/2000,jlascell3t@mozilla.org,Weston,13 Westerfield Point,GU32,+44 (215) 773-8372,South Bank University,2:1,08,AUGUST 2019,Bruno Bellbrook
139,Hewett Lamputt,Male,07/10/1994,hlamputt3u@irs.gov,Swindon,0276 Heffernan Plaza,SN1,+44 436 456 2890,University of Essex,2:1,13,AUGUST 2019,Gismo Tilling
140,Rodger Bendelow,Male,01/03/1991,rbendelow3v@acquirethisname.com,Dean,41 Londonderry Way,OX7,+44 829 794 9086,University of Manchester,2:2,22,AUGUST 2019,Stacey Broad
141,Archer Hobben,Male,,ahobben3w@nasa.gov,Carlton,3671 Heffernan Parkway,DL8,,British College of Osteopathic Medicine,1st,14,AUGUST 2019,Fifi Eton
142,Stephani Prettyman,Female,15/08/1998,sprettyman3x@cafepress.com,Preston,46 3rd Avenue,PR1,+44-918-131-1227,University of Liverpool,2:2,22,AUGUST 2019,Sunny Sladefield
143,Pepi Bome,Female,11/12/1991,pbome3y@nationalgeographic.com,Tullich,184 2nd Park,AB55,+44 662 912 6953,"Courtauld Institute of Art, University of London",2:1,20,AUGUST 2019,Rupert Ripple
144,Loella Lonnon,Female,,llonnon3z@vinaora.com,Kinloch,55 Moulton Point,PH43,+44 814 530 7302,"Royal Academy of Music, University of London",2:2,06,AUGUST 2019,Rupert Ripple
145,Darrin Stoffel,Male,20/11/1992,dstoffel40@wsj.com,Denton,23689 Hudson Circle,M34,+44 (810) 252-1402,The Robert Gordon University,2:2,08,AUGUST 2019,Rupert Ripple
146,Mitchel Bates,Male,28/10/1998,mbates41@eventbrite.com,Stapleford,228 Melody Terrace,LN6,+44 (799) 697-4442,Roehampton University of Surrey,2:1,14,AUGUST 2019,Rupert Ripple
147,Jud Kubyszek,Male,07/08/1995,jkubyszek42@boston.com,Glasgow,7999 Clove Center,G4,+44-967-965-2123,Loughborough University,2:2,07,AUGUST 2019,Fifi Eton
148,Werner Toor,Male,20/12/1999,wtoor43@youtube.com,London,4 Arapahoe Way,WC1B,+44 (612) 759-9825,University of Wales,1st,,,
149,Miles Water,Male,28/08/1997,mwater44@devhub.com,Bristol,3 Walton Parkway,BS41,+44-973-668-0185,Trinity College of Music,2:1,08,AUGUST 2019,Stacey Broad
150,Fanni Polhill,Female,20/09/2000,fpolhill45@google.it,Liverpool,4728 Prairieview Point,L74,+44-495-567-5875,University of Ulster,2:2,28,AUGUST 2019,Doris Bellasis
151,Grange Giddings,Male,10/01/2000,ggiddings46@smugmug.com,Pentre,33 Canary Lane,SY4,+44-806-253-9224,Heriot-Watt University,2:2,,,
152,Genvieve Arnke,Female,17/10/1992,garnke47@hud.gov,,,,+44 (437) 132-4553,University of Kent at Canterbury,2:1,22,AUGUST 2019,Fifi Eton
153,Alicia Hruska,Female,08/01/1996,ahruska48@scientificamerican.com,Norton,64201 Cody Center,NN11,+44 872 391 9546,University of Plymouth,2:1,28,AUGUST 2019,Bruno Belbrook
154,Mella Aubin,Female,01/12/1999,maubin49@tripadvisor.com,Church End,87298 Twin Pines Pass,CB4,+44 (661) 971-1437,University of Northumbria at Newcastle,2:1,15,AUGUST 2019,Rupert Ripple
155,George Huckstepp,Female,18/03/1996,ghuckstepp4a@nba.com,Newton,1 Union Trail,IV1,+44 615 860 5714,American InterContinental University - London,2:1,06,AUGUST 2019,Stacey Broad
156,Oralle Brunone,Female,08/11/1991,obrunone4b@google.cn,Ashley,639 Armistice Alley,SN13,,Nottingham Trent University,3rd,29,AUGUST 2019,Bruno Bellbrook
157,Joelie Elfitt,Female,05/11/1999,jelfitt4c@mtv.com,Langley,8 Nova Road,SG4,+44 285 831 2836,Trinity College Carmarthen,1st,29,AUGUST 2019,Stacey Broad
158,Claudio O'Heneghan,Male,24/05/1996,coheneghan4d@statcounter.com,Craigavon,81428 Norway Maple Terrace,BT66,+44-786-141-7923,University of Abertay Dundee,2:1,28,AUGUST 2019,Gismo Tilling
159,Omar Rodrigo,Male,04/07/2000,orodrigo4e@hc360.com,Tullich,5 Grasskamp Park,AB55,+44-250-659-0183,London Business School,3rd,27,AUGUST 2019,Doris Bellasis
160,Cal Loache,Male,05/03/1996,cloache4f@pen.io,Whitwell,22707 Manitowish Hill,DL10,+44-343-648-4053,University of Kent at Canterbury,2:1,15,AUGUST 2019,Gismo Tilling
161,Dalila Fairburn,Female,04/07/1994,,Stapleford,1 Forest Dale Drive,LN6,+44-817-720-6877,University of Reading,2:1,27,AUGUST 2019,Bruno Bellbrook
162,NEALY MACGILLESPIE,Male,19/03/1991,nmacgillespie4h@boston.com,East End,5411 Dexter Way,BH21,,University of Oxford,2:2,06,AUGUST 2019,Bruno Bellbrook
163,Tully McDoual,Male,02/07/1990,tmcdoual4i@blog.com,Marston,466 Rutledge Junction,ST20,+44 997 669 1776,University of Worcester,2:2,07,AUGUST 2019,Rupert Ripple
164,Debby Hadigate,,17/04/1998,dhadigate4j@apple.com,Twyford,1 Gulseth Alley,LE14,+44-199-993-6414,University of Birmingham,2:1,13,AUGUST 2019,Sunny Sladefield
165,Salaidh Loveday,Female,18/08/1990,sloveday4k@furl.net,Leeds,1 Toban Parkway,LS6,+44 671 818 1477,Cranfield University,1st,15,AUGUST 2019,Gismo Tilling
166,Molli Brayfield,Female,09/08/1997,mbrayfield4l@nih.gov,Upton,133 Di Loreto Avenue,DN21,+44 (921) 514-7023,University of Wolverhampton,2:2,22,AUGUST 2019,Doris Bellasis
167,Wiley Renzo,Male,06/05/1993,wrenzo4m@livejournal.com,Whitchurch,93622 Morningstar Trail,BS14,+44-445-714-0543,London School of Jewish Studies,2:1,08,AUGUST 2019,Sunny Sladefield
168,Janaya Mawford,Female,24/06/1992,jmawford4n@bloomberg.com,Church End,24 Dunning Trail,N3,,Glasgow School of Art,3rd,01,AUGUST 2019,Sunny Sladefield
169,Lazarus Hooke,Male,,lhooke4o@hugedomains.com,London,99775 Springs Road,EC1V,+44 (348) 124-8862,Liverpool John Moores University,3rd,29,AUGUST 2019,Fifi Eton
170,Sidney Le Batteur,Male,02/08/1994,sle4p@ifeng.com,Merton,962 Iowa Hill,SW19,+44-824-514-5937,Falmouth University,2:2,08,AUGUST 2019,Rupert Ripple
171,Maryellen Vasovic,Female,05/09/1997,mvasovic4q@whitehouse.gov,Newton,84 Packers Crossing,IV1,+44 577 320 9193,"Institute of Education, University of London",2:2,20,AUGUST 2019,Stacey Broad
172,Winona Rubinowitz,Female,21/08/1998,wrubinowitz4r@woothemes.com,Marston,7 Oriole Alley,ST20,+44 240 528 5040,Oxford Brookes University,2:1,29,AUGUST 2019,Bruno Bellbrook
173,Marlow Giocannoni,Male,07/11/1997,mgiocannoni4s@nydailynews.com,Milton,9 Fallview Center,NG22,+44 821 914 7030,London Metropolitan University,1st,06,AUGUST 2019,Fifi Eton
174,Dur Plom,Male,19/12/1994,dplom4t@deliciousdays.com,Linton,6567 Stang Junction,BD23,+44 245 814 4325,"Schiller International University, London",3rd,14,AUGUST 2019,Fifi Etton
175,Gisela Aisbett,Female,22/05/1998,gaisbett4u@boston.com,Liverpool,43 Fulton Crossing,L33,,The Manchester Metropolitan University,2:1,15,AUGUST 2019,Bruno Bellbrook
176,Appolonia Jovis,Female,18/03/1993,ajovis4v@guardian.co.uk,Newton,498 Transport Plaza,IV1,,"Royal College of Music, University of London",2:1,29,AUGUST 2019,Gismo Tilling
177,Marion Scartifield,Female,05/04/1994,mscartifield4w@nhs.uk,Thorpe,800 Mitchell Park,BD23,+44 (780) 724-0015,Imperial College London,2:2,21,AUGUST 2019,Bruno Bellbrook
178,Mordecai Battyll,Male,29/09/1993,mbattyll4x@baidu.com,Newport,21 Green Ridge Center,NR29,+44-978-873-2855,"School of Pharmacy, University of London",2:1,07,AUGUST 2019,Doris Bellasis
179,Grayce Cinnamond,Female,,gcinnamond4y@flavors.me,Merton,942 Scofield Center,SW19,+44 (131) 313-4770,South Bank University,2:2,27,AUGUST 2019,Doris Bellasis
180,Diandra Dyhouse,Female,11/03/1993,,Marston,53 Sutteridge Street,ST20,+44 129 570 8378,"University of Wales, Aberystwyth",2:2,27,AUGUST 2019,Gismo Tilling
181,Cornall Offer,Male,18/04/1999,coffer50@linkedin.com,Twyford,1717 Onsgard Center,LE14,+44 (939) 643-1670,University of London,2:2,01,AUGUST 2019,Gismo Tilling
182,Dominique Narbett,Male,09/06/1998,dnarbett51@topsy.com,Whitwell,60 Sugar Way,DL10,+44-152-629-3740,Keele University,2:1,20,AUGUST 2019,Bruno Belbrook
183,Gusti Horrod,Female,29/08/1993,ghorrod52@freewebs.com,Birmingham,4142 Dixon Center,B12,+44-606-424-9175,"Institute of Education, University of London",2:1,27,AUGUST 2019,Doris Bellasis
184,Milt Flowers,Male,10/01/1991,mflowers53@answers.com,Birmingham,9407 Walton Trail,B12,,Cardiff University,2:1,07,AUGUST 2019,Sunny Sladefield
185,Brnaby Bownes,Male,09/01/2000,bbownes54@icq.com,Thorpe,70614 Buena Vista Road,BD23,+44 (724) 826-9817,University of Wales,2:1,01,AUGUST 2019,Stacey Broad
186,Willi Tagg,Female,,wtagg55@ifeng.com,Edinburgh,9 Grayhawk Court,EH9,+44-903-541-4715,Imperial College London,3rd,29,AUGUST 2019,Rupert Ripple
187,Ogdon Norcutt,Male,03/04/1990,onorcutt56@rakuten.co.jp,Whitchurch,2824 8th Avenue,BS14,+44 (822) 235-4747,London School of Jewish Studies,2:1,22,AUGUST 2019,Doris Bellasis
188,Berky Bailey,Male,10/02/1999,bbailey57@deliciousdays.com,Weston,43460 Elka Terrace,GU32,+44 (570) 126-3749,University of Leicester,2:1,28,AUGUST 2019,Sunny Sladefield
189,Genny Zanioletti,Female,17/02/1996,gzanioletti58@adobe.com,Milton,3516 Park Meadow Pass,NG22,+44-178-351-7319,Central Saint Martins College of Art & Design,2:2,06,AUGUST 2019,Doris Bellasis
190,Bernarr Negus,Male,25/03/1991,bnegus59@spotify.com,Charlton,45 Sheridan Plaza,OX12,+44 (855) 349-0992,University of Wales College of Medicine,3rd,,,
191,Delainey Mintoft,Male,25/03/1990,dmintoft5a@plala.or.jp,Aston,36839 Blackbird Hill,TF6,+44 (135) 180-5152,University of Hertfordshire,1st,,,
192,Harriett Saffin,Female,15/09/1990,hsaffin5b@marriott.com,Wirral,7 Grasskamp Place,CH48,+44 202 576 0470,International Colleges of Islamic Science,1st,28,AUGUST 2019,Sunny Sladefield
193,Pooh Christy,Male,27/04/1992,pchristy5c@ameblo.jp,Newbiggin,143 Mariners Cove Circle,NE46,+44 (560) 292-9461,University of Kent at Canterbury,2:2,28,AUGUST 2019,Fifi Etton
194,Tris Landrean,Male,07/04/1997,tlandrean5d@bigcartel.com,Norton,5495 Eastwood Avenue,NN11,+44-380-754-7060,University of Kent at Canterbury,2:1,29,AUGUST 2019,Doris Bellasis
195,Derk Andress,Male,29/06/1999,dandress5e@independent.co.uk,Hatton,466 Ronald Regan Center,CV35,+44 (569) 136-4586,University of Dundee,2:1,13,AUGUST 2019,Gismo Tilling
196,Engelbert Vahl,Male,03/10/1992,evahl5f@sbwire.com,Glasgow,068 Hayes Terrace,G4,+44 268 138 7186,University of Newcastle-upon-Tyne,2:1,21,AUGUST 2019,Rupert Ripple
197,Prentiss Godman,Male,,pgodman5g@bloomberg.com,Seaton,437 COTTONWOOD COURT,LE15,+44-816-912-2702,Glasgow School of Art,2:2,20,AUGUST 2019,Fifi Eton
198,Angel Hulson,Male,10/01/1992,ahulson5h@hostgator.com,Horton,943 Blackbird Road,BS37,,University of Paisley,3rd,14,AUGUST 2019,Fifi Etton
199,Mike Milliere,Male,23/07/1996,mmilliere5i@usatoday.com,Wootton,862 Old Gate Road,NN4,+44 (543) 157-5922,University of London,2:1,06,AUGUST 2019,Fifi Etton
200,Gayleen Petru,Female,02/05/1994,gpetru5j@free.fr,London,40 Eggendart Parkway,W1F,+44 411 235 7642,"London School of Hygiene & Tropical Medicine, University of London",2:1,14,AUGUST 2019,Stacey Broad
201,Jozef Burr,Male,14/01/1999,jburr5k@slate.com,Denton,590 Main Alley,M34,+44 (562) 662-2197,University of Manchester,2:2,07,AUGUST 2019,Rupert Ripple
202,Allina Grelka,Female,03/05/1996,agrelka5l@nasa.gov,Twyford,4226 Almo Center,LE14,+44 (958) 121-6714,"University of the West of England, Bristol",1st,28,AUGUST 2019,Fifi Etton
203,Carr Kensall,Male,12/08/1994,ckensall5m@ustream.tv,Halton,729 Fallview Junction,LS9,+44 (748) 836-5922,Loughborough University,2:1,20,AUGUST 2019,Rupert Ripple
204,Nil MacPaike,Male,13/10/1991,nmacpaike5n@bloomberg.com,Whitchurch,433 Holy Cross Park,BS14,+44-118-877-8462,Nottingham Trent University,2:1,06,AUGUST 2019,Stacey Broad
205,Gifford Buffey,Male,17/09/1993,gbuffey5o@paginegialle.it,Merton,289 Fordem Park,SW19,+44 775 656 7938,Anglia Ruskin University,2:2,15,AUGUST 2019,Bruno Bellbrook
206,Graig Gallagher,Male,26/03/1998,ggallagher5p@salon.com,Normanton,83 Pearson Hill,LE15,+44-139-110-0365,Brunel University Uxbridge,2:1,,,
207,Jessie Petriello,Female,17/02/1992,jpetriello5q@kickstarter.com,Langley,93 Elka Circle,SG4,+44 911 629 6260,"Warburg Institute, University of London",2:2,06,AUGUST 2019,Doris Bellasis
208,George O'Duane,Female,03/07/1995,goduane5r@pagesperso-orange.fr,Newton,47 Carey Way,NG34,+44-354-161-2491,University of Abertay Dundee,2:1,06,AUGUST 2019,Gismo Tilling
209,Sascha Suggitt,Female,13/07/1991,ssuggitt5s@tiny.cc,Newton,444 Granby Point,NG34,+44 870 764 7219,"University of Wales, Bangor",2:1,,,
210,Mendie McBean,Male,20/02/1997,mmcbean5t@sun.com,Manchester,58024 Valley Edge Pass,M14,+44 (213) 160-9769,International Centre for Isclamic Science,1st,15,AUGUST 2019,Bruno Bellbrook
211,Roze Yepiskopov,,04/08/1998,ryepiskopov5u@netvibes.com,Newtown,385 Russell Park,RG20,+44 853 155 8732,Loughborough University,2:1,21,AUGUST 2019,Gismo Tilling
212,Boote Moan,Male,02/07/1991,bmoan5v@fc2.com,Charlton,97919 Bunting Center,OX12,+44 (749) 641-2769,University of Bristol,2:1,20,AUGUST 2019,Gismo Tilling
213,Tito Greiswood,Male,10/06/1990,tgreiswood5w@canalblog.com,London,77 Burrows Hill,WC1B,+44-549-893-8931,"London School of Economics and Political Science, University of London",2:1,20,AUGUST 2019,Rupert Ripple
214,Reg Vandenhoff,Male,22/12/1994,rvandenhoff5x@topsy.com,Newtown,7129 Schurz Street,RG20,+44-526-352-0380,University of Central Lancashire,2:2,27,AUGUST 2019,Stacey Broad
215,Ravid Leyninye,Male,15/02/1990,rleyninye5y@sfgate.com,Belfast,0602 Merrick Hill,BT2,+44 343 553 9953,City University,3rd,06,AUGUST 2019,Stacey Broad
216,Ninetta Joyce,Female,19/03/1996,njoyce5z@nydailynews.com,Burnside,1 Cambridge Way,EH52,+44 (946) 544-0703,Coventry University,2:1,06,AUGUST 2019,Gismo Tilling
217,Rozalin Summerscales,Female,24/06/1999,rsummerscales60@stumbleupon.com,Whitwell,2647 Johnson Plaza,DL10,+44 (288) 299-6917,"Institute of Latin American Studies, University of London",3rd,28,AUGUST 2019,Doris Bellasis
218,Rafi Andrzejczak,Male,17/11/1993,randrzejczak61@wp.com,Denton,3196 Crescent Oaks Lane,M34,+44-788-981-3236,London School of Jewish Studies,2:1,07,AUGUST 2019,Gismo Tilling
219,Mead Stolting,Male,19/01/1990,mstolting62@t.co,Carlton,613 Walton Park,DL8,+44 (231) 419-3311,The American University in London,2:1,29,AUGUST 2019,Rupert Ripple
220,Donall Skitch,Male,15/09/1996,,Milton,7 Fair Oaks Circle,AB56,+44 756 242 1319,University of York,2:2,15,AUGUST 2019,Doris Bellasis
221,Chickie Kezar,Male,07/04/1996,ckezar64@lulu.com,Merton,349 Heath Plaza,SW19,+44 339 477 3938,Trinity College of Music,2:2,21,AUGUST 2019,Rupert Ripple
222,Cornall Wastall,Male,,cwastall65@craigslist.org,Halton,70367 Westport Court,LS9,+44 307 891 2864,Glasgow Caledonian University,2:1,15,AUGUST 2019,Doris Bellasis
223,Carlin Stellino,Male,02/10/1991,cstellino66@youtu.be,Middleton,3 Hollow Ridge Place,LE16,+44 (678) 424-7326,International Colleges of Islamic Science,1st,20,AUGUST 2019,Stacey Broad
224,Sherline Cudihy,Female,05/11/1994,,Norton,83612 Kensington Place,S8,+44-509-939-3189,University of Dundee,3rd,01,AUGUST 2019,Gismo Tilling
225,Burnard Fielden,Male,21/11/1993,bfielden68@google.ru,London,2 Service Alley,EC3M,+44 369 167 6443,University of Wolverhampton,2:2,21,AUGUST 2019,Gismo Tilling
226,Valle Humby,Male,18/06/1998,,Halton,0065 PAGET PARKWAY,LS9,+44-359-265-1454,"Courtauld Institute of Art, University of London",1st,21,AUGUST 2019,Sunny Sladefield
227,Jillie Howles,Female,19/02/2000,jhowles6a@hao123.com,Edinburgh,76197 Starling Place,EH9,,University of Cambridge,1st,27,AUGUST 2019,Doris Bellasis
228,Chucho Galfour,Male,03/10/1998,cgalfour6b@berkeley.edu,Burnside,9827 Amoth Lane,EH52,+44-248-783-2634,University of Leicester,2:1,13,AUGUST 2019,Gismo Tilling
229,Orland Glaisner,Male,29/08/1996,oglaisner6c@samsung.com,Denton,1 Daystar Street,M34,,Stratford College London,2:1,13,AUGUST 2019,Stacey Broad
230,Luz Gasparro,Female,04/08/1994,lgasparro6d@slashdot.org,Charlton,64123 Sutherland Way,OX12,+44 912 219 4053,Roehampton University of Surrey,3rd,08,AUGUST 2019,Sunny Sladefield
231,Anallise Scathard,Female,30/11/1999,ascathard6e@businessinsider.com,Sutton,2716 Anhalt Crossing,CT15,+44 (593) 935-2662,South Bank University,2:2,01,AUGUST 2019,Bruno Bellbrook
232,Melesa Mault,Female,29/06/1994,mmault6f@intel.com,Normanton,5409 Blue Bill Park Point,LE15,+44 662 757 0989,"School of Pharmacy, University of London",1st,07,AUGUST 2019,Sunny Sladefield
233,Bourke Molson,Male,12/01/1990,bmolson6g@yolasite.com,Edinburgh,35509 Marquette Park,EH9,,"University College London, University of London",2:1,,,
234,Trudie Kiellor,Female,,tkiellor6h@about.com,Swindon,563 Rockefeller Circle,SN1,+44 187 792 0358,Newport International University,3rd,06,AUGUST 2019,Fifi Eton
235,Nancie Sazio,Female,02/05/1993,nsazio6i@quantcast.com,Twyford,3 Merchant Road,LE14,,William Gilbert College,3rd,15,AUGUST 2019,Bruno Bellbrook
236,Welby Wishkar,Male,27/01/1992,wwishkar6j@wikispaces.com,Whitwell,1082 Riverside Center,DL10,+44-125-233-0026,"Royal Free Hospital School of Medicine, University of London",2:2,14,AUGUST 2019,Fifi Eton
237,Carce Capel,Male,27/10/1991,ccapel6k@blogs.com,Newton,559 Thompson Alley,IV1,+44 915 350 6592,City University,3rd,28,AUGUST 2019,Rupert Ripple
238,Camilla Franceschelli,Female,15/06/1999,cfranceschelli6l@usgs.gov,Leeds,17812 Anzinger Terrace,LS6,+44 549 956 2678,Wimbledon School of Art,3rd,27,AUGUST 2019,Gismo Tilling
239,Oralia Barrat,Female,23/01/1990,obarrat6m@studiopress.com,Belfast,8912 Schurz Plaza,BT2,,University of Glasgow,2:1,27,AUGUST 2019,Rupert Ripple
240,Benson Labuschagne,Male,25/03/1990,blabuschagne6n@sfgate.com,Belfast,2 Sundown Lane,BT2,+44-808-897-1567,British College of Osteopathic Medicine,2:2,01,AUGUST 2019,Stacey Broad
241,Sybille Lavarack,Female,13/01/1998,slavarack6o@spotify.com,Stapleford,4280 Gateway Way,LN6,+44 (140) 283-6341,Falmouth University,3rd,20,AUGUST 2019,Fifi Eton
242,Angelita Bellie,Female,12/03/1992,abellie6p@a8.net,London,58035 Linden Way,SW1E,+44-864-544-7432,Warnborough University,3rd,08,AUGUST 2019,Fifi Etton
243,Katuscha Ransfield,Female,26/11/1996,,Buckland,46622 Macpherson Terrace,CT16,+44 354 814 2401,University of Dundee,2:1,07,AUGUST 2019,Gismo Tilling
244,Betteanne Gold,Female,01/02/1990,bgold6r@woothemes.com,Liverpool,3947 Forest Street,L74,,Liverpool John Moores University,2:2,07,AUGUST 2019,Gismo Tilling
245,Norene Fierro,Female,29/12/1993,nfierro6s@walmart.com,Sheffield,76627 Sullivan Road,S1,+44 517 347 4973,London Guildhall University,2:1,01,AUGUST 2019,Fifi Etton
246,Mylo Sudell,Male,08/10/2000,msudell6t@bluehost.com,Horton,8935 Victoria Park,BS37,+44-648-173-8347,University of Derby,2:2,06,AUGUST 2019,Sunny Sladefield
247,Shannon Hartman,Female,11/01/1999,shartman6u@weibo.com,Merton,3 Holmberg Place,SW19,+44-184-998-9491,The Robert Gordon University,3rd,21,AUGUST 2019,Doris Bellasis
248,Blakeley Strood,Female,12/07/1994,bstrood6v@unicef.org,Hatton,2 Golf Course Park,CV35,+44 754 856 1715,"United Medical and Dental Schools, University of London",2:1,06,AUGUST 2019,Gismo Tilling
249,Rafi Downse,Male,03/01/1997,rdownse6w@freewebs.com,Halton,261 Grasskamp Pass,LS9,+44-683-754-4155,Southampton Solent University,2:2,21,AUGUST 2019,Gismo Tilling
250,Demetrius Tunstall,Male,26/01/1997,dtunstall6x@uiuc.edu,Newbiggin,15563 Buhler Circle,NE46,+44 605 772 0217,University of Bath,2:1,07,AUGUST 2019,Fifi Eton
251,Melinde Darton,Female,,mdarton6y@rambler.ru,Bristol,760 Warner Circle,BS41,+44 388 366 9566,University of Sussex,2:1,21,AUGUST 2019,Rupert Ripple
252,Dulcea Perl,Female,27/05/1990,dperl6z@ucoz.com,Halton,6 Moose Parkway,LS9,+44-163-986-6529,Huron University USA in London,1st,22,AUGUST 2019,Stacey Broad
253,Milton Conaghan,Male,02/01/1998,mconaghan70@ox.ac.uk,Linton,67 Ohio Avenue,BD23,+44 (958) 238-5665,University of Hull,2:1,08,AUGUST 2019,Sunny Sladefield
254,Chere Siddens,Female,21/12/1997,csiddens71@quantcast.com,Wirral,9998 Hansons Crossing,CH48,+44 (592) 926-9773,"University College London, University of London",2:1,29,AUGUST 2019,Fifi Etton
255,Putnem Hessing,Male,16/06/1991,phessing72@si.edu,Stapleford,401 Lawn Crossing,LN6,+44 557 975 9975,"School of Oriental and African Studies, University of London",2:2,08,AUGUST 2019,Fifi Etton
256,Timmi Haveline,Female,28/01/1997,thaveline73@posterous.com,Twyford,2 Esker Pass,LE14,+44-821-136-7665,City University,2:2,22,AUGUST 2019,Gismo Tilling
257,Garald Banasevich,Male,30/06/1995,gbanasevich74@bloglovin.com,Twyford,4 LITTLE FLEUR ROAD,LE14,+44-697-249-9053,International Colleges of Islamic Science,2:1,08,AUGUST 2019,Sunny Sladefield
258,Anselma Pavelin,Female,12/07/1992,apavelin75@deliciousdays.com,Newport,6 Clemons Parkway,NR29,+44 230 654 1886,Roehampton University of Surrey,2:1,21,AUGUST 2019,Bruno Bellbrook
259,Querida Antonacci,Female,14/06/1996,qantonacci76@seesaa.net,Liverpool,1 Arrowood Place,L33,+44 152 919 4655,University of Newcastle-upon-Tyne,1st,29,AUGUST 2019,Sunny Sladefield
260,Leda Aharoni,Female,23/01/2000,laharoni77@parallels.com,Ashley,5949 Colorado Terrace,SN13,+44 624 580 5144,University of Wales College of Medicine,2:1,13,AUGUST 2019,Stacey Broad
261,Norri Temby,Female,24/07/1990,,Sutton,4516 Sloan Park,CT15,+44 (352) 659-8051,"London School of Economics and Political Science, University of London",3rd,27,AUGUST 2019,Rupert Ripple
262,Margery Winspur,Female,14/02/1991,mwinspur79@dion.ne.jp,Wootton,766 Graceland Avenue,NN4,+44-965-284-6889,Keele University,2:2,07,AUGUST 2019,Gismo Tilling
263,Rosemonde Toffoloni,Female,20/11/1994,rtoffoloni7a@bloglovin.com,,,,+44 (319) 853-0966,"Institute of Commonwealth Studies, University of London",2:1,08,AUGUST 2019,Doris Bellasis
264,Bord Ollin,Male,17/06/1992,,Glasgow,96 Lien Terrace,G4,+44 (980) 196-0251,University of Cambridge,2:2,14,AUGUST 2019,Rupert Ripple
265,Dodie Lassells,Female,06/05/1990,dlassells7c@youtu.be,Liverpool,29 DREWRY AVENUE,L33,+44 (481) 871-5329,University of Plymouth,2:1,27,AUGUST 2019,Gismo Tilling
266,Nil Stewart,Male,12/09/1998,nstewart7d@weather.com,Kirkton,69300 Dunning Hill,KW10,+44-295-326-9249,"Warburg Institute, University of London",2:2,29,AUGUST 2019,Bruno Bellbrook
267,Corie Snodin,Female,25/08/1999,csnodin7e@macromedia.com,Kinloch,26 Charing Cross Trail,PH43,+44-825-572-1783,"Institute of Germanic Studies, University of London",3rd,22,AUGUST 2019,Fifi Etton
268,Arron Cuerdall,Male,29/07/1993,acuerdall7f@chron.com,Horton,97550 Glendale Parkway,BS37,+44 (265) 430-5804,"University of Wales Institute, Cardiff",2:1,08,AUGUST 2019,Doris Bellasis
269,Dannie Wagner,Male,,dwagner7g@latimes.com,Normanton,254 Anniversary Alley,LE15,+44 304 100 1084,London College of Science & Technology,2:2,22,AUGUST 2019,Gismo Tilling
270,Dannel Labden,Male,18/02/1998,dlabden7h@privacy.gov.au,West End,54 North Street,DN36,+44 654 321 6487,University of Southampton,2:2,,,
271,Josh Youens,Male,13/11/1992,,Bradford,627 Starling Alley,BD7,+44 234 693 8322,University of Birmingham,2:1,08,AUGUST 2019,Doris Bellasis
272,Amity Pancast,Female,12/08/1993,apancast7j@geocities.jp,Charlton,89 Vidon Junction,OX12,+44 107 463 1578,The American University in London,2:2,13,AUGUST 2019,Stacey Broad
273,Aldo Bradnum,Male,11/03/2000,,London,4854 Pepper Wood Center,WC1B,,Anglia Ruskin University,2:1,27,AUGUST 2019,Fifi Etton
274,Bronson Dykas,Male,05/01/2000,bdykas7l@nhs.uk,Ashley,20 Holy Cross Street,SN13,+44-141-282-4391,British College of Osteopathic Medicine,2:1,06,AUGUST 2019,Stacey Broad
275,Pietrek Bennett,Male,25/08/1991,pbennett7m@google.com.hk,,,,+44-499-920-8436,University of Sussex,2:1,27,AUGUST 2019,Stacey Broad
276,Woody Newling,Male,28/01/1990,wnewling7n@census.gov,Preston,054 Eagan Road,PR1,,Wimbledon School of Art,2:2,01,AUGUST 2019,Rupert Ripple
277,Xymenes Pretor,Male,15/06/2000,xpretor7o@shinystat.com,Dean,58176 Trailsway Junction,OX7,+44-891-141-1444,Kingston University,2:1,07,AUGUST 2019,Fifi Etton
278,Heinrik Allwell,Male,28/02/1995,hallwell7p@mit.edu,Milton,1 Eastwood Pass,AB56,+44 495 986 2037,,,08,AUGUST 2019,Gismo Tilling
279,Bob Rogerson,Male,26/05/1998,brogerson7q@uol.com.br,Liverpool,67 Bunker Hill Way,L74,+44 568 694 1472,"Institue of Historical Research, University of London",2:1,07,AUGUST 2019,Bruno Bellbrook
280,Neall Mayor,Male,23/05/1992,nmayor7r@whitehouse.gov,Tullich,90 Annamark Center,AB55,,Birmingham City University,2:2,07,AUGUST 2019,Sunny Sladefield
281,Haskell Bathurst,Male,06/05/1993,hbathurst7s@arizona.edu,London,66 Cherokee Way,W1F,+44 (535) 491-3802,University of Bolton,2:1,,,
282,Ilysa Kiggel,Female,03/03/1995,ikiggel7t@virginia.edu,Charlton,1 Union Plaza,OX12,+44 (826) 891-4789,Canterbury Christ Church University,1st,07,AUGUST 2019,Sunny Sladefield
283,Diana Blooman,,07/09/1995,dblooman7u@gov.uk,London,7 Vera Drive,EC1V,,Cranfield University,2:1,,,
284,Melisse Craze,Female,21/01/1995,mcraze7v@godaddy.com,East End,94922 Everett Crossing,BH21,+44 834 523 4597,University of Derby,1st,20,AUGUST 2019,Rupert Ripple
285,Charley Rennicks,,06/05/1995,crennicks7w@sourceforge.net,Birmingham,2 Ronald Regan Circle,B12,+44-454-413-8599,University of Durham,2:1,22,AUGUST 2019,Gismo Tilling
286,Willabella Setterington,Female,04/03/1995,wsetterington7x@phpbb.com,Bristol,7 Bonner Hill,BS41,+44 616 597 8629,Anglia Ruskin University,2:2,22,AUGUST 2019,Bruno Bellbrook
287,Timotheus Fockes,Male,29/07/1995,tfockes7y@github.com,Marston,115 Colorado Place,ST20,+44-988-319-7341,London College of Science & Technology,1st,,,
288,Petronille Dougharty,Female,,pdougharty7z@netvibes.com,London,3 Elmside Place,SW1E,+44-880-567-6338,"School of Pharmacy, University of London",2:1,29,AUGUST 2019,Gismo Tilling
289,Timmy Babar,Female,16/05/1999,tbabar80@yahoo.com,Upton,488 Parkside Road,WF9,+44 (901) 753-5336,"Institute of Advanced Legal Studies, University of London",3rd,,,
290,Urbano Reinisch,Male,08/05/1993,,Sutton,18 Banding Plaza,CT15,,William Gilbert College,2:1,13,AUGUST 2019,Stacey Broad
291,Celinka Hanalan,Female,28/11/1998,chanalan82@bandcamp.com,Burnside,382 Fallview Terrace,EH52,+44-513-521-5420,Huron University USA in London,2:2,,,
292,Noami Edworthye,Female,10/11/1991,nedworthye83@dell.com,Milton,9635 Burrows Plaza,AB56,+44-747-782-1247,Staffordshire University,2:2,20,AUGUST 2019,Gismo Tilling
293,Cynthia Jenny,Female,01/04/1995,cjenny84@nhs.uk,Newbiggin,6746 Valley Edge Center,NE46,+44 (928) 652-4321,Heriot-Watt University,3rd,06,AUGUST 2019,Rupert Ripple
294,Ivett Prop,Female,06/07/1993,iprop85@studiopress.com,Stapleford,79 Graedel Court,LN6,+44 516 788 2904,University of Wolverhampton,2:1,22,AUGUST 2019,Rupert Ripple
295,Lamond Levensky,Male,05/05/1995,llevensky86@redcross.org,Liverpool,45379 Mitchell Street,L74,+44-821-862-8963,The Robert Gordon University,2:1,13,AUGUST 2019,Gismo Tilling
296,Estevan Bartalini,Male,06/09/1990,ebartalini87@epa.gov,Whitchurch,6 Dorton Pass,BS14,,Wimbledon School of Art,2:1,21,AUGUST 2019,Fifi Etton
297,Redford Bubbings,Male,07/08/1999,rbubbings88@accuweather.com,Horton,7869 Barby Hill,BS37,+44 (867) 533-1160,"Institute of Germanic Studies, University of London",2:1,15,AUGUST 2019,Bruno Bellbrook
298,Brandais Reiner,Female,12/03/1996,breiner89@opera.com,Merton,36292 Northland Crossing,SW19,,"Warburg Institute, University of London",2:1,22,AUGUST 2019,Doris Bellasis
299,Ranice Woolacott,Female,04/01/1993,rwoolacott8a@salon.com,Weston,642 Carpenter Circle,GU32,+44 925 224 5366,University of Strathclyde,2:2,,,
300,Correy Clemont,Female,25/01/1996,cclemont8b@princeton.edu,Linton,2 Prairieview Circle,BD23,+44 199 934 1865,University of Sussex,1st,28,AUGUST 2019,Bruno Bellbrook
301,Starr Curcher,Female,17/01/1993,scurcher8c@va.gov,Norton,381 Rutledge Road,S8,+44 215 501 3510,University of Strathclyde,3rd,15,AUGUST 2019,Sunny Sladefield
302,Rosaline Goldsmith,Female,10/08/1997,rgoldsmith8d@geocities.jp,Thorpe,28083 Acker Center,BD23,+44 157 547 6853,University of Oxford,2:1,21,AUGUST 2019,Rupert Ripple
303,Chancey Climer,Male,23/06/1998,cclimer8e@jigsy.com,Newton,25676 Washington Alley,IV1,+44 963 669 4517,Newport International University,2:1,27,AUGUST 2019,Doris Bellasis
304,Gena Humbles,Female,12/03/1997,ghumbles8f@ow.ly,Seaton,75 Ryan Place,LE15,+44-406-548-4175,University of Glasgow,2:1,29,AUGUST 2019,Bruno Bellbrook
305,Pascal Reid,Male,13/02/1992,preid8g@msn.com,Brampton,3690 Orin Road,NR34,+44 (162) 566-8533,De Montfort University Leicester,3rd,,,
306,Rebekah Brimm,Female,19/08/1998,rbrimm8h@businesswire.com,Tullich,58058 Cherokee Lane,AB55,+44 (886) 996-8892,University of Glamorgan,2:1,21,AUGUST 2019,Doris Bellasis
307,Madeleine Younglove,Female,30/12/1997,myounglove8i@surveymonkey.com,Dean,934 Comanche Alley,OX7,+44 (597) 309-4393,Trinity College of Music,2:2,06,AUGUST 2019,Sunny Sladefield
308,Leonerd Scamel,Male,11/08/1993,lscamel8j@github.io,West End,411 Buell Court,DN36,+44 913 535 8855,Coventry University,1st,08,AUGUST 2019,Stacey Broad
309,Onfre Kenningham,Male,08/01/1999,okenningham8k@howstuffworks.com,Leeds,50 Buell Drive,LS6,+44 166 529 5830,Glasgow School of Art,2:1,,,
310,Maurita Sergison,Female,07/01/2000,msergison8l@ning.com,Carlton,39 Troy Avenue,DL8,+44 (558) 645-7112,International Centre for Isclamic Science,3rd,06,AUGUST 2019,Sunny Sladefield
311,Balduin Culleton,Male,03/06/1995,bculleton8m@desdev.cn,Carlton,0 Ronald Regan Plaza,DL8,+44-722-309-5918,University of Manchester,1st,13,AUGUST 2019,Fifi Etton
312,Hedy Cullinane,Female,21/02/1998,hcullinane8n@pen.io,Ford,865 Arapahoe Road,GL54,,University of Leicester,2:2,22,AUGUST 2019,Sunny Sladefield
313,Oliy Ellar,Female,14/06/1996,oellar8o@icq.com,Tullich,94262 Lighthouse Bay Plaza,AB55,+44-718-517-5256,"Institute of Germanic Studies, University of London",3rd,13,AUGUST 2019,Sunny Sladefield
314,Carena Nizet,Female,26/01/1999,cnizet8p@miitbeian.gov.cn,Ashley,97 Vera Circle,SN13,+44-299-629-3704,"University College London, University of London",2:1,08,AUGUST 2019,Stacey Broad
315,Charleen Androlli,Female,08/04/1994,candrolli8q@cafepress.com,Twyford,633 Chinook Road,LE14,+44 495 755 7662,University of Glasgow,2:2,06,AUGUST 2019,Gismo Tilling
316,Elfrieda Bilham,Female,09/10/1995,ebilham8r@time.com,Carlton,246 Moose Parkway,DL8,+44 (618) 203-3952,"Institue of Historical Research, University of London",2:1,14,AUGUST 2019,Bruno Bellbrook
317,Anna Bownes,Female,16/10/1995,abownes8s@sun.com,Bradford,56 Wayridge Circle,BD7,,"Birkbeck College, University of London",2:1,01,AUGUST 2019,Doris Bellasis
318,Rose Roarty,Female,18/05/1999,rroarty8t@psu.edu,Pentre,295 Havey Center,SY4,+44 411 537 2024,Oxford Brookes University,2:2,21,AUGUST 2019,Bruno Bellbrook
319,Theo Ottee,Male,,,Langley,2 Sachs Point,SG4,+44-849-667-7761,University of Wales,2:1,21,AUGUST 2019,Bruno Bellbrook
320,Britt Summergill,Male,24/10/1993,bsummergill8v@discovery.com,Langley,1 Tomscot Center,SG4,+44 (357) 886-5012,"Birkbeck College, University of London",2:2,28,AUGUST 2019,Stacey Broad
321,Nial Oret,Male,21/09/2000,,Norton,585 Monterey Avenue,NN11,+44 378 713 7249,"University of Wales Institute, Cardiff",1st,13,AUGUST 2019,Gismo Tilling
322,Jody Paule,Male,16/11/1994,jpaule8x@infoseek.co.jp,Swindon,50306 Becker Way,SN1,+44-679-965-8639,University of Warwick,3rd,27,AUGUST 2019,Doris Bellasis
323,Wilfred Laughren,Male,09/09/1992,wlaughren8y@reverbnation.com,Thorpe,14 Chinook Terrace,BD23,,Glasgow Caledonian University,2:2,07,AUGUST 2019,Bruno Belbrook
324,Pegeen O'Lochan,Female,16/05/1992,polochan8z@xinhuanet.com,London,5086 Thompson Avenue,WC2H,+44 369 936 3505,University of Ulster,2:2,15,AUGUST 2019,Gismo Tilling
325,Kingsley Hardaker,Male,10/03/1993,khardaker90@technorati.com,London,11 Del Mar Plaza,EC3M,+44-252-194-5570,University of Sunderland,1st,28,AUGUST 2019,Gismo Tilling
326,Elias Jentzsch,Male,13/09/1993,ejentzsch91@howstuffworks.com,Aberdeen,3716 Ruskin Park,AB39,+44 (416) 818-0427,University of Durham,2:1,06,AUGUST 2019,Stacey Broad
327,Renault Rockell,Male,19/09/2000,rrockell92@t.co,Liverpool,268 Independence Center,L33,+44 827 489 3980,"Goldsmiths College, University of London",2:1,13,AUGUST 2019,Rupert Ripple
328,Lorine Bignall,,07/01/1990,lbignall93@answers.com,Halton,6 Johnson Parkway,LS9,+44-352-567-2933,Heriot-Watt University,2:1,01,AUGUST 2019,Stacey Broad
329,Christian Bingley,Male,,cbingley94@skype.com,Kinloch,94731 Loomis Drive,PH43,+44 712 532 6319,"University of Wales, Lampeter",2:1,13,AUGUST 2019,Doris Bellasis
330,Dominique Izhakov,Female,,dizhakov95@google.pl,London,31 Tennessee Lane,WC1B,,Swansea Metropolitan University,3rd,22,AUGUST 2019,Doris Bellasis
331,Elaina Allso,Female,31/08/1998,eallso96@1688.com,Leeds,0376 Hintze Junction,LS6,+44 217 945 9883,"Royal College of Music, University of London",2:1,,,
332,Donielle Godball,Female,14/07/1996,dgodball97@unc.edu,Kinloch,68803 Canary Street,PH43,+44-474-697-4143,University of Abertay Dundee,2:2,29,AUGUST 2019,Sunny Sladefield
333,Ad Do,Male,05/10/1995,ado98@ft.com,East End,169 Coolidge Way,BH21,+44 (739) 732-0550,"Birkbeck College, University of London",2:2,21,AUGUST 2019,Rupert Ripple
334,Beret Devonside,Female,30/12/1994,bdevonside99@blogtalkradio.com,Eaton,99020 Brickson Park Street,DN22,+44-456-649-4640,"Institute of Latin American Studies, University of London",2:2,15,AUGUST 2019,Fifi Etton
335,Denyse Weth,Female,26/09/1991,dweth9a@europa.eu,Upton,00 Cody Pass,WF9,+44-351-386-5761,De Montfort University Leicester,2:2,22,AUGUST 2019,Doris Bellasis
336,Selia Annell,Female,29/01/1998,sannell9b@mtv.com,Church End,858 Leroy Hill,CB4,+44 871 422 6501,Loughborough University,2:1,28,AUGUST 2019,Rupert Ripple
337,Elsbeth Hardcastle,Female,30/09/1994,ehardcastle9c@wisc.edu,Horton,7 Ludington Road,BS37,,"London School of Hygiene & Tropical Medicine, University of London",2:2,07,AUGUST 2019,Doris Bellasis
338,Sharity Hawkswell,Female,29/09/1996,,Seaton,238 Maple Wood Point,LE15,+44-553-150-3955,Trinity College of Music,1st,28,AUGUST 2019,Fifi Eton
339,Deirdre Van den Velde,Female,09/07/1992,dvan9e@phoca.cz,Newbiggin,87 Steensland Terrace,NE46,+44 796 606 3646,University of Kent at Canterbury,2:2,01,AUGUST 2019,Bruno Bellbrook
340,Bevon Mustill,Male,14/01/1995,bmustill9f@ustream.tv,Walton,609 Orin Parkway,CV35,,University of Glamorgan,2:1,15,AUGUST 2019,Rupert Ripple
341,Ruthe Adolthine,Female,07/08/1990,radolthine9g@irs.gov,Dean,59827 Wayridge Street,OX7,,"Birkbeck College, University of London",3rd,01,AUGUST 2019,Bruno Bellbrook
342,Vaughn Wallington,Male,15/12/2000,vwallington9h@admin.ch,Newton,7 Jana Park,IV1,+44 795 503 6652,University of Westminster,1st,27,AUGUST 2019,Rupert Ripple
343,Matty Ceney,Male,,mceney9i@cbslocal.com,Burnside,428 Namekagon Park,EH52,+44 (664) 282-1227,Cranfield University,2:2,08,AUGUST 2019,Gismo Tilling
344,Tommi Karby,Female,16/03/2000,tkarby9j@sfgate.com,Upton,01 Colorado Point,WF9,+44 939 718 6973,"Schiller International University, London",3rd,,,
345,Parnell Weddup,Male,09/10/1992,pweddup9k@house.gov,London,6 Lawn Avenue,EC1V,,University of Worcester,2:1,28,AUGUST 2019,Doris Bellasis
346,Rubia Espy,Female,23/04/1993,respy9l@github.com,Glasgow,908 Carberry Junction,G4,+44 (657) 918-0767,University of Derby,2:1,08,AUGUST 2019,Rupert Ripple
347,Johannah Holwell,Female,30/04/1990,jholwell9m@bloglovin.com,Twyford,496 Lakeland Crossing,LE14,+44 637 174 3795,"Royal Academy of Music, University of London",2:1,28,AUGUST 2019,Rupert Ripple
348,Meridel Dearell,Female,13/01/1994,mdearell9n@slashdot.org,Aberdeen,28 Gina Trail,AB39,+44 425 291 3133,International Colleges of Islamic Science,2:1,21,AUGUST 2019,Doris Bellasis
349,Kathryne Athridge,Female,10/03/1993,kathridge9o@edublogs.org,Merton,9 Judy Hill,SW19,+44 (773) 916-6682,University Campus Suffolk,1st,14,AUGUST 2019,Gismo Tilling
350,Noelyn Sinkin,Female,22/10/1994,nsinkin9p@epa.gov,Marston,0234 Cottonwood Street,ST20,+44 229 257 9433,University of Cambridge,2:2,21,AUGUST 2019,Fifi Etton
351,MOZELLE GRINNOV,Female,16/05/1998,mgrinnov9q@ucsd.edu,Newton,5457 Old Shore Alley,IV1,+44 (882) 965-8669,Thames Valley University,1st,20,AUGUST 2019,Doris Bellasis
352,Christyna Arkill,Female,19/03/1993,carkill9r@wp.com,Swindon,56289 Dapin Point,SN1,+44-888-686-9518,Royal Holloway and Bedford New College,2:2,21,AUGUST 2019,Fifi Eton
353,Kain Lowne,Male,26/09/1993,,Belfast,8 Clove Circle,BT2,+44 475 298 8674,London School of Jewish Studies,2:2,29,AUGUST 2019,Doris Bellasis
354,Ginnie Todaro,Female,01/12/1999,gtodaro9t@nps.gov,Linton,9432 West Terrace,BD23,+44-593-824-7361,Richmond University - The American International University in London,2:1,,,
355,Mitchel Blackesland,Male,14/12/1994,mblackesland9u@microsoft.com,Sutton,70172 Algoma Parkway,CT15,+44 590 819 7376,University of East Anglia,2:2,14,AUGUST 2019,Bruno Bellbrook
356,Albie Lyon,Male,14/11/2000,alyon9v@elegantthemes.com,Newton,728 Corben Street,NG34,+44 631 447 5844,University of Gloucestershire,3rd,22,AUGUST 2019,Rupert Ripple
357,Farand Rotlauf,Female,24/06/2000,frotlauf9w@bandcamp.com,Denton,48127 Walton Terrace,M34,+44-712-481-0995,"Saint George's Hospital Medical School, University of London",2:2,20,AUGUST 2019,Sunny Sladefield
358,Minetta Flye,Female,01/04/1990,mflye9x@prnewswire.com,Kingston,11 Shelley Street,DT10,+44 (294) 595-7249,University of East Anglia,2:2,,,
359,Bo Fargie,Male,28/11/1997,bfargie9y@tamu.edu,Wirral,300 Hollow Ridge Road,CH48,+44 380 431 7055,Nottingham Trent University,1st,28,AUGUST 2019,Fifi Etton
360,Eloise Volke,Female,02/03/1990,evolke9z@last.fm,Seaton,274 Hoard Trail,LE15,+44 (950) 183-1890,"University of Wales, Bangor",3rd,07,AUGUST 2019,Stacey Broad
361,Arch Cookley,Male,19/10/1994,,Normanton,333 Farmco Park,LE15,+44 815 256 1567,Open University,2:1,20,AUGUST 2019,Rupert Ripple
362,Martica Cawse,Female,02/08/1990,mcawsea1@miitbeian.gov.cn,Denton,265 Kedzie Point,M34,+44-783-103-4229,University of Aberdeen,2:1,08,AUGUST 2019,Doris Bellasis
363,Darelle Michal,Female,03/01/1999,dmichala2@flavors.me,Liverpool,4 Thierer Court,L74,+44 374 203 3409,"Institute of Education, University of London",2:2,14,AUGUST 2019,Bruno Bellbrook
364,Nancie Mehaffey,Female,10/10/1991,nmehaffeya3@sourceforge.net,Sheffield,83528 Upham Pass,S33,+44 (253) 197-4969,Loughborough University,2:1,08,AUGUST 2019,Doris Bellasis
365,DONNAMARIE SCHOFIELD,Female,16/05/2000,dschofielda4@friendfeed.com,Craigavon,3396 Northland Center,BT66,+44-794-406-8330,"School of Oriental and African Studies, University of London",2:1,15,AUGUST 2019,Doris Bellasis
366,Erda Liddel,Female,26/01/1996,eliddela5@amazon.com,Milton,5 Eastlawn Terrace,NG22,+44 360 531 8508,,,06,AUGUST 2019,Doris Bellasis
367,Berky Lemar,Male,,blemara6@shop-pro.jp,Seaton,3848 CLEMONS LANE,LE15,+44 (326) 348-1237,University of Sunderland,2:2,08,AUGUST 2019,Doris Bellasis
368,Tull Beadnall,Male,06/07/1995,tbeadnalla7@youtu.be,Burnside,997 Brown Drive,EH52,+44 835 239 5929,"Institute of Education, University of London",1st,,,
369,ALISTER BRU,Male,,abrua8@theglobeandmail.com,Horton,8203 Rutledge Plaza,BS37,+44 (333) 316-3148,Heriot-Watt University,2:1,07,AUGUST 2019,Fifi Eton
370,Sigismund Izkovici,Male,04/06/1993,sizkovicia9@ask.com,Ford,5021 Sherman Parkway,GL54,+44 824 617 8736,University of Wales College of Medicine,2:2,15,AUGUST 2019,Gismo Tilling
371,Star Jurges,Female,31/01/1993,sjurgesaa@rakuten.co.jp,Craigavon,3592 Straubel Terrace,BT66,+44 331 492 2834,,,01,AUGUST 2019,Gismo Tilling
372,Pauly Gillbee,Male,16/10/1994,pgillbeeab@vinaora.com,Milton,0 Namekagon Way,NG22,+44-916-798-2289,"Royal College of Music, University of London",2:1,28,AUGUST 2019,Rupert Ripple
373,Christine Scalera,Female,29/03/1999,cscaleraac@merriam-webster.com,Norton,79603 Anniversary Point,S8,+44-882-871-4676,Liverpool John Moores University,2:1,29,AUGUST 2019,Fifi Eton
374,Stan Forkan,Male,22/12/1996,sforkanad@taobao.com,Twyford,4 Crowley Trail,LE14,+44 (767) 684-0011,Camberwell College of Arts,3rd,01,AUGUST 2019,Fifi Etton
375,Kellia Dawtrey,Female,28/07/1994,kdawtreyae@un.org,Bradford,72929 Dexter Pass,BD7,+44-312-896-1480,Napier University,2:1,27,AUGUST 2019,Stacey Broad
376,Kata Jedrasik,Female,13/05/1994,kjedrasikaf@smugmug.com,Charlton,53 Talmadge Place,OX12,+44 794 976 1107,Loughborough University,2:1,15,AUGUST 2019,Stacey Broad
377,Brinn Trewhela,Female,15/06/1992,btrewhelaag@senate.gov,East End,87 Del Mar Court,BH21,+44-104-561-3809,"King's College London, University of London",2:2,06,AUGUST 2019,Doris Bellasis
378,Rodrigo Endrighi,Male,26/08/1997,rendrighiah@foxnews.com,Seaton,1 Mcguire Lane,LE15,+44-575-398-3601,University of Buckingham,2:2,14,AUGUST 2019,Bruno Bellbrook
379,Tansy Dukelow,Female,15/10/1999,tdukelowai@4shared.com,Middleton,0894 Lakewood Crossing,LE16,,University of Essex,2:1,20,AUGUST 2019,Sunny Sladefield
380,Doro Bower,Female,15/06/1993,dboweraj@mapquest.com,London,7458 Anzinger Hill,WC2H,+44 243 496 5594,Huron University USA in London,2:1,21,AUGUST 2019,Doris Bellasis
381,Sean Ovise,Female,21/07/2000,soviseak@vkontakte.ru,London,00 Pepper Wood Plaza,WC1B,+44 (893) 524-3353,The Robert Gordon University,2:2,27,AUGUST 2019,Gismo Tilling
382,Anselma Pawlett,Female,10/10/1997,apawlettal@opensource.org,Liverpool,5 Kings Court,L33,,Kingston University,2:2,21,AUGUST 2019,Rupert Ripple
383,Kerrie Rosi,Female,26/08/1993,krosiam@phoca.cz,Birmingham,2 Superior Way,B12,+44 (569) 205-6825,University of Lancaster,2:2,22,AUGUST 2019,Doris Bellasis
384,Dorothy Hailwood,Female,16/10/1990,dhailwoodan@mediafire.com,Sheffield,4080 Transport Parkway,S1,+44 (435) 301-0305,"Royal Academy of Music, University of London",1st,15,AUGUST 2019,Fifi Etton
385,Jodie Kaygill,Female,10/12/1995,jkaygillao@mapy.cz,London,2457 Village Parkway,EC1V,+44 (347) 496-1484,University of Brighton,1st,01,AUGUST 2019,Doris Bellasis
386,Geneva Winscomb,Female,26/05/1993,gwinscombap@samsung.com,Horton,8 Grim Place,BS37,,"School of Slavonic and East European Studies, University of London",2:2,29,AUGUST 2019,Rupert Ripple
387,Jim Dwerryhouse,Male,15/06/1995,jdwerryhouseaq@prlog.org,Kinloch,758 Mayer Way,PH43,+44 809 532 3680,University of Lincoln,3rd,27,AUGUST 2019,Stacey Broad
388,Tonnie Knapton,Male,28/01/1996,tknaptonar@comsenz.com,Normanton,792 Maple Wood Point,LE15,+44 387 841 4070,Imperial College School of Medicine,2:1,07,AUGUST 2019,Sunny Sladefield
389,Tim Hush,Male,22/05/2000,thushas@google.ru,Thorpe,52 Boyd Drive,BD23,,Napier University,2:2,01,AUGUST 2019,Sunny Sladefield
390,Ayn Novichenko,Female,09/06/1992,anovichenkoat@narod.ru,Glasgow,8 Dapin Crossing,G4,+44 579 708 5095,City University,3rd,20,AUGUST 2019,Sunny Sladefield
391,Had Boow,Male,19/11/1998,hboowau@qq.com,London,13 Debra Drive,SW1E,+44-319-997-5634,University of Bedfordshire,3rd,,,
392,Delinda Conybear,Female,07/02/1994,dconybearav@wikispaces.com,Linton,846 Corben Pass,BD23,+44-686-686-7952,"Institute of Germanic Studies, University of London",2:2,01,AUGUST 2019,Doris Bellasis
393,Norby Burle,Male,10/08/1992,nburleaw@yellowbook.com,Belfast,517 Claremont Road,BT2,+44 770 146 3004,"King's College London, University of London",2:2,21,AUGUST 2019,Gismo Tilling
394,Robinet Renwick,Male,18/04/1992,rrenwickax@amazon.co.jp,Newbiggin,45 Sachs Avenue,NE46,+44 494 119 2719,Swansea Metropolitan University,2:1,15,AUGUST 2019,Gismo Tilling
395,Perry Richemond,Male,29/09/1995,prichemonday@t.co,London,3 Goodland Road,SW1E,+44-122-669-3633,University of Southampton,2:2,08,AUGUST 2019,Sunny Sladefield
396,Carlyn Reisin,Female,28/02/1998,creisinaz@fotki.com,Newton,4159 Paget Court,IV1,+44-261-875-1159,University of Huddersfield,3rd,14,AUGUST 2019,Rupert Ripple
397,Myrvyn Woolpert,Male,12/04/1994,mwoolpertb0@qq.com,Normanton,9 Corry Trail,LE15,+44-623-798-8942,Cranfield University,3rd,,,
398,Horatius Starking,Male,24/12/1999,hstarkingb1@telegraph.co.uk,Thorpe,783 PARK MEADOW DRIVE,BD23,+44-942-345-4338,Anglia Ruskin University,2:1,08,AUGUST 2019,Fifi Etton
399,Leoline Vigietti,Female,27/01/1992,lvigiettib2@vistaprint.com,Newtown,3 Marcy Pass,RG20,+44 (947) 177-2148,"Institute of Latin American Studies, University of London",1st,07,AUGUST 2019,Rupert Ripple
400,Candis Gamet,Female,25/01/1991,cgametb3@guardian.co.uk,Sutton,13861 Barby Road,CT15,+44 (553) 515-1872,Central Saint Martins College of Art & Design,2:1,06,AUGUST 2019,Doris Bellasis
401,Teriann Tryhorn,Female,,ttryhornb4@blogger.com,Walton,3964 EAGLE CREST ROAD,CV35,+44 872 827 8706,University of Central Lancashire,2:1,,,
402,Rudolf Maple,Male,19/12/1995,rmapleb5@geocities.jp,London,6499 Grasskamp Circle,WC2H,+44-506-490-4822,University of Surrey,1st,21,AUGUST 2019,Doris Bellasis
403,Alwin Bullman,Male,30/12/1997,abullmanb6@reference.com,London,1541 Dorton Trail,WC1B,+44 426 937 4323,The Robert Gordon University,2:2,07,AUGUST 2019,Doris Bellasis
404,Shae Ainslie,Male,18/08/1992,sainslieb7@google.es,Seaton,97 Mifflin Alley,LE15,+44-410-604-8954,,,15,AUGUST 2019,Doris Bellasis
405,Ciel Poizer,Female,02/05/1998,cpoizerb8@cornell.edu,Wootton,809 Lukken Pass,NN4,+44-629-524-2681,"Heythrop College, University of London",1st,14,AUGUST 2019,Fifi Eton
406,Nancee Reymers,Female,03/01/1991,nreymersb9@archive.org,Charlton,17 Oakridge Terrace,OX12,+44 299 422 5705,Napier University,2:1,21,AUGUST 2019,Fifi Etton
407,Reagen Pudge,Male,05/02/1990,rpudgeba@dyndns.org,London,3 Summer Ridge Junction,EC3M,+44 591 129 9715,University of Worcester,3rd,01,AUGUST 2019,Sunny Sladefield
408,Matteo Yeowell,Male,02/12/1999,myeowellbb@huffingtonpost.com,Upton,8 Vidon Lane,WF9,+44-627-576-6998,University of Portsmouth,2:1,01,AUGUST 2019,Doris Bellasis
409,Saundra Fuzzens,Female,21/12/1991,,Sheffield,4960 Bashford Alley,S1,+44 914 723 4159,Oxford Brookes University,2:1,28,AUGUST 2019,Doris Bellasis
410,Susannah Lightollers,Female,21/09/1999,slightollersbd@yahoo.com,Upton,2531 Bonner Lane,WF9,+44 580 241 1018,The American University in London,2:1,,,
411,Jamima Breslane,Female,29/04/1996,jbreslanebe@upenn.edu,West End,15815 Vahlen Circle,DN36,+44-155-115-0139,"University of Wales, Newport",2:1,,,
412,Denise Oppy,Female,26/07/1999,doppybf@delicious.com,Glasgow,64 Milwaukee Terrace,G4,+44 473 525 3092,University of Stirling,1st,21,AUGUST 2019,Fifi Eton
413,Florance Durram,Female,15/11/1994,fdurrambg@newyorker.com,Whitwell,5569 Hooker Trail,DL10,+44 363 794 5040,"University of the West of England, Bristol",2:1,15,AUGUST 2019,Fifi Eton
414,Maye Targetter,Female,18/12/1999,mtargetterbh@hp.com,Norton,2 Tomscot Alley,NN11,+44 510 288 3384,University of Nottingham,2:1,01,AUGUST 2019,Fifi Eton
415,Norina Bernadzki,Female,04/07/1996,nbernadzkibi@nationalgeographic.com,Wirral,49 Glacier Hill Pass,CH48,+44 113 384 3057,"United Medical and Dental Schools, University of London",2:2,,,
416,Randal Tilliard,Male,29/03/2000,rtilliardbj@oaic.gov.au,Wirral,373 5th Way,CH48,+44 (530) 321-2361,Royal College of Art,1st,29,AUGUST 2019,Stacey Broad
417,Didi Stronough,Female,10/04/2000,dstronoughbk@simplemachines.org,Walton,7 Oneill Trail,CV35,+44-484-505-3859,Thames Valley University,2:1,29,AUGUST 2019,Doris Bellasis
418,Gilbert Gulc,Male,05/09/1991,ggulcbl@vkontakte.ru,Sutton,418 Granby Point,CT15,,,,29,AUGUST 2019,Stacey Broad
419,Tarrah Bunny,Female,17/06/1998,tbunnybm@weebly.com,Thorpe,991 Bashford Street,BD23,+44 (881) 455-5702,University of Teesside,2:1,07,AUGUST 2019,Fifi Eton
420,Bondon Josselson,Male,11/01/1994,bjosselsonbn@ucsd.edu,Horton,111 West Hill,BS37,+44-833-264-5549,International Centre for Isclamic Science,2:1,15,AUGUST 2019,Fifi Etton
421,Denny Begg,Female,30/04/1993,dbeggbo@unc.edu,West End,56458 Tennyson Park,DN36,+44 (270) 453-9867,University of Leeds,2:1,08,AUGUST 2019,Gismo Tilling
422,Stacey Poe,Female,04/06/1994,spoebp@symantec.com,,,,+44 915 639 6363,University of Surrey,1st,27,AUGUST 2019,Gismo Tilling
423,Clim Lovie,Male,13/01/1996,cloviebq@wufoo.com,Church End,4803 Rockefeller Park,N3,+44 (351) 937-3200,University of Hertfordshire,2:1,29,AUGUST 2019,Rupert Ripple
424,Wolf Radolf,Male,09/01/1999,wradolfbr@eventbrite.com,Weston,6238 Dorton Point,GU32,,"University of Wales, Aberystwyth",2:1,08,AUGUST 2019,Doris Bellasis
425,Ferrel Lissandrini,Male,09/03/2000,flissandrinibs@artisteer.com,,,,+44 (319) 410-4834,International Colleges of Islamic Science,2:2,29,AUGUST 2019,Gismo Tilling
426,Carlos Gerckens,Male,23/06/1997,cgerckensbt@dyndns.org,Weston,06036 Di Loreto Point,GU32,+44-103-659-7119,"United Medical and Dental Schools, University of London",1st,01,AUGUST 2019,Bruno Bellbrook
427,Alric Basham,Male,08/05/1996,,London,95 Cottonwood Crossing,WC1B,+44 612 412 5443,Kingston University,2:2,,,
428,Nevil Vidyapin,Male,17/02/1991,nvidyapinbv@wikia.com,Charlton,1 Del Sol Trail,OX12,+44 (770) 272-7520,Imperial College London,2:1,01,AUGUST 2019,Sunny Sladefield
429,Blake Nunson,Male,18/09/1991,bnunsonbw@sciencedirect.com,Newton,6 Thompson Lane,NG34,+44 406 564 6049,"School of Pharmacy, University of London",2:2,01,AUGUST 2019,Gismo Tilling
430,Paula Danielsen,Female,27/01/1997,pdanielsenbx@wordpress.com,London,6804 Butternut Trail,EC1V,+44 (519) 934-0937,Thames Valley University,2:1,22,AUGUST 2019,Sunny Sladefield
431,Brose Menghi,Male,27/04/1999,bmenghiby@dedecms.com,London,698 Norway Maple Lane,EC3M,+44 (132) 278-2049,Staffordshire University,2:1,06,AUGUST 2019,Sunny Sladefield
432,Ross Beevors,Male,22/01/1998,rbeevorsbz@ed.gov,Middleton,1747 Schlimgen Road,LE16,+44 (874) 539-5771,Royal College of Art,2:2,01,AUGUST 2019,Sunny Sladefield
433,Junia Collins,Female,07/11/1991,jcollinsc0@telegraph.co.uk,Denton,5892 Arapahoe Trail,M34,+44 (777) 769-8567,University of Dundee,2:2,29,AUGUST 2019,Sunny Sladefield
434,Charlot Coddington,Female,06/12/1994,ccoddingtonc1@yale.edu,Hatton,0 Michigan Park,CV35,,Trinity College Carmarthen,2:2,,,
435,Frederik Hulson,Male,03/07/1994,fhulsonc2@github.io,Norton,7648 Dapin Crossing,S8,+44 640 277 0740,University of Cambridge,2:1,,,
436,Jule Corke,Male,30/01/1997,jcorkec3@taobao.com,London,81 Miller Way,W1F,+44 490 670 1789,"Saint George's Hospital Medical School, University of London",2:2,29,AUGUST 2019,Gismo Tilling
437,Gareth De Micoli,Male,22/07/1994,gdec4@addthis.com,Upton,76 Fallview Court,WF9,+44 881 448 8010,Heriot-Watt University,2:1,29,AUGUST 2019,Fifi Eton
438,Pierrette Minillo,Female,29/12/1995,pminilloc5@guardian.co.uk,Birmingham,76 Di Loreto Point,B40,+44 678 870 6600,"Institute of Education, University of London",2:1,08,AUGUST 2019,Doris Bellasis
439,Matteo Cornewell,Male,05/10/1991,mcornewellc6@storify.com,Bristol,3433 Graceland Center,BS41,+44 (896) 752-8795,Brunel University Uxbridge,1st,27,AUGUST 2019,Fifi Etton
440,Sid Libbie,Male,16/12/1996,slibbiec7@cbc.ca,Thorpe,81954 Crest Line Junction,BD23,,Heriot-Watt University,2:1,01,AUGUST 2019,Fifi Eton
441,Linda Luto,Female,11/12/1995,llutoc8@opera.com,,,,+44 (738) 504-1157,University of Worcester,1st,27,AUGUST 2019,Gismo Tilling
442,Rhody Cushion,Female,27/12/1992,rcushionc9@si.edu,Normanton,7497 Warbler Drive,LE15,+44-682-772-8471,"Royal College of Music, University of London",3rd,27,AUGUST 2019,Gismo Tilling
443,Chester Hanselmann,Male,25/03/1991,chanselmannca@hubpages.com,Birmingham,3074 Hermina Junction,B12,+44 (348) 180-2758,Nottingham Trent University,1st,07,AUGUST 2019,Gismo Tilling
444,Courtney Wenman,Female,15/12/1992,cwenmancb@go.com,Upton,8505 7th Point,WF9,,University of Oxford,2:1,28,AUGUST 2019,Fifi Eton
445,Vaclav Ortler,Male,22/06/1993,,Whitwell,246 Bayside Court,DL10,+44-502-120-5729,American InterContinental University - London,1st,20,AUGUST 2019,Rupert Ripple
446,Mariquilla Cowope,Female,11/01/1998,mcowopecd@nydailynews.com,Wirral,78 Lighthouse Bay Road,CH48,+44 418 559 4549,Open University,2:2,14,AUGUST 2019,Fifi Etton
447,Aldo Auguste,Male,23/06/1996,aaugustece@ibm.com,Liverpool,6 Chive Center,L33,+44-449-128-1366,Sheffield Hallam University,2:1,,,
448,Kandace Obee,Female,20/01/1998,kobeecf@arizona.edu,Stapleford,39 Thierer Pass,LN6,+44 541 280 2154,London Business School,2:2,08,AUGUST 2019,Sunny Sladefield
449,Joey MacGeffen,Female,09/05/1993,jmacgeffencg@xinhuanet.com,Tullich,02 Fordem Center,AB55,+44 164 418 0157,Buckinghamshire New University,2:2,14,AUGUST 2019,Fifi Etton
450,Alene Rugge,Female,,aruggech@gov.uk,Edinburgh,189 Delaware Lane,EH9,,,,,,
451,Cora Klausewitz,Female,16/01/1998,cklausewitzci@is.gd,Carlton,43086 Commercial Trail,DL8,+44 203 315 3500,London Guildhall University,1st,15,AUGUST 2019,Fifi Etton
452,Gris Brame,Male,16/10/1991,gbramecj@biglobe.ne.jp,Newton,68096 Esch Road,NG34,+44 (421) 799-7106,University Campus Suffolk,2:2,14,AUGUST 2019,Bruno Bellbrook
453,Franz Thickin,Male,09/05/1996,,Sheffield,8516 Del Sol Parkway,S33,+44 439 915 1789,International Centre for Isclamic Science,3rd,20,AUGUST 2019,Rupert Ripple
