id,name,gender,dob,email,city,address,postcode,phone_number,uni,degree,invited_date,month,invited_by
1,Tobe Markovic,Female,26/12/1996,tmarkovic0@ucsd.edu,Dean,02 Fremont Drive,OX7,+44 368 497 6526,"Birkbeck College, University of London",1st,05,DECEMBER 2019,Doris Bellasis
2,Candy Berends,,12/08/1996,cberends1@soup.io,Newbiggin,0232 Corben Terrace,NE46,+44-723-923-2347,University of Bradford,2:1,10,DECEMBER 2019,Rupert Ripple
3,Theresita Petrenko,Female,17/12/1997,tpetrenko2@examiner.com,London,68942 Gale Center,SW1E,+44-882-263-7448,Buckinghamshire New University,2:2,,,
4,Charmian Martinuzzi,Female,27/09/1999,cmartinuzzi3@sourceforge.net,Eaton,1670 Westridge Way,DN22,+44 581 983 5905,Southampton Solent University,2:1,17,DECEMBER 2019,Doris Bellasis
5,Mirabelle Shakeshaft,Female,30/09/2000,mshakeshaft4@printfriendly.com,Birmingham,82566 Bay Circle,B40,+44-529-594-3901,Warnborough University,2:1,18,DECEMBER 2019,Bruno Bellbrook
6,Benita Downgate,Female,04/07/1993,bdowngate5@yahoo.com,Milton,95 Shoshone Circle,AB56,+44 (734) 433-9926,Open University,2:1,05,DECEMBER 2019,Bruno Bellbrook
7,Adolpho Litterick,Male,04/04/1996,alitterick6@liveinternet.ru,Walton,6 Cody Circle,CV35,,"Queen Mary and Westfield College, University of London",2:2,10,DECEMBER 2019,Bruno Bellbrook
8,Rockey Courtes,,07/12/1999,rcourtes7@mashable.com,West End,7888 Nevada Plaza,DN36,+44 (880) 598-7565,"London School of Economics and Political Science, University of London",2:1,10,DECEMBER 2019,Bruno Bellbrook
9,See Foynes,Male,21/11/1993,sfoynes8@noaa.gov,Linton,54 Graceland Court,BD23,+44 (596) 828-0895,Imperial College London,2:1,18,DECEMBER 2019,Bruno Bellbrook
10,Berry Gammel,Female,25/03/1996,bgammel9@nydailynews.com,Kingston,4149 Bluejay Pass,DT10,+44 (540) 203-3791,University of Teesside,1st,11,DECEMBER 2019,Rupert Ripple
11,Dionis Rowatt,Female,01/05/1998,drowatta@dmoz.org,Milton,70 Brown Park,NG22,+44 995 325 1191,University of London,2:1,05,DECEMBER 2019,Gismo Tilling
12,Moritz Mosedall,Male,10/11/1991,mmosedallb@liveinternet.ru,London,421 Gerald Plaza,WC1B,+44 (809) 325-7782,De Montfort University Leicester,2:2,11,DECEMBER 2019,Rupert Ripple
13,TREFOR KALINOWSKY,Male,05/01/1992,tkalinowskyc@oaic.gov.au,Dean,00852 Dahle Trail,OX7,+44 (407) 940-1326,"Royal College of Music, University of London",2:1,04,DECEMBER 2019,Doris Bellasis
14,Hi Romke,Male,23/02/1993,hromked@istockphoto.com,Marston,1257 Clemons Drive,ST20,+44-652-592-3357,Birmingham City University,2:2,12,DECEMBER 2019,Gismo Tilling
15,Gertruda Syddie,Female,14/11/1998,gsyddiee@cnn.com,Halton,1284 Melody Place,LS9,+44 975 113 7159,University of Northumbria at Newcastle,3rd,12,DECEMBER 2019,Doris Bellasis
16,Hersch Holburn,Male,21/01/2000,hholburnf@digg.com,Brampton,91 Kennedy Road,NR34,+44-107-578-7350,Cardiff University,2:2,18,DECEMBER 2019,Rupert Ripple
17,Alayne Farrans,Female,22/09/1999,afarransg@tripod.com,Belfast,0 RUTLEDGE ROAD,BT2,+44 (668) 928-1024,American InterContinental University - London,1st,19,DECEMBER 2019,Rupert Ripple
18,Gertrudis Balhatchet,Female,15/06/1994,gbalhatcheth@tmall.com,Carlton,15668 Gulseth Point,DL8,+44-337-226-0800,University of London,2:1,04,DECEMBER 2019,Bruno Bellbrook
19,Jaclin Heasman,Female,15/05/2000,jheasmani@google.fr,Burnside,78613 Vidon Junction,EH52,+44-711-670-7337,The Robert Gordon University,2:1,19,DECEMBER 2019,Rupert Ripple
20,Adina Seton,Female,17/12/1993,asetonj@creativecommons.org,Glasgow,80 Glendale Court,G4,+44-260-481-5934,University of Strathclyde,2:2,18,DECEMBER 2019,Sunny Sladefield
21,Dorthea Shaxby,Female,,dshaxbyk@globo.com,Birmingham,472 West Avenue,B12,+44 (808) 805-0030,University of Glamorgan,2:1,03,DECEMBER 2019,Rupert Ripple
22,Anallise Gogin,Female,20/06/1996,agoginl@bigcartel.com,Seaton,4 Anzinger Park,LE15,+44 950 674 3443,University of Sunderland,1st,,,
23,Leighton Iddy,Male,12/07/1990,liddym@indiatimes.com,Glasgow,4182 Maple Wood Trail,G4,,University of Northumbria at Newcastle,2:2,04,DECEMBER 2019,Rupert Ripple
24,Nerti Welfair,Female,02/10/1995,nwelfairn@wisc.edu,West End,21 Scoville Pass,DN36,+44-665-905-3634,University of Exeter,2:1,11,DECEMBER 2019,Rupert Ripple
25,Loella Thomel,Female,14/02/1993,lthomelo@theguardian.com,Seaton,87871 Pearson Court,LE15,+44 882 723 8751,Canterbury Christ Church University,2:1,12,DECEMBER 2019,Rupert Ripple
26,Olly Lannen,Female,23/06/1997,olannenp@devhub.com,Wootton,9 Boyd Parkway,NN4,+44 (966) 378-1320,"Royal Free Hospital School of Medicine, University of London",2:1,19,DECEMBER 2019,Gismo Tilling
27,Violante Yarranton,Female,11/06/1993,,Normanton,0128 Golf Course Crossing,LE15,+44 (673) 732-1840,University of Nottingham,2:1,,,
28,Ringo Goosey,Male,24/01/2000,rgooseyr@businessinsider.com,Whitchurch,238 Hermina Center,BS14,+44-596-586-7641,University of Paisley,2:1,03,DECEMBER 2019,Rupert Ripple
29,Sandro Pratchett,Male,22/06/1993,spratchetts@yahoo.co.jp,Weston,0138 Nova Alley,GU32,+44-466-934-3235,University of Brighton,2:1,11,DECEMBER 2019,Gismo Tilling
30,Reba Cosser,,12/10/1997,rcossert@free.fr,Bristol,29 Hanover Park,BS41,+44-609-987-9922,"School of Slavonic and East European Studies, University of London",2:1,19,DECEMBER 2019,Doris Bellasis
31,Olia Lincoln,Female,15/11/1992,,Liverpool,0 Redwing Pass,L74,+44-752-761-1502,,,11,DECEMBER 2019,Gismo Tilling
32,Mort Letrange,Male,18/10/1998,mletrangev@reddit.com,Birmingham,29354 Steensland Terrace,B40,+44 (987) 360-0109,Buckinghamshire New University,1st,18,DECEMBER 2019,Bruno Bellbrook
33,Nady Smallpiece,Female,09/09/1990,nsmallpiecew@blogtalkradio.com,Whitchurch,23753 Crescent Oaks Drive,BS14,+44 974 169 8762,Kingston University,2:1,18,DECEMBER 2019,Rupert Ripple
34,Ali Bonds,Male,23/09/1995,abondsx@hp.com,Belfast,63 Bultman Avenue,BT2,+44 417 178 3703,South Bank University,2:1,03,DECEMBER 2019,Sunny Sladefield
35,Dniren Barlas,Female,23/11/1991,dbarlasy@webnode.com,Halton,4786 Dakota Way,LS9,+44-339-502-9175,Liverpool Hope University College,3rd,12,DECEMBER 2019,Doris Bellasis
36,Leif Forsyth,Male,12/08/1995,,Glasgow,19 Burning Wood Lane,G4,,University of Wales,2:1,19,DECEMBER 2019,Gismo Tilling
37,Salmon Glenfield,Male,29/06/1992,sglenfield10@scribd.com,Wirral,114 Ridgeway Parkway,CH48,+44-907-984-2296,University of Huddersfield,2:1,10,DECEMBER 2019,Rupert Ripple
38,Jacquetta Pill,Female,01/11/1998,jpill11@cbslocal.com,Langley,6016 Calypso Lane,SG4,+44-452-850-7646,University of St. Andrews,2:1,05,DECEMBER 2019,Gismo Tilling
39,Saree Langston,Female,26/01/1994,slangston12@about.com,Pentre,3 Bultman Center,SY4,+44 (456) 482-3202,University of Wolverhampton,2:1,03,DECEMBER 2019,Sunny Sladefield
40,Caril Bayly,Female,22/05/1996,cbayly13@cam.ac.uk,Milton,5779 Onsgard Place,AB56,+44 807 745 6374,ifs University College,1st,11,DECEMBER 2019,Rupert Ripple
41,Jordain Rochester,Female,21/10/1996,jrochester14@ftc.gov,Sheffield,53 Brickson Park Center,S1,+44-240-810-5865,Central Saint Martins College of Art & Design,2:2,04,DECEMBER 2019,Rupert Ripple
42,Clementia Beasleigh,Female,15/01/1997,cbeasleigh15@google.com,Newton,4 Hoard Avenue,IV1,+44 944 507 5830,William Gilbert College,2:1,04,DECEMBER 2019,Rupert Ripple
43,Vidovic Niblett,Male,24/06/2000,vniblett16@foxnews.com,Dean,8 Sloan Pass,OX7,+44-793-917-3435,Middlesex University,2:2,19,DECEMBER 2019,Sunny Sladefield
44,Isiahi Spurdle,Male,26/08/2000,ispurdle17@sourceforge.net,Newport,4 Helena Alley,NR29,+44-792-328-4529,University of Essex,2:2,,,
45,Gianina Shevelin,Female,12/05/1999,gshevelin18@elpais.com,Aberdeen,94 Lotheville Trail,AB39,+44 976 895 5515,"Institute of Germanic Studies, University of London",2:1,11,DECEMBER 2019,Bruno Bellbrook
46,Karee Kerrey,Female,20/01/1999,kkerrey19@sitemeter.com,West End,16 Rieder Pass,DN36,+44 (656) 778-4506,Brunel University Uxbridge,1st,,,
47,Christian Tunny,Female,01/04/2000,ctunny1a@weebly.com,Bristol,31871 Forster Terrace,BS41,+44 (685) 596-5198,University of East Anglia,3rd,04,DECEMBER 2019,Sunny Sladefield
48,EBA TARBATH,Female,02/08/1990,etarbath1b@yelp.com,Bradford,1 Northview Circle,BD7,+44 (194) 488-9112,Glasgow School of Art,1st,17,DECEMBER 2019,Bruno Bellbrook
49,Barton Moar,Male,16/07/1996,bmoar1c@foxnews.com,London,400 Florence Alley,WC2H,,University of Stirling,2:1,03,DECEMBER 2019,Bruno Bellbrook
50,Jo ann Beeke,Female,24/11/1992,,Halton,8794 Mifflin Court,LS9,+44 (407) 171-9172,,,12,DECEMBER 2019,Stacey Broad
51,Waldon Davidowsky,Male,07/10/2000,wdavidowsky1e@cafepress.com,,,,,Thames Valley University,1st,03,DECEMBER 2019,Fifi Eton
52,Terencio Mulles,Male,13/10/1999,tmulles1f@intel.com,Bradford,96 Scott Terrace,BD7,+44 (556) 879-2832,University of London,2:1,05,DECEMBER 2019,Doris Bellasis
53,Mart Haggerstone,Male,21/01/1995,mhaggerstone1g@mediafire.com,Middleton,3 Manley Hill,LE16,+44 602 365 5926,"University of Wales, Swansea",2:2,12,DECEMBER 2019,Rupert Ripple
54,Edouard Mulqueeny,Male,09/07/1993,,Newton,23 Lakewood Street,NG34,+44-919-210-8754,University of Oxford,3rd,,,
55,Norean Caston,Female,30/11/1997,ncaston1i@vimeo.com,Eaton,0 Northwestern Center,DN22,+44-955-850-8670,"London School of Hygiene & Tropical Medicine, University of London",2:2,18,DECEMBER 2019,Stacey Broad
56,Hebert Bubbins,Male,03/06/1999,hbubbins1j@bbc.co.uk,Wirral,3239 Shoshone Road,CH48,+44 589 265 4515,University of Abertay Dundee,3rd,18,DECEMBER 2019,Stacey Broad
57,Tiphanie Selway,Female,21/10/1998,tselway1k@google.com.hk,Marston,4 Kim Street,ST20,+44-695-765-0644,University of Teesside,2:2,18,DECEMBER 2019,Bruno Belbrook
58,Deeyn Klimkin,Female,31/10/1993,dklimkin1l@apache.org,Pentre,1189 Brickson Park Place,SY4,+44 271 839 7381,Roehampton University of Surrey,2:2,05,DECEMBER 2019,Rupert Ripple
59,Charlotte Laxe,Female,07/11/1998,claxe1m@paypal.com,Thorpe,6 Nova Drive,BD23,+44 (710) 182-9585,Oxford Brookes University,2:2,11,DECEMBER 2019,Doris Bellasis
60,Trenna McCurt,Female,07/02/2000,tmccurt1n@topsy.com,Edinburgh,4556 Fremont Court,EH9,+44 (934) 677-8822,Camberwell College of Arts,1st,04,DECEMBER 2019,Sunny Sladefield
61,Davy Reisenberg,Male,02/05/1994,dreisenberg1o@ucla.edu,West End,17487 Clemons Pass,DN36,+44 588 751 2203,South Bank University,3rd,18,DECEMBER 2019,Sunny Sladefield
62,Cori Docwra,Female,09/02/1994,,Glasgow,76 Waxwing Parkway,G4,+44-659-143-6113,"Goldsmiths College, University of London",2:2,11,DECEMBER 2019,Rupert Ripple
63,Huberto Webermann,Male,13/03/1997,hwebermann1q@networkadvertising.org,Stapleford,8130 Swallow Road,LN6,+44 (851) 259-1511,Bournemouth University,2:1,,,
64,Bessy Turpie,Female,09/01/1999,,West End,8 Dennis Parkway,DN36,+44 626 965 3586,University of Wolverhampton,2:1,11,DECEMBER 2019,Bruno Bellbrook
65,Whit Brisse,Male,,wbrisse1s@soundcloud.com,Ford,7267 Fairview Drive,GL54,+44 (222) 846-9731,University of Northumbria at Newcastle,2:1,19,DECEMBER 2019,Bruno Bellbrook
66,Rowena Fillis,Female,02/01/2000,rfillis1t@go.com,Twyford,16916 South Plaza,LE14,+44 974 193 3136,British College of Osteopathic Medicine,3rd,,,
67,Bernhard Birchall,Male,07/03/1997,bbirchall1u@tinyurl.com,Sheffield,48845 Delladonna Pass,S1,,University of Warwick,2:2,04,DECEMBER 2019,Stacey Broad
68,Ann-marie Peddowe,Female,20/07/1996,apeddowe1v@yellowbook.com,Ashley,91 Magdeline Road,SN13,+44 967 763 4493,Coventry University,2:1,03,DECEMBER 2019,Rupert Ripple
69,Charmian Besnard,Female,19/11/1992,,Craigavon,5692 Shopko Crossing,BT66,,"London School of Hygiene & Tropical Medicine, University of London",2:1,,,
70,Jena Livings,,24/09/1990,jlivings1x@addtoany.com,Newton,946 Talmadge Avenue,IV1,+44-698-476-1830,"Schiller International University, London",3rd,10,DECEMBER 2019,Bruno Bellbrook
71,Kaitlyn Chagg,Female,02/08/1993,kchagg1y@usnews.com,Leeds,48 Kropf Point,LS6,+44 (448) 890-9960,Huron University USA in London,2:1,10,DECEMBER 2019,Bruno Bellbrook
72,Simone Pettiford,Female,07/01/1995,spettiford1z@stanford.edu,Whitchurch,10 American Pass,BS14,+44 (615) 736-3300,University of Nottingham,2:1,,,
73,Beilul Crannach,Female,14/09/1994,bcrannach20@yale.edu,Preston,12437 Esch Plaza,PR1,+44 582 364 6258,University of Glamorgan,1st,03,DECEMBER 2019,Rupert Ripple
74,El Shepstone,Male,15/06/1990,eshepstone21@bigcartel.com,Walton,002 Cottonwood Place,CV35,+44 741 474 0976,Coventry University,3rd,11,DECEMBER 2019,Stacey Broad
75,Patrice Milhench,Male,12/01/1992,pmilhench22@istockphoto.com,Seaton,60425 Veith Alley,LE15,+44 (690) 474-0404,University of Dundee,3rd,12,DECEMBER 2019,Stacey Broad
76,Giralda Sloss,Female,22/09/1998,gsloss23@domainmarket.com,Seaton,67 Daystar Circle,LE15,+44-353-426-1374,Brunel University Uxbridge,2:2,05,DECEMBER 2019,Stacey Broad
77,Druci Strood,Female,13/04/1993,dstrood24@example.com,Newton,495 Schurz Terrace,IV1,+44 422 555 4079,Huron University USA in London,3rd,,,
78,Miof mela Woodland,Female,09/12/1990,mmela25@wp.com,Swindon,53 Delaware Court,SN1,+44-340-459-6089,London Guildhall University,2:2,19,DECEMBER 2019,Fifi Etton
79,Trudey Brockman,Female,16/07/1998,tbrockman26@kickstarter.com,Norton,3392 Summer Ridge Junction,S8,+44 956 608 5400,Swansea Metropolitan University,1st,19,DECEMBER 2019,Bruno Bellbrook
80,Brigham McComish,Male,18/03/1999,bmccomish27@usgs.gov,Kirkton,9 Algoma Lane,KW10,+44 (256) 358-4147,American InterContinental University - London,1st,,,
81,Nahum Riddock,Male,17/03/1998,nriddock28@weather.com,Newton,6700 Holy Cross Way,NG34,+44 (250) 630-3420,"Goldsmiths College, University of London",2:2,11,DECEMBER 2019,Stacey Broad
82,Felicle Kops,Female,28/10/1994,fkops29@unesco.org,Carlton,72 Sommers Plaza,DL8,+44-219-199-0550,University of Dundee,3rd,04,DECEMBER 2019,Doris Bellasis
83,Berni Torra,Female,22/07/1995,btorra2a@t.co,Thorpe,39 Vernon Way,BD23,+44-902-798-5372,University of Strathclyde,2:1,11,DECEMBER 2019,Stacey Broad
84,Katy Waggitt,Female,19/12/1998,,Horton,830 Fieldstone Plaza,BS37,+44 947 473 4185,"School of Oriental and African Studies, University of London",2:1,,,
85,Clarey Fagan,Female,10/08/1999,cfagan2c@tumblr.com,Norton,7193 Farwell Circle,S8,+44 (298) 918-9893,Open University,2:2,18,DECEMBER 2019,Doris Bellasis
86,Steffane Laity,Female,06/05/1998,slaity2d@diigo.com,Norton,830 Melrose Street,NN11,+44 (964) 772-6222,Aston University,2:1,10,DECEMBER 2019,Fifi Eton
87,Mill Glenfield,Male,04/03/1999,mglenfield2e@cbsnews.com,London,79532 Fairview Park,WC1B,+44 (423) 141-1872,University of Glasgow,2:1,,,
88,Nobe Guerrazzi,Male,04/09/1991,nguerrazzi2f@rambler.ru,Bradford,47 Lotheville Park,BD7,+44 537 875 1318,University of Exeter,1st,17,DECEMBER 2019,Doris Bellasis
89,Anna-maria Skains,,06/12/1992,askains2g@businessinsider.com,Aberdeen,94847 Lillian Lane,AB39,+44 (761) 446-1020,"Saint George's Hospital Medical School, University of London",2:1,,,
90,Solly Reek,Male,07/08/1996,sreek2h@nydailynews.com,Newbiggin,9 Magdeline Avenue,NE46,+44 134 819 6529,De Montfort University Leicester,3rd,12,DECEMBER 2019,Rupert Ripple
91,Harrie Chatin,Female,15/01/1994,hchatin2i@oakley.com,Manchester,363 Arrowood Street,M14,,London College of Science & Technology,2:1,10,DECEMBER 2019,Sunny Sladefield
92,Horten Koomar,Male,28/02/1999,hkoomar2j@europa.eu,Dean,579 7th Plaza,OX7,+44 (289) 192-0372,Leeds Metropolitan University,1st,11,DECEMBER 2019,Doris Bellasis
93,Brandon Lotherington,Male,03/07/1999,blotherington2k@123-reg.co.uk,Norton,08493 Spaight Alley,S8,+44-292-622-0044,University of Huddersfield,2:1,03,DECEMBER 2019,Stacey Broad
94,Lara Dougherty,Female,04/03/1993,ldougherty2l@unesco.org,Ashley,6 Cascade Park,SN13,+44-428-880-2247,"Institute of Germanic Studies, University of London",2:2,04,DECEMBER 2019,Stacey Broad
95,Allie Sheber,Male,03/03/1993,asheber2m@cisco.com,Glasgow,20198 Pawling Junction,G4,+44-939-147-8123,University of Northampton,2:2,05,DECEMBER 2019,Gismo Tilling
96,Gunilla Lucken,Female,16/01/1999,glucken2n@huffingtonpost.com,Thorpe,35429 High Crossing Center,BD23,+44 692 704 4351,"Institute of Germanic Studies, University of London",2:1,19,DECEMBER 2019,Doris Bellasis
97,Yorgos O'Rourke,Male,08/10/1997,yorourke2o@nydailynews.com,Walton,255 Holy Cross Point,CV35,+44-114-998-7839,De Montfort University Leicester,2:1,19,DECEMBER 2019,Sunny Sladefield
98,Ransom Lytle,Male,28/04/1997,rlytle2p@google.ca,London,01 Southridge Hill,W1F,+44-182-692-7336,Thames Valley University,2:2,,,
99,Finn Maasze,Male,16/07/1992,fmaasze2q@wix.com,Aberdeen,959 Cherokee Center,AB39,+44 (909) 835-5509,Trinity College of Music,2:2,03,DECEMBER 2019,Fifi Etton
100,Martica Sturge,Female,24/08/1992,msturge2r@goo.gl,Birmingham,54878 Pepper Wood Lane,B12,+44 (486) 543-4655,Staffordshire University,3rd,,,
101,Nananne Plitz,Female,06/08/1997,nplitz2s@opensource.org,Burnside,928 Maple Wood Park,EH52,+44-556-445-8537,"Warburg Institute, University of London",2:1,03,DECEMBER 2019,Doris Bellasis
102,Bambi Earthfield,Female,08/05/1992,bearthfield2t@netlog.com,Carlton,992 Rigney Plaza,DL8,+44 784 822 5310,Sheffield Hallam University,3rd,10,DECEMBER 2019,Rupert Ripple
103,Fair Ivashintsov,Male,28/10/1992,fivashintsov2u@studiopress.com,,,,+44 (302) 110-8028,"Warburg Institute, University of London",3rd,19,DECEMBER 2019,Doris Bellasis
104,Ab MacPhail,Male,06/06/1998,amacphail2v@umn.edu,Aston,2461 Clemons Hill,TF6,+44 (366) 356-1499,University of Lancaster,2:1,,,
105,Alexine McGlue,Female,14/02/1994,amcglue2w@ebay.co.uk,Linton,13 Chinook Drive,BD23,+44-285-967-5933,Oxford Brookes University,2:1,03,DECEMBER 2019,Sunny Sladefield
106,Damian Brimblecombe,Male,24/11/1997,dbrimblecombe2x@umich.edu,,,,+44 501 755 6532,Trinity College of Music,2:1,12,DECEMBER 2019,Stacey Broad
107,Lethia Crow,Female,27/07/1991,lcrow2y@sfgate.com,Normanton,96 Jenifer Circle,LE15,+44 110 648 1821,University of St. Andrews,2:2,19,DECEMBER 2019,Sunny Sladefield
108,Candy Vann,Female,24/05/1994,cvann2z@unesco.org,Denton,569 Judy Trail,M34,+44-789-576-1058,"Courtauld Institute of Art, University of London",2:2,18,DECEMBER 2019,Fifi Eton
109,Haley Chmiel,Male,26/12/1996,hchmiel30@nymag.com,Sutton,186 Sauthoff Circle,CT15,+44 (782) 777-2302,University of Durham,2:1,11,DECEMBER 2019,Bruno Bellbrook
110,Fawne Keen,Female,30/10/1990,fkeen31@mozilla.com,Bradford,829 Twin Pines Junction,BD7,+44 435 178 3218,University of Salford,2:1,12,DECEMBER 2019,Bruno Bellbrook
111,Kenton Elvish,Male,26/06/1991,kelvish32@wiley.com,Liverpool,73 Waywood Drive,L74,+44 (553) 295-3568,University of East Anglia,1st,05,DECEMBER 2019,Fifi Eton
112,Eyde Boughton,Female,11/10/1996,eboughton33@eepurl.com,Liverpool,1780 Monica Avenue,L33,+44-770-839-2746,London Institute of Management and Technology,2:2,19,DECEMBER 2019,Stacey Broad
113,Allina Buttfield,Female,29/04/1991,,Merton,00 Carioca Trail,SW19,+44-565-315-9749,University of Essex,2:1,11,DECEMBER 2019,Stacey Broad
114,Oliviero Tunnicliffe,Male,13/08/1992,otunnicliffe35@wikipedia.org,Upton,97 Saint Paul Plaza,DN21,+44-289-203-1621,"Warburg Institute, University of London",3rd,05,DECEMBER 2019,Doris Bellasis
115,Winona Strotton,Female,04/05/1994,wstrotton36@diigo.com,Weston,580 Randy Place,GU32,+44 (848) 589-1116,"London School of Hygiene & Tropical Medicine, University of London",3rd,18,DECEMBER 2019,Rupert Ripple
116,Abran Hawson,Male,05/09/2000,ahawson37@home.pl,Merton,6 Randy Hill,SW19,+44 (596) 761-6008,American InterContinental University - London,2:1,12,DECEMBER 2019,Fifi Eton
117,Thom Derwin,Male,09/12/1999,tderwin38@godaddy.com,Milton,170 Kedzie Pass,NG22,+44 407 242 1106,Staffordshire University,1st,19,DECEMBER 2019,Rupert Ripple
118,Jacquelynn Savin,Female,07/08/2000,jsavin39@g.co,Dean,3 Sachtjen Circle,OX7,,University of East Anglia,2:1,12,DECEMBER 2019,Rupert Ripple
119,Bail Delgardo,Male,02/01/1994,,Kingston,2199 Becker Point,DT10,+44 (641) 595-6531,University of Bedfordshire,3rd,18,DECEMBER 2019,Doris Bellasis
120,Uriel Lamplough,Male,02/03/1995,ulamplough3b@addtoany.com,Wirral,55 Roxbury Place,CH48,+44-827-185-9481,,,19,DECEMBER 2019,Stacey Broad
121,Mattias Geeson,Male,28/01/1992,mgeeson3c@tiny.cc,Horton,5387 Towne Circle,BS37,+44 (393) 902-0131,"School of Pharmacy, University of London",2:1,,,
122,Gerda Yuille,Female,,gyuille3d@google.com.au,Whitchurch,51448 Delladonna Avenue,BS14,+44-774-323-2219,International Centre for Isclamic Science,2:1,17,DECEMBER 2019,Bruno Bellbrook
123,Gustavo Barok,Male,07/07/1995,gbarok3e@acquirethisname.com,Manchester,3 Eliot Center,M14,+44-224-929-8432,Sheffield Hallam University,2:2,04,DECEMBER 2019,Stacey Broad
124,Matthew Tumilson,Male,11/07/1990,mtumilson3f@furl.net,Burnside,079 Lindbergh Trail,EH52,+44 437 590 9751,University of Aberdeen,2:2,12,DECEMBER 2019,Rupert Ripple
125,Mari Lotterington,Female,23/04/1999,mlotterington3g@indiegogo.com,East End,3 Lukken Drive,BH21,+44 (704) 682-3571,"University of Wales, Lampeter",2:2,11,DECEMBER 2019,Sunny Sladefield
126,Wernher Thaxter,Male,10/11/1998,wthaxter3h@mit.edu,London,891 Manufacturers Place,EC3M,+44-708-195-4552,University of Wales,2:2,03,DECEMBER 2019,Rupert Ripple
127,Bridgette Antos,Female,21/01/1997,bantos3i@pagesperso-orange.fr,Dean,194 Sugar Hill,OX7,+44 (406) 450-4126,University of Bolton,2:1,12,DECEMBER 2019,Sunny Sladefield
128,Herby Exelby,,10/09/1993,hexelby3j@nhs.uk,Newport,09194 Dwight Circle,NR29,+44-398-867-8351,Central Saint Martins College of Art & Design,1st,,,
129,Flore Masden,Female,26/07/1996,fmasden3k@discovery.com,Aston,546 Forster Terrace,TF6,+44 (281) 586-7439,University of Newcastle-upon-Tyne,2:2,05,DECEMBER 2019,Sunny Sladefield
130,Berkly Fishleigh,Male,10/03/1992,bfishleigh3l@nyu.edu,Linton,17077 Stang Parkway,BD23,,"Heythrop College, University of London",1st,17,DECEMBER 2019,Gismo Tilling
131,Christopher Pinner,Male,09/11/1992,cpinner3m@bluehost.com,Wootton,23976 Holmberg Pass,NN4,+44 889 952 9613,"Goldsmiths College, University of London",2:2,03,DECEMBER 2019,Gismo Tilling
132,Elbertine Angliss,Female,10/10/1992,eangliss3n@mozilla.org,Preston,7248 Esch Avenue,PR1,+44-470-313-6204,University of Kent at Canterbury,2:1,11,DECEMBER 2019,Stacey Broad
133,Debbi Shrieves,Female,09/09/1990,dshrieves3o@webeden.co.uk,Preston,9857 Gina Circle,PR1,+44 222 763 5819,Heriot-Watt University,2:1,,,
134,Eddie Mara,Male,26/01/1999,emara3p@ox.ac.uk,Birmingham,74050 Shelley Trail,B12,,London Institute of Management and Technology,2:1,11,DECEMBER 2019,Doris Bellasis
135,Sherwood Sandercock,Male,16/10/1995,ssandercock3q@aol.com,Denton,74 Becker Junction,M34,+44 (382) 634-0011,Coventry University,2:1,17,DECEMBER 2019,Sunny Sladefield
136,Natal Sabin,Male,03/02/1990,nsabin3r@desdev.cn,Marston,2 Forster Avenue,ST20,+44-563-908-2737,University of Glamorgan,3rd,03,DECEMBER 2019,Doris Bellasis
137,Blondelle Jaan,Female,19/08/1995,bjaan3s@google.it,Middleton,72 Summer Ridge Terrace,LE16,+44 550 692 6412,University of Exeter,2:1,17,DECEMBER 2019,Bruno Bellbrook
138,Harri Heinschke,Female,17/12/2000,hheinschke3t@mapquest.com,Twyford,1137 Oakridge Park,LE14,+44 516 479 5337,"School of Slavonic and East European Studies, University of London",1st,18,DECEMBER 2019,Sunny Sladefield
139,Becky Forsyth,Female,16/10/1992,bforsyth3u@digg.com,London,61773 Coleman Terrace,SW1E,+44 (852) 770-7368,"Queen Mary and Westfield College, University of London",1st,,,
140,Alethea Rangell,Female,,arangell3v@t.co,Edinburgh,0716 Almo Terrace,EH9,+44 (761) 922-9235,Camberwell College of Arts,2:2,04,DECEMBER 2019,Doris Bellasis
141,Danila Leamon,Female,23/12/1999,dleamon3w@furl.net,Carlton,63 Warbler Circle,DL8,+44 576 187 0731,University of Birmingham,2:2,04,DECEMBER 2019,Bruno Bellbrook
142,Byram Forsard,Male,30/04/1995,bforsard3x@ning.com,Buckland,9104 Cody Alley,CT16,+44 (359) 256-5410,"United Medical and Dental Schools, University of London",2:2,,,
143,Orlando Borrowman,Male,26/03/1994,oborrowman3y@cam.ac.uk,Sheffield,47 Forest Dale Way,S33,+44 (197) 306-0411,"Heythrop College, University of London",2:1,05,DECEMBER 2019,Doris Bellasis
144,Hermie Lassell,Male,,hlassell3z@lulu.com,Sheffield,42 Northridge Pass,S1,+44 (592) 381-1746,"United Medical and Dental Schools, University of London",3rd,17,DECEMBER 2019,Gismo Tilling
145,Lawton Hiddsley,Male,17/02/1993,lhiddsley40@booking.com,Tullich,19 Veith Lane,AB55,+44-453-307-6891,"Institute of Latin American Studies, University of London",3rd,17,DECEMBER 2019,Stacey Broad
146,Flem Cary,Male,06/08/1999,fcary41@behance.net,Whitchurch,999 Sutherland Circle,BS14,+44-996-838-1492,,,03,DECEMBER 2019,Rupert Ripple
147,Ulberto Stroton,Male,25/02/1993,ustroton42@sakura.ne.jp,Aston,6860 Warner Parkway,TF6,+44-849-206-8125,University of Brighton,1st,10,DECEMBER 2019,Bruno Bellbrook
148,Lurleen Moro,,21/08/1997,lmoro43@cbsnews.com,Kingston,06 Caliangt Road,DT10,+44 (693) 515-9783,Sheffield Hallam University,2:2,18,DECEMBER 2019,Doris Bellasis
149,Hanna MacKinnon,Female,30/04/1998,hmackinnon44@businessweek.com,Twyford,09 Burning Wood Circle,LE14,+44 276 804 4133,Canterbury Christ Church University,1st,,,
150,Leena Joselevitch,Female,30/01/1994,ljoselevitch45@wikimedia.org,Dean,48881 Anderson Pass,OX7,+44 916 708 0108,University of St. Andrews,1st,03,DECEMBER 2019,Gismo Tilling
151,Willi Dibnah,Male,,wdibnah46@about.me,Ashley,47727 Cascade Lane,SN13,,Napier University,2:1,11,DECEMBER 2019,Bruno Bellbrook
152,Muffin Edney,Male,17/04/1993,medney47@nationalgeographic.com,Sheffield,7 Hauk Crossing,S1,+44-392-435-1313,London Metropolitan University,2:2,,,
153,Brodie Malicki,Male,01/03/1992,bmalicki48@ow.ly,Church End,4781 Hoepker Trail,CB4,+44-263-470-4171,University of Northampton,2:2,,,
154,Tedman Naulty,Male,02/05/1997,tnaulty49@wordpress.com,Aston,616 Doe Crossing Center,TF6,+44-700-987-4279,"School of Pharmacy, University of London",2:2,,,
155,Dannye Fraczek,Female,13/08/1993,dfraczek4a@shutterfly.com,Stapleford,90 Myrtle Junction,LN6,+44 375 732 3801,British College of Osteopathic Medicine,1st,18,DECEMBER 2019,Doris Bellasis
156,Lorelei Pywell,,23/08/1997,lpywell4b@deliciousdays.com,Newton,163 SCHILLER AVENUE,NG34,+44 (499) 767-5683,University of Exeter,2:1,,,
157,Domenic Coulter,Male,27/12/1997,dcoulter4c@seesaa.net,Liverpool,2 Portage Way,L33,+44 906 482 6516,Birmingham City University,2:1,11,DECEMBER 2019,Stacey Broad
158,Berni Bonham,Female,28/07/2000,bbonham4d@statcounter.com,Leeds,36 Aberg Street,LS6,+44 (261) 319-5077,British College of Osteopathic Medicine,2:2,03,DECEMBER 2019,Gismo Tilling
159,Giuseppe Cobbin,Male,06/06/2000,gcobbin4e@google.com.br,Hatton,54481 Dawn Alley,CV35,,University of Glasgow,2:2,17,DECEMBER 2019,Fifi Etton
160,Ichabod Feighney,Male,06/11/1995,ifeighney4f@ebay.co.uk,Sheffield,03 Rieder Street,S1,+44-675-980-5036,"Goldsmiths College, University of London",2:2,,,
161,Reinold Jenicek,Male,,rjenicek4g@prnewswire.com,Milton,527 Crowley Place,NG22,+44-392-348-6631,University of Ulster,2:2,10,DECEMBER 2019,Bruno Bellbrook
162,Marlowe Baxstare,Male,04/01/1998,mbaxstare4h@t.co,Dean,08271 Norway Maple Road,OX7,+44 364 649 1734,Central Saint Martins College of Art & Design,2:2,18,DECEMBER 2019,Sunny Sladefield
163,Gipsy Seres,Female,13/06/1991,gseres4i@gov.uk,Kirkton,43978 Hagan Center,KW10,+44 (114) 801-9142,"Goldsmiths College, University of London",2:1,17,DECEMBER 2019,Rupert Ripple
164,Erica Soughton,Female,18/06/1991,esoughton4j@biglobe.ne.jp,Whitchurch,197 Old Shore Street,BS14,+44-732-341-7067,"Institute of Latin American Studies, University of London",2:2,19,DECEMBER 2019,Rupert Ripple
165,Rube Beals,Male,10/12/1991,rbeals4k@wordpress.com,London,59980 Magdeline Street,SW1E,+44 975 531 9590,Loughborough University,2:1,17,DECEMBER 2019,Bruno Bellbrook
166,Johnna Tarbin,Female,29/08/1995,jtarbin4l@google.pl,Church End,4431 Morrow Court,N3,+44-404-309-8515,University of North London,3rd,11,DECEMBER 2019,Stacey Broad
167,Ives Weddell,Male,04/07/1990,iweddell4m@samsung.com,London,61 Oriole Drive,WC1B,+44-163-588-6958,University of Abertay Dundee,2:2,17,DECEMBER 2019,Stacey Broad
168,Guido Allans,Male,15/11/1990,gallans4n@opera.com,Newtown,93 Vernon Place,RG20,+44 (525) 119-4815,"London School of Hygiene & Tropical Medicine, University of London",3rd,10,DECEMBER 2019,Stacey Broad
169,Maxie Yerborn,Male,27/10/1990,myerborn4o@ed.gov,Upton,6337 Arrowood Place,DN21,+44 562 543 9685,Oxford Brookes University,3rd,05,DECEMBER 2019,Doris Bellasis
170,Clark Kovacs,Male,03/01/1996,ckovacs4p@g.co,London,070 Express Way,W1F,+44-675-273-6051,"University of Wales Institute, Cardiff",1st,05,DECEMBER 2019,Fifi Etton
171,Leslie Lochhead,Male,01/03/1995,llochhead4q@state.gov,West End,110 East Drive,DN36,+44 (837) 422-9661,"School of Pharmacy, University of London",2:2,12,DECEMBER 2019,Doris Bellasis
172,Sydelle Gascoigne,Female,22/07/1995,sgascoigne4r@merriam-webster.com,Stapleford,60 Meadow Vale Circle,LN6,+44 261 337 5381,University of East London,2:1,18,DECEMBER 2019,Sunny Sladefield
173,Ardra De Giovanni,Female,29/07/2000,ade4s@networksolutions.com,Birmingham,843 Center Street,B40,+44 (466) 110-5652,University of Central Lancashire,3rd,,,
174,Prudence Harrill,Female,27/02/1993,pharrill4t@facebook.com,Tullich,9972 Ridge Oak Lane,AB55,+44-290-539-5311,Loughborough University,3rd,19,DECEMBER 2019,Bruno Bellbrook
175,Rochette Bellfield,Female,12/09/1997,,Linton,17499 3rd Alley,BD23,+44 503 759 3949,University of Ulster,2:1,18,DECEMBER 2019,Stacey Broad
176,Orella Goshawke,Female,03/03/1992,ogoshawke4v@umn.edu,Seaton,4147 Brickson Park Street,LE15,+44 (838) 862-7794,University of Northumbria at Newcastle,2:1,10,DECEMBER 2019,Bruno Bellbrook
177,Tabbie enzley,Male,,tenzley4w@uiuc.edu,Norton,48 Blue Bill Park Hill,S8,+44 (479) 640-4741,Nottingham Trent University,1st,03,DECEMBER 2019,Rupert Ripple
178,Maurise Dafter,,11/12/1998,mdafter4x@dion.ne.jp,Norton,2753 Macpherson Alley,S8,+44-169-936-2985,University of East London,2:1,,,
179,Rhys Ayton,Male,15/08/1993,rayton4y@constantcontact.com,Horton,36651 Petterle Crossing,BS37,+44 (242) 892-6001,"Goldsmiths College, University of London",3rd,11,DECEMBER 2019,Stacey Broad
180,Arney Watsham,Male,10/04/1998,awatsham4z@smugmug.com,London,40 Schurz Street,WC2H,+44 407 265 8068,Liverpool Hope University College,2:2,18,DECEMBER 2019,Stacey Broad
181,Chet Bean,Male,13/02/1997,cbean50@unicef.org,Merton,28904 Steensland Junction,SW19,+44 187 966 9419,Royal Holloway and Bedford New College,2:1,12,DECEMBER 2019,Stacey Broad
182,Carmen Pomery,Female,02/09/1999,cpomery51@sourceforge.net,Normanton,7653 Dahle Lane,LE15,+44 (611) 329-6947,Newport International University,1st,,,
183,Blisse Vinick,Female,02/09/1997,bvinick52@java.com,Belfast,524 Bay Trail,BT2,+44-983-552-1612,University of Wolverhampton,2:1,05,DECEMBER 2019,Gismo Tilling
184,Shelby Seeking,Female,19/07/1999,sseeking53@cornell.edu,Newton,85 Warrior Point,NG34,,Liverpool Hope University College,3rd,,,
185,Sela Geary,Female,29/12/1997,sgeary54@hostgator.com,Bradford,38 Bashford Parkway,BD7,+44 (419) 761-6658,South Bank University,2:1,,,
186,Godfry Sephton,Male,28/06/1999,gsephton55@yellowbook.com,Bristol,4342 Park Meadow Parkway,BS41,+44 (544) 280-3359,University of Derby,3rd,19,DECEMBER 2019,Gismo Tilling
187,Vera Broadfoot,Female,01/12/1995,vbroadfoot56@unblog.fr,Buckland,624 Stephen Lane,CT16,,University of Chester,2:1,17,DECEMBER 2019,Rupert Ripple
188,Riobard Collcott,Male,23/10/1991,,Langley,9 Sheridan Circle,SG4,+44-162-760-1169,Trinity College Carmarthen,3rd,11,DECEMBER 2019,Rupert Ripple
189,Callida Brazel,Female,21/06/1996,cbrazel58@1688.com,Thorpe,3733 Thierer Avenue,BD23,+44-495-270-7587,University of Surrey,2:1,18,DECEMBER 2019,Fifi Eton
190,Kathryn Sture,Female,05/12/1991,ksture59@tumblr.com,Halton,011 Banding Crossing,LS9,,Leeds Metropolitan University,2:2,12,DECEMBER 2019,Bruno Bellbrook
191,Onofredo Duddell,Male,27/09/1993,oduddell5a@slideshare.net,Tullich,4 Randy Lane,AB55,+44-377-762-9773,The Manchester Metropolitan University,2:1,,,
192,Essy Haggus,Female,05/06/1999,ehaggus5b@thetimes.co.uk,Swindon,3 Erie Park,SN1,+44 (281) 620-0792,"University of Halifax, Birmingham Campus",2:1,04,DECEMBER 2019,Gismo Tilling
193,Sunny Stonebridge,Female,07/04/2000,,Swindon,3 Mcbride Parkway,SN1,+44-913-602-6990,Camberwell College of Arts,2:1,18,DECEMBER 2019,Gismo Tilling
194,Amalia Sheppard,Female,05/03/1996,asheppard5d@lycos.com,Church End,31747 Mifflin Lane,CB4,+44 (556) 908-3373,Swansea Metropolitan University,2:2,11,DECEMBER 2019,Gismo Tilling
195,Mose Trase,Male,14/10/1994,mtrase5e@multiply.com,Linton,0 La Follette Road,BD23,+44 (303) 900-8678,"Courtauld Institute of Art, University of London",3rd,04,DECEMBER 2019,Rupert Ripple
196,Dalis Grendon,Male,10/09/1997,dgrendon5f@gmpg.org,Hatton,9 Charing Cross Lane,CV35,+44 926 394 2016,City University,2:1,,,
197,Felita Jzhakov,,26/05/1999,fjzhakov5g@a8.net,Horton,010 Burrows Parkway,BS37,+44 (136) 302-7278,University of Westminster,2:2,10,DECEMBER 2019,Doris Bellasis
198,Cris Van Schafflaer,Male,05/02/1996,,Burnside,02 Ramsey Plaza,EH52,+44-510-280-2973,,,18,DECEMBER 2019,Gismo Tilling
199,Shanna Juniper,Female,,sjuniper5i@dailymotion.com,Wirral,8 Anderson Trail,CH48,+44-619-561-6535,Nottingham Trent University,2:2,04,DECEMBER 2019,Bruno Bellbrook
200,Gerrie Domenget,Male,15/04/1993,gdomenget5j@toplist.cz,Norton,4552 Carioca Alley,S8,+44-896-277-5031,London School of Jewish Studies,2:2,12,DECEMBER 2019,Gismo Tilling
201,Esmaria Rapp,Female,03/05/1997,erapp5k@ibm.com,Edinburgh,584 Green Ridge Trail,EH9,+44 441 201 4477,University of Northumbria at Newcastle,2:1,19,DECEMBER 2019,Doris Bellasis
202,Linette Hendonson,Female,13/02/1991,lhendonson5l@illinois.edu,Stapleford,2 Kinsman Parkway,LN6,+44-487-154-9354,South Bank University,2:1,18,DECEMBER 2019,Rupert Ripple
203,Rosanne MacCaughey,Female,25/12/1993,rmaccaughey5m@seesaa.net,London,02248 Gerald Court,EC3M,+44 (572) 357-3381,Liverpool John Moores University,3rd,18,DECEMBER 2019,Rupert Ripple
204,Clifford Randle,Male,21/09/1996,crandle5n@4shared.com,Aberdeen,25017 Scoville Circle,AB39,+44 579 694 5929,University of Plymouth,3rd,19,DECEMBER 2019,Gismo Tilling
205,Cirilo Croy,Male,,ccroy5o@google.com.au,Liverpool,858 Browning Trail,L33,+44 951 963 3547,University of Essex,2:1,18,DECEMBER 2019,Doris Bellasis
206,Linnea Bartalucci,Female,20/09/2000,lbartalucci5p@imdb.com,Walton,42578 Nova Point,CV35,+44 (116) 641-6926,University of Stirling,2:1,,,
207,Alfons Krauze,Male,04/06/1999,akrauze5q@spotify.com,East End,93756 Hauk Point,BH21,+44 (888) 786-3232,Nottingham Trent University,2:2,19,DECEMBER 2019,Doris Bellasis
208,Lazare Nellies,Male,12/08/1992,lnellies5r@biglobe.ne.jp,Twyford,58 Charing Cross Alley,LE14,+44 (284) 373-2787,"Warburg Institute, University of London",3rd,03,DECEMBER 2019,Stacey Broad
209,Genovera Mattek,Female,11/06/2000,gmattek5s@dell.com,Thorpe,58298 Starling Road,BD23,+44 456 361 9367,Kingston University,2:2,12,DECEMBER 2019,Gismo Tilling
210,Sherlocke Lerner,Male,05/06/1999,slerner5t@google.com.hk,Milton,91194 Lillian Lane,AB56,+44 588 542 8941,University of Central Lancashire,1st,03,DECEMBER 2019,Stacey Broad
211,Dawn Petlyura,Female,,dpetlyura5u@4shared.com,East End,9829 Northwestern Crossing,BH21,+44 421 145 7106,Huron University USA in London,1st,12,DECEMBER 2019,Fifi Eton
212,Gherardo Yansons,Male,27/12/1991,gyansons5v@homestead.com,Milton,50 Lakewood Crossing,NG22,+44-746-288-6501,University of Westminster,2:1,,,
213,Reggie Tenpenny,Male,,rtenpenny5w@issuu.com,Seaton,64 Carberry Street,LE15,+44-957-451-8503,University of St. Andrews,2:1,,,
214,Daryn Dugmore,Female,20/06/1995,ddugmore5x@illinois.edu,Sheffield,0 Bunker Hill Plaza,S33,+44 649 750 2787,University of Sheffield,2:1,04,DECEMBER 2019,Gismo Tilling
215,Brew Botterell,Male,07/09/1992,bbotterell5y@pagesperso-orange.fr,Linton,0310 Carey Parkway,BD23,+44-890-632-1110,University of Portsmouth,2:2,17,DECEMBER 2019,Stacey Broad
216,Filide Roony,Female,26/10/1990,froony5z@timesonline.co.uk,London,099 Russell Park,EC1V,+44-940-139-9842,Camberwell College of Arts,2:1,10,DECEMBER 2019,Gismo Tilling
217,Dottie Le Prevost,Female,15/08/1992,dle60@liveinternet.ru,London,8603 Nevada Hill,WC1B,+44-875-327-8515,Thames Valley University,2:1,19,DECEMBER 2019,Rupert Ripple
218,Charley Fredi,Male,19/06/1996,cfredi61@cocolog-nifty.com,Horton,8073 Arkansas Pass,BS37,+44-632-472-2079,International Centre for Isclamic Science,2:1,10,DECEMBER 2019,Sunny Sladefield
219,Eryn Licence,Female,27/03/2000,elicence62@theguardian.com,Marston,7347 Corscot Lane,ST20,+44 640 469 8468,University of Abertay Dundee,2:1,12,DECEMBER 2019,Doris Bellasis
220,Ronda Aggis,Female,20/07/1999,raggis63@dmoz.org,Merton,99178 Crownhardt Point,SW19,+44 (679) 806-4412,Aga Khan University,2:1,03,DECEMBER 2019,Bruno Bellbrook
221,Gussy Stoving,Female,06/05/1990,gstoving64@amazon.de,London,2238 Lukken Street,EC1V,+44 549 311 1242,Central Saint Martins College of Art & Design,1st,03,DECEMBER 2019,Fifi Eton
222,Lindsay Heninghem,Male,08/03/1999,lheninghem65@google.es,Thorpe,763 Debs Pass,BD23,+44-775-855-0798,University of Teesside,2:2,04,DECEMBER 2019,Bruno Bellbrook
223,Celesta Binion,Female,,cbinion66@feedburner.com,Tullich,1694 Heath Parkway,AB55,+44-823-746-4439,Napier University,2:1,17,DECEMBER 2019,Fifi Eton
224,Lemar Kingsnod,Male,20/06/1991,lkingsnod67@nature.com,Newbiggin,1 Pierstorff Alley,NE46,+44 301 845 0922,University of Southampton,1st,12,DECEMBER 2019,Rupert Ripple
225,Consalve Scoone,Male,25/09/1991,cscoone68@seesaa.net,Liverpool,10 Bartillon Junction,L74,+44 (947) 910-5279,Liverpool John Moores University,2:2,,,
226,Suzie Orable,Female,31/07/1995,,Bristol,273 Fallview Crossing,BS41,+44 (490) 272-1333,University of Exeter,2:2,19,DECEMBER 2019,Bruno Bellbrook
227,Lora Kiebes,Female,24/10/1991,lkiebes6a@baidu.com,London,66161 Springview Alley,EC1V,+44 284 264 5423,Napier University,2:2,18,DECEMBER 2019,Fifi Etton
228,Rene Stennings,Female,21/01/1991,rstennings6b@gizmodo.com,Church End,461 Loftsgordon Point,N3,+44 (383) 237-7378,University of Stirling,2:1,11,DECEMBER 2019,Bruno Bellbrook
229,Linoel Willes,Male,14/11/1991,lwilles6c@163.com,Aberdeen,52926 Golf Course Drive,AB39,+44 (190) 116-4412,William Gilbert College,2:1,,,
230,Maison Purse,Male,26/12/1999,mpurse6d@drupal.org,Sutton,99829 Summerview Center,CT15,+44-745-409-9521,University of Bolton,2:1,17,DECEMBER 2019,Bruno Bellbrook
231,Arne Warne,Male,18/11/1992,awarne6e@pen.io,Denton,9 Shelley Avenue,M34,+44-328-610-4894,Royal Holloway and Bedford New College,2:1,17,DECEMBER 2019,Doris Bellasis
232,Piper Hawson,Female,26/07/1996,phawson6f@prweb.com,Kirkton,5581 Buena Vista Street,KW10,+44 845 843 9475,University of Reading,3rd,11,DECEMBER 2019,Sunny Sladefield
233,Gaultiero Veldstra,Male,30/07/1990,,,,,+44 952 430 7509,University of Sussex,2:2,12,DECEMBER 2019,Doris Bellasis
234,Brandtr Rodell,Male,02/08/1999,brodell6h@de.vu,Sheffield,51465 Anzinger Lane,S33,+44-272-277-2822,Newport International University,2:1,12,DECEMBER 2019,Stacey Broad
235,Doretta Langdon,Female,19/02/1995,dlangdon6i@weather.com,Kingston,9276 Scott Alley,DT10,+44-254-975-3817,University of Oxford,2:2,11,DECEMBER 2019,Sunny Sladefield
236,Glynn Boaler,Male,24/01/1991,gboaler6j@baidu.com,Liverpool,199 Bowman Plaza,L33,+44-748-227-8650,University of Abertay Dundee,2:1,,,
237,Imelda Fowkes,Female,01/03/1994,ifowkes6k@yellowpages.com,Kirkton,6362 Badeau Terrace,KW10,+44 737 739 9989,Brunel University Uxbridge,2:1,11,DECEMBER 2019,Fifi Etton
238,Melly Ible,Female,03/12/1994,,Ford,7 Lake View Alley,GL54,+44 658 999 1968,Kingston University,2:2,10,DECEMBER 2019,Sunny Sladefield
239,Raffaello Mortlock,Male,27/05/1996,rmortlock6m@cnn.com,Birmingham,0 Comanche Parkway,B12,+44 (914) 762-3907,Wimbledon School of Art,2:1,17,DECEMBER 2019,Fifi Etton
240,Heddie McInility,,02/07/1995,hmcinility6n@facebook.com,Birmingham,52 Morningstar Road,B40,+44 (993) 663-5146,Kingston University,2:2,,,
241,Maye Palfery,Female,17/07/1999,mpalfery6o@w3.org,Denton,3481 Fremont Lane,M34,+44 (140) 543-6232,Imperial College School of Medicine,1st,,,
242,Robina Rosen,Female,31/08/1997,rrosen6p@narod.ru,Stapleford,0385 UPHAM TRAIL,LN6,+44 (459) 503-3021,"University of Wales, Swansea",1st,18,DECEMBER 2019,Rupert Ripple
243,Alejoa Vatcher,Male,26/10/1997,avatcher6q@studiopress.com,Linton,6 Mcbride Alley,BD23,,University of Derby,1st,05,DECEMBER 2019,Rupert Ripple
244,Jordan Cristoforetti,Male,04/11/1996,jcristoforetti6r@berkeley.edu,Eaton,59 7th Place,DN22,+44 (243) 969-5030,London Guildhall University,1st,12,DECEMBER 2019,Doris Bellasis
245,Jenni Trobe,Female,21/08/1993,jtrobe6s@hibu.com,Brampton,919 Iowa Point,NR34,+44 (522) 622-9597,University of York,2:2,,,
246,Claudian Copp,Male,22/11/1999,,Wirral,4498 Summerview Drive,CH48,+44 940 649 3291,"Schiller International University, London",2:2,11,DECEMBER 2019,Rupert Ripple
247,Arden Tolossi,Female,12/11/1999,atolossi6u@uol.com.br,Kirkton,360 Arapahoe Parkway,KW10,+44-272-507-6422,University of Surrey,1st,19,DECEMBER 2019,Stacey Broad
248,Granville Slad,Male,10/07/1998,gslad6v@ft.com,Halton,3032 Anthes Lane,LS9,+44 (382) 555-6971,University of Southampton,2:1,04,DECEMBER 2019,Rupert Ripple
249,Lee Ambrogioli,Male,05/08/1992,lambrogioli6w@discuz.net,Tullich,743 Merry Pass,AB55,+44 320 107 7724,University of Wales College of Medicine,2:2,17,DECEMBER 2019,Rupert Ripple
250,Free Simmgen,Male,06/03/1994,fsimmgen6x@ezinearticles.com,Sutton,0813 Eastwood Plaza,CT15,+44 (749) 822-0883,"Institute of Latin American Studies, University of London",2:1,11,DECEMBER 2019,Bruno Bellbrook
251,Michael Ettles,Male,,mettles6y@addthis.com,Charlton,5 Main Junction,OX12,+44 284 454 7170,"Royal Academy of Music, University of London",1st,04,DECEMBER 2019,Bruno Bellbrook
252,Florry Conyard,Female,02/01/1990,fconyard6z@webeden.co.uk,London,2 Lien Pass,WC2H,+44-415-984-4796,Anglia Ruskin University,1st,,,
253,Wallie Chittenden,Female,15/12/2000,wchittenden70@go.com,Newport,84 Meadow Vale Terrace,NR29,+44-685-352-0120,University of Bradford,3rd,10,DECEMBER 2019,Doris Bellasis
254,Hendrick Skellon,,25/09/1995,hskellon71@drupal.org,Kinloch,3 Crowley Hill,PH43,+44-976-718-1561,University of Southampton,1st,18,DECEMBER 2019,Rupert Ripple
255,Augustine Sultana,Male,15/10/1993,asultana72@naver.com,Linton,9 Hudson Trail,BD23,+44 (804) 958-5481,London School of Jewish Studies,2:2,05,DECEMBER 2019,Bruno Bellbrook
256,Sisile Rawood,Female,31/03/1993,srawood73@answers.com,Weston,3 Heath Plaza,GU32,+44-914-733-2724,Nottingham Trent University,2:1,18,DECEMBER 2019,Sunny Sladefield
257,Stephan Middle,Male,11/06/1994,smiddle74@simplemachines.org,Newport,116 Westend Parkway,NR29,+44 648 592 0943,"St.Patrick's International College, London",2:1,04,DECEMBER 2019,Rupert Ripple
258,Scotti Bromfield,Male,09/03/1995,sbromfield75@multiply.com,Sheffield,0993 American Center,S1,,ifs University College,2:1,10,DECEMBER 2019,Rupert Ripple
259,Chaim Inseal,Male,24/09/1991,cinseal76@goo.ne.jp,Twyford,61 Bay Alley,LE14,,University of Warwick,2:1,12,DECEMBER 2019,Fifi Etton
260,Beverlie Newhouse,Female,13/06/2000,bnewhouse77@livejournal.com,Pentre,6066 Thierer Street,SY4,,University of Strathclyde,2:2,18,DECEMBER 2019,Sunny Sladefield
261,Edna Dilston,Female,23/10/1997,edilston78@arizona.edu,Whitwell,21 Express Way,DL10,+44 (360) 287-1760,Nottingham Trent University,2:2,17,DECEMBER 2019,Rupert Ripple
262,Martynne Lyles,Female,30/09/1993,mlyles79@addtoany.com,Glasgow,25528 Oxford Avenue,G4,+44 366 565 6750,Sotheby´s Institute of Art - London,2:2,,,
263,Devina Franz-Schoninger,,24/08/1999,dfranzschoninger7a@dailymail.co.uk,Halton,74496 Esch Drive,LS9,+44 (773) 306-2710,"Institute of Commonwealth Studies, University of London",2:2,19,DECEMBER 2019,Bruno Bellbrook
264,Martita O'Hallagan,Female,28/02/1990,mohallagan7b@marriott.com,East End,6439 Straubel Hill,BH21,+44-583-979-2841,Sheffield Hallam University,3rd,,,
265,Elisa Gowman,Female,26/01/1992,egowman7c@spotify.com,Pentre,533 Westridge Park,SY4,+44 506 192 6309,Royal College of Art,2:1,10,DECEMBER 2019,Rupert Ripple
266,Amil Coysh,Female,05/06/2000,acoysh7d@g.co,London,3 Crescent Oaks Place,EC1V,+44 740 588 3081,"University of Wales Institute, Cardiff",3rd,05,DECEMBER 2019,Gismo Tilling
267,Eduino Huertas,Male,30/06/1992,ehuertas7e@privacy.gov.au,Liverpool,4851 Straubel Crossing,L33,+44-896-225-5922,Middlesex University,2:2,19,DECEMBER 2019,Bruno Bellbrook
268,Ronnica Linfield,Female,05/10/1995,rlinfield7f@tmall.com,London,4380 Ruskin Point,SW1E,+44 896 837 6905,University of Liverpool,2:2,05,DECEMBER 2019,Bruno Bellbrook
269,Gusta Klagges,Female,06/10/1990,gklagges7g@mail.ru,Newtown,907 Birchwood Point,RG20,+44 812 436 6600,University of Westminster,2:1,18,DECEMBER 2019,Doris Bellasis
270,Sammy MacSweeney,Female,04/06/1990,,Halton,36649 Hovde Alley,LS9,+44 (342) 740-2799,Glasgow School of Art,2:1,19,DECEMBER 2019,Doris Bellasis
271,Milly Hugnin,Female,03/09/1993,mhugnin7i@github.com,Whitwell,84 West Road,DL10,+44 (315) 149-1853,Royal College of Art,2:2,11,DECEMBER 2019,Sunny Sladefield
272,Ferd Walkden,Male,26/06/1992,fwalkden7j@youtube.com,Charlton,4 Bartelt Lane,OX12,+44-426-651-3645,"Institute of Latin American Studies, University of London",2:2,03,DECEMBER 2019,Sunny Sladefield
273,Elissa Knowles,Female,07/04/1998,eknowles7k@vk.com,Seaton,67540 Hollow Ridge Lane,LE15,+44 100 276 4611,University of Stirling,3rd,11,DECEMBER 2019,Sunny Sladefield
274,Eleanor Denington,Female,06/01/1994,edenington7l@live.com,Walton,9136 Meadow Vale Trail,CV35,+44-325-966-7774,"Institue of Historical Research, University of London",2:1,05,DECEMBER 2019,Sunny Sladefield
275,Jessee Blagbrough,Male,,jblagbrough7m@weibo.com,Denton,36856 Briar Crest Park,M34,+44-339-655-2160,University of Surrey,2:1,04,DECEMBER 2019,Stacey Broad
276,Sterne Mimmack,Male,25/09/1994,smimmack7n@bbb.org,Carlton,4 Mariners Cove Road,DL8,+44 (492) 399-0378,Thames Valley University,3rd,,,
277,Marve Boatswain,Male,24/12/1995,mboatswain7o@taobao.com,Craigavon,061 Southridge Alley,BT66,+44 (335) 742-6638,University of Lincoln,1st,18,DECEMBER 2019,Sunny Sladefield
278,Rafaelita D'Ambrogi,Female,19/11/1996,rdambrogi7p@cloudflare.com,Seaton,3 Jackson Street,LE15,+44 352 896 1601,University of Worcester,2:2,17,DECEMBER 2019,Rupert Ripple
279,Gianina Wandless,Female,,gwandless7q@loc.gov,Newtown,7 Linden Center,RG20,+44-422-909-8149,Brunel University Uxbridge,1st,05,DECEMBER 2019,Sunny Sladefield
280,Louella Parradye,Female,25/01/1992,lparradye7r@canalblog.com,Eaton,2939 Bunting Way,DN22,+44-546-223-7936,University of Northumbria at Newcastle,2:2,18,DECEMBER 2019,Doris Bellasis
281,Wynn Blei,Female,09/10/1999,wblei7s@imgur.com,Middleton,9879 Spaight Parkway,LE16,+44 674 389 0457,University of Abertay Dundee,2:2,18,DECEMBER 2019,Rupert Ripple
282,Gib Krol,Male,14/08/1998,gkrol7t@google.ca,Glasgow,7934 Fisk Point,G4,+44-602-761-4320,Cranfield University,2:1,04,DECEMBER 2019,Sunny Sladefield
283,Leanora Keary,Female,11/05/1997,,Charlton,116 Vahlen Street,OX12,+44-777-905-7291,University of Bristol,2:2,,,
284,Lawton Flynn,Male,14/02/1992,lflynn7v@epa.gov,London,8229 Fuller Place,WC1B,+44 (408) 326-0266,University of Bradford,3rd,,,
285,Papageno Gosenell,Male,03/03/1994,pgosenell7w@statcounter.com,Marston,13684 Clarendon Point,ST20,+44-480-380-2940,Camberwell College of Arts,2:2,,,
