id,name,gender,dob,email,city,address,postcode,phone_number,uni,degree,invited_date,month,invited_by
1,Beverie Moberley,Female,16/11/2000,bmoberley0@fda.gov,Craigavon,55930 Pond Court,BT66,+44-867-295-1508,London College of Science & Technology,2:1,22,January 2019,Doris Bellasis
2,Sue Barfitt,Female,05/10/1993,sbarfitt1@t.co,Eaton,0 Lighthouse Bay Drive,DN22,+44 (738) 853-6026,University of Wales College of Medicine,2:1,10,January 2019,Rupert Ripple
3,Kiley Clavey,Female,10/09/1998,kclavey2@free.fr,Buckland,4582 Farwell Crossing,CT16,+44-251-819-3933,"University of Wales, Aberystwyth",2:2,31,January 2019,Fifi Eton
4,Windham Biagi,Male,02/06/1999,wbiagi3@aboutads.info,Eaton,015 Mallory Junction,DN22,+44-863-741-1732,Aga Khan University,2:2,23,January 2019,Fifi Eton
5,Huey Broodes,Male,05/07/1995,hbroodes4@addthis.com,Birmingham,05 Hanover Hill,B40,+44 (238) 720-0883,"University of Wales, Bangor",2:2,16,January 2019,Fifi Etton
6,Joel Melmoth,Male,04/02/1994,jmelmoth5@dedecms.com,Manchester,2 Esker Center,M14,+44 860 146 8614,Napier University,2:1,,,
7,Skippy Worrell,Male,11/08/1991,sworrell6@umich.edu,Kirkton,21 Kim Alley,KW10,+44-763-162-1997,Coventry University,2:1,29,January 2019,Fifi Eton
8,Agneta Fantini,Female,,afantini7@sphinn.com,Dean,8 Westridge Court,OX7,+44 (118) 897-3453,Nottingham Trent University,3rd,17,January 2019,Rupert Ripple
9,Shurlocke Cringle,Male,16/04/1992,scringle8@uol.com.br,Whitwell,3592 Cardinal Junction,DL10,,South Bank University,3rd,31,January 2019,Rupert Ripple
10,Tucky Duffet,Male,05/01/1998,tduffet9@yale.edu,Thorpe,4 Novick Parkway,BD23,+44-670-274-6573,"University of Wales, Newport",2:1,22,January 2019,Doris Bellasis
11,Em Dun,Male,17/12/1992,eduna@comcast.net,Manchester,8 Lake View Way,M14,+44-115-979-8813,University of Greenwich,2:1,15,January 2019,Sunny Sladefield
12,Kit Oddboy,Male,02/11/1998,koddboyb@mapy.cz,Newton,435 Sommers Plaza,IV1,+44 254 293 5016,University of Derby,1st,24,January 2019,Gismo Tilling
13,Lorianna Weinham,Female,,lweinhamc@typepad.com,Weston,4 Hermina Pass,GU32,,University of Newcastle-upon-Tyne,1st,16,January 2019,Bruno Bellbrook
14,Base Doggett,Male,08/11/1993,bdoggettd@usatoday.com,Eaton,9400 Sloan Parkway,DN22,+44 (597) 675-8381,University of Paisley,2:2,31,January 2019,Stacey Broad
15,Ingar Huckstepp,Male,06/07/1994,ihucksteppe@tripod.com,Preston,42 Shopko Lane,PR1,,"London School of Hygiene & Tropical Medicine, University of London",1st,16,January 2019,Stacey Broad
16,Talya Placidi,Female,26/11/1993,tplacidif@t.co,Langley,89542 International Parkway,SG4,+44-662-845-7458,Open University,2:2,02,January 2019,Gismo Tilling
17,Taffy Elderfield,Female,03/04/1993,telderfieldg@amazonaws.com,Kinloch,87 Roxbury Center,PH43,+44 682 370 5466,City University,2:1,15,January 2019,Stacey Broad
18,Andee Plowman,Female,29/06/1995,aplowmanh@state.tx.us,Ford,376 Pennsylvania Crossing,GL54,+44 (795) 111-9955,Southampton Solent University,1st,30,January 2019,Gismo Tilling
19,Kare Garvill,Female,22/01/1996,kgarvilli@taobao.com,Thorpe,6452 Continental Lane,BD23,+44-449-104-7243,University of Manchester,1st,17,January 2019,Sunny Sladefield
20,Mallory Challis,Female,10/09/1997,mchallisj@webmd.com,West End,90 Sachtjen Terrace,DN36,+44 (224) 708-3158,University of Paisley,2:1,30,January 2019,Rupert Ripple
21,Zea Barette,Female,16/03/1996,zbarettek@narod.ru,Weston,6885 Canary Crossing,GU32,+44-823-522-1494,University Campus Suffolk,2:1,10,January 2019,Fifi Etton
22,Allyn Nazair,Female,19/04/1990,anazairl@weather.com,Birmingham,8923 Clyde Gallagher Point,B12,+44 184 435 5087,Roehampton University of Surrey,2:1,29,January 2019,Bruno Bellbrook
23,Almire Tewkesberry,Female,,atewkesberrym@ed.gov,Sheffield,13131 Bluestem Street,S33,+44 (440) 217-9743,"Heythrop College, University of London",2:2,31,January 2019,Bruno Bellbrook
24,Gerti Frushard,Female,09/03/2000,gfrushardn@illinois.edu,Liverpool,43969 Meadow Vale Crossing,L33,+44-800-779-4579,"School of Pharmacy, University of London",2:2,,,
25,Ernst Gidney,,06/12/1999,egidneyo@imdb.com,Hatton,6984 Blaine Point,CV35,+44-142-977-9717,University of London,1st,09,January 2019,Fifi Etton
26,Thorndike Prynne,Male,03/06/1997,,Tullich,94 Victoria Place,AB55,+44 (297) 134-2987,City University,2:1,23,January 2019,Gismo Tilling
27,Roxanne Edie,Female,23/02/1993,redieq@redcross.org,Milton,100 Fairview Court,NG22,+44 (582) 373-0012,University of London,2:2,16,January 2019,Sunny Sladefield
28,Andris Reddecliffe,Male,26/12/1999,areddecliffer@yahoo.com,Ford,0 Gina Court,GL54,+44 (566) 694-5353,The Robert Gordon University,2:1,09,January 2019,Gismo Tilling
29,Tara Surmeir,Female,11/04/2000,tsurmeirs@nba.com,Sheffield,1644 Morrow Trail,S33,,Sotheby´s Institute of Art - London,2:1,22,January 2019,Gismo Tilling
30,Reeta McGawn,Female,19/08/1998,rmcgawnt@dot.gov,Preston,84 Sycamore Road,PR1,+44-650-856-2701,Roehampton University of Surrey,2:1,03,January 2019,Rupert Ripple
31,Cly Greatrex,Male,05/02/1998,,Belfast,354 Cambridge Drive,BT2,+44 725 758 6668,University of Sheffield,3rd,29,January 2019,Fifi Etton
32,Johannes Hanny,Male,27/04/1992,jhannyv@themeforest.net,Carlton,97 Sutteridge Plaza,DL8,+44 (921) 378-6390,University of Central Lancashire,1st,24,January 2019,Rupert Ripple
33,Leone Patmore,Female,05/03/1999,lpatmorew@cnn.com,Aston,96515 Clarendon Crossing,TF6,+44 441 715 8009,Huron University USA in London,2:1,09,January 2019,Rupert Ripple
34,Kristin Hillborne,Female,04/03/1995,khillbornex@123-reg.co.uk,Sheffield,8868 Westport Terrace,S1,+44 753 879 7945,,,22,January 2019,Bruno Bellbrook
35,Thorpe Maddie,Male,20/10/1997,tmaddiey@yale.edu,Newbiggin,73404 Weeping Birch Pass,NE46,+44 531 447 4400,The American University in London,2:2,16,January 2019,Rupert Ripple
36,Sibley Kneaphsey,Female,01/08/1997,skneaphseyz@dot.gov,Burnside,22950 Lakeland Court,EH52,+44 773 678 7136,Trinity College of Music,2:1,24,January 2019,Rupert Ripple
37,Selia Tours,Female,11/04/1993,stours10@clickbank.net,,,,+44-224-479-4801,Napier University,3rd,03,January 2019,Rupert Ripple
38,Abigail Dunsmore,Female,05/02/1996,adunsmore11@apache.org,Weston,5 Commercial Parkway,GU32,+44 611 579 5894,"St.Patrick's International College, London",2:1,16,January 2019,Stacey Broad
39,Chucho Tift,Male,07/05/1995,ctift12@discuz.net,Norton,83 Reinke Place,S8,+44 665 686 1078,International Colleges of Islamic Science,2:2,17,January 2019,Sunny Sladefield
40,Crysta Aikett,Female,23/02/1999,caikett13@netlog.com,Wootton,3087 Portage Plaza,NN4,+44 (718) 270-6428,South Bank University,2:1,02,January 2019,Doris Bellasis
41,Abbie Clifton,Male,07/10/1996,aclifton14@nhs.uk,Langley,2950 Carey Point,SG4,+44 (831) 440-8179,"Institute of Classical Studies, University of London",2:1,22,January 2019,Rupert Ripple
42,Bernadette Fenny,Female,23/12/1996,bfenny15@example.com,Tullich,76 Spaight Road,AB55,+44 141 282 8361,University of Dundee,2:2,,,
43,Cassius Whatling,Male,01/07/1999,cwhatling16@state.gov,Sheffield,62021 Southridge Center,S1,+44 393 642 7419,Glasgow School of Art,2:2,29,January 2019,Rupert Ripple
44,Arte Dimbylow,,17/11/1994,adimbylow17@theglobeandmail.com,Newbiggin,700 Banding Point,NE46,+44-247-287-8387,London Metropolitan University,2:2,22,January 2019,Sunny Sladefield
45,Meggie Sidsaff,Female,25/02/1995,msidsaff18@dailymail.co.uk,Bradford,8 Ridge Oak Street,BD7,+44 402 311 6139,De Montfort University Leicester,2:1,10,January 2019,Stacey Broad
46,Lurleen Symson,,15/11/1999,lsymson19@godaddy.com,Sheffield,5 Luster Junction,S1,+44 (375) 674-7449,University of Bedfordshire,2:2,22,January 2019,Stacey Broad
47,Clemmie Kayley,Female,22/01/1993,ckayley1a@multiply.com,London,503 Lotheville Hill,EC1V,+44 (510) 888-1945,London School of Jewish Studies,2:2,15,January 2019,Stacey Broad
48,Thorny Uwins,Male,22/06/1990,tuwins1b@purevolume.com,Ashley,59883 Gale Plaza,SN13,+44 732 450 9164,"Institute of Classical Studies, University of London",2:1,15,January 2019,Doris Bellasis
49,Alonso Hulkes,Male,22/01/1991,ahulkes1c@deliciousdays.com,Aston,5139 Cambridge Drive,TF6,+44 505 215 7536,International Centre for Isclamic Science,2:1,08,January 2019,Rupert Ripple
50,Sande Ambroz,Female,12/04/2000,,Aston,53 Farragut Point,TF6,+44 962 402 3967,"University of Wales, Aberystwyth",2:1,,,
51,Edsel Gingell,Male,17/02/2000,egingell1e@patch.com,Ford,310 Little Fleur Circle,GL54,+44 438 415 9945,"School of Slavonic and East European Studies, University of London",3rd,08,January 2019,Doris Bellasis
52,Goran Eton,Male,29/07/1999,geton1f@topsy.com,Seaton,4154 Hanson Park,LE15,+44-208-226-8588,University of Sheffield,2:1,16,January 2019,Fifi Etton
53,Maxy Heeley,Female,10/04/1999,mheeley1g@telegraph.co.uk,Brampton,9 Bobwhite Center,NR34,+44 249 801 3896,De Montfort University Leicester,2:2,30,January 2019,Gismo Tilling
54,Gui Graine,Female,19/07/1992,ggraine1h@slate.com,West End,592 Eagan Junction,DN36,+44 (892) 201-8475,Staffordshire University,2:2,10,January 2019,Fifi Etton
55,STINKY GOULTER,Male,08/11/2000,sgoulter1i@umn.edu,Milton,9850 Jackson Junction,AB56,+44-906-309-1375,University of Hull,2:1,30,January 2019,Doris Bellasis
56,Duky Tarn,Male,07/03/1997,dtarn1j@reverbnation.com,Normanton,4 Toban Plaza,LE15,+44-365-325-7601,University of Liverpool,1st,08,January 2019,Rupert Ripple
57,Carmelia Huzzay,Female,28/05/1998,chuzzay1k@constantcontact.com,Tullich,71 Dennis Lane,AB55,+44 462 548 2592,Glasgow School of Art,2:2,23,January 2019,Stacey Broad
58,Raquela Elcox,,06/03/1996,relcox1l@miibeian.gov.cn,Eaton,8317 Bellgrove Avenue,DN22,+44 (932) 917-3609,University of East Anglia,2:1,16,January 2019,Fifi Eton
59,Rodrick Henworth,Male,13/07/1993,rhenworth1m@statcounter.com,Belfast,110 Harbort Place,BT2,+44 (725) 855-0721,Coventry University,2:1,03,January 2019,Bruno Bellbrook
60,Salvidor Dalrymple,Male,16/03/1992,sdalrymple1n@scientificamerican.com,Norton,0 Monterey Plaza,S8,+44-168-809-6782,London Business School,2:1,29,January 2019,Gismo Tilling
61,Jorry Boom,Female,,,Sheffield,5615 3rd Parkway,S1,,Bournemouth University,1st,24,January 2019,Stacey Broad
62,Bartholemy Trippitt,Male,21/02/1994,,Glasgow,2 School Junction,G4,+44 (799) 741-4022,Chelsea College of Art and Design,3rd,31,January 2019,Sunny Sladefield
63,Clifford Glasson,Male,22/08/1991,cglasson1q@usatoday.com,Pentre,66 Elka Park,SY4,+44 366 625 2235,University of Manchester,2:2,,,
64,Carolann Bumby,Female,18/09/1998,cbumby1r@goo.ne.jp,Newton,6 Ridge Oak Park,NG34,+44-951-920-6727,University of Westminster,2:2,10,January 2019,Gismo Tilling
65,Tiertza Gurry,Female,15/07/1991,tgurry1s@canalblog.com,Birmingham,7924 Rowland Terrace,B40,,University of Huddersfield,2:2,08,January 2019,Rupert Ripple
66,Dianna Dannett,Female,04/09/1997,ddannett1t@wordpress.org,Sutton,94045 Westerfield Court,CT15,+44 (529) 546-8287,University of Lincoln,2:2,22,January 2019,Stacey Broad
67,Briana Brader,Female,28/01/1997,bbrader1u@hatena.ne.jp,Sheffield,74 Derek Park,S1,+44-427-684-7059,Buckinghamshire New University,2:2,31,January 2019,Fifi Eton
68,Luther Waddilow,Male,21/08/1995,lwaddilow1v@reverbnation.com,Tullich,9 Cardinal Point,AB55,,"University of Wales, Swansea",2:2,23,January 2019,Doris Bellasis
69,Deonne Simionato,Female,08/07/1997,dsimionato1w@blogger.com,Middleton,91 Merchant Center,LE16,+44 (273) 124-7366,"United Medical and Dental Schools, University of London",2:2,31,January 2019,Stacey Broad
70,Florance Nann,Female,24/12/2000,fnann1x@furl.net,Norton,90 Eastwood Circle,NN11,+44 653 698 8879,University of Paisley,1st,03,January 2019,Bruno Belbrook
71,Camila Filasov,Female,02/04/1993,cfilasov1y@ifeng.com,West End,2243 Spaight Crossing,DN36,+44 210 703 7018,Central Saint Martins College of Art & Design,2:1,,,
72,Nadeen Baily,Female,15/04/1991,nbaily1z@free.fr,Whitchurch,4 Talmadge Road,BS14,+44 320 338 1971,International Colleges of Islamic Science,2:1,23,January 2019,Doris Bellasis
73,Cozmo Abel,Male,15/06/1992,cabel20@netlog.com,Leeds,14 Riverside Circle,LS6,,City University,2:1,31,January 2019,Sunny Sladefield
74,Minetta Beazleigh,Female,28/06/2000,mbeazleigh21@cmu.edu,Horton,7650 Atwood Circle,BS37,+44-255-395-8605,"Institute of Advanced Legal Studies, University of London",1st,22,January 2019,Gismo Tilling
75,Alexandro Frid,Male,25/06/1992,afrid22@icq.com,Bristol,60761 Randy Way,BS41,+44 (912) 766-4950,University of Edinburgh,2:1,24,January 2019,Fifi Eton
76,Dalila Hyett,Female,02/07/1990,dhyett23@wordpress.org,Sutton,5074 Hanover Crossing,RH5,+44 773 549 6445,University Campus Suffolk,2:2,08,January 2019,Sunny Sladefield
77,Dorey McQuillan,Male,07/12/1991,dmcquillan24@artisteer.com,Pentre,7540 Darwin Place,SY4,+44 (489) 841-8587,"London School of Economics and Political Science, University of London",2:1,15,January 2019,Gismo Tilling
78,Danya Sedgefield,Female,,dsedgefield25@apple.com,Twyford,38603 Lawn Parkway,LE14,+44-896-683-1465,"Institute of Education, University of London",2:1,10,January 2019,Bruno Bellbrook
79,Giorgio Piller,Male,29/09/1999,gpiller26@blinklist.com,Kinloch,690 Doe Crossing Street,PH43,+44-325-170-6280,Roehampton University of Surrey,2:2,22,January 2019,Rupert Ripple
80,Fran Gebbie,Male,28/01/1995,fgebbie27@phoca.cz,Newport,44492 Bluestem Court,NR29,+44 (439) 540-5141,Wimbledon School of Art,1st,24,January 2019,Gismo Tilling
81,Kennedy Sapson,Male,16/08/1995,ksapson28@chicagotribune.com,,,,+44 245 710 7689,University of Southampton,3rd,,,
82,Rheta Assel,Female,12/09/1992,rassel29@xing.com,Marston,075 Moland Plaza,ST20,+44 (492) 391-7606,Richmond University - The American International University in London,2:1,02,January 2019,Bruno Bellbrook
83,Candie Pendell,Female,04/09/1991,cpendell2a@timesonline.co.uk,Hatton,69215 Sutherland Drive,CV35,+44 369 586 6793,,,03,January 2019,Rupert Ripple
84,Yolanda Fosse,Female,15/11/1999,yfosse2b@over-blog.com,London,9683 Jenifer Street,EC1V,+44 537 326 3547,University of Wales,1st,16,January 2019,Bruno Belbrook
85,Lemmie Jendrich,Male,09/08/1993,ljendrich2c@ted.com,Carlton,38606 Prairieview Place,DL8,+44 (532) 750-2073,Middlesex University,3rd,31,January 2019,Sunny Sladefield
86,Marga Simmig,Female,12/08/2000,msimmig2d@friendfeed.com,Bristol,7 Raven Avenue,BS41,+44 271 373 1970,University of Hertfordshire,2:1,15,January 2019,Rupert Ripple
87,Ralf Heintze,Male,26/10/1998,rheintze2e@alexa.com,Church End,88978 Schlimgen Circle,N3,+44 (579) 426-3715,University of Central Lancashire,2:2,29,January 2019,Sunny Sladefield
88,Merry Chesher,Female,22/05/1990,mchesher2f@wufoo.com,Whitwell,7 Green Ridge Plaza,DL10,+44 550 721 2728,Kingston University,2:2,30,January 2019,Rupert Ripple
89,Sileas Golson,Female,,sgolson2g@twitter.com,,,,+44 (527) 146-6770,University of Sheffield,2:1,29,January 2019,Doris Bellasis
90,Corri Pund,Female,10/05/1997,cpund2h@ibm.com,Sutton,3200 South Center,CT15,+44-319-492-1876,"Saint George's Hospital Medical School, University of London",2:1,16,January 2019,Rupert Ripple
91,Abeu Rimmer,Male,19/03/1999,arimmer2i@last.fm,Tullich,3 Tomscot Place,AB55,+44 948 527 9591,,,22,January 2019,Fifi Etton
92,Matty California,Male,01/08/1990,mcalifornia2j@issuu.com,Carlton,869 Kinsman Plaza,DL8,+44-162-952-5690,"School of Oriental and African Studies, University of London",2:1,22,January 2019,Rupert Ripple
93,ERAN VARGA,Female,,evarga2k@tripod.com,Whitwell,9131 Erie Terrace,DL10,+44 287 669 0256,University of Aberdeen,2:2,31,January 2019,Fifi Etton
94,Pamela Gadman,Female,18/03/1991,pgadman2l@vk.com,Norton,832 Londonderry Plaza,NN11,+44 290 936 1104,University of Paisley,2:2,31,January 2019,Doris Bellasis
95,Cissy Deeble,Female,10/10/1994,cdeeble2m@nbcnews.com,Norton,6 Bowman Alley,NN11,+44 (971) 692-9020,University of East Anglia,1st,03,January 2019,Rupert Ripple
96,Stephan Bahls,Male,19/09/1997,sbahls2n@boston.com,Buckland,783 Brickson Park Court,CT16,+44 268 445 2440,"United Medical and Dental Schools, University of London",2:2,16,January 2019,Doris Bellasis
97,Patrice Prescott,Female,17/09/1991,pprescott2o@amazonaws.com,Church End,824 Northview Terrace,N3,+44 123 753 3046,University of Brighton,2:2,24,January 2019,Bruno Bellbrook
98,Emmet Hehnke,Male,03/09/1994,ehehnke2p@edublogs.org,Wootton,79 Commercial Terrace,NN4,+44-564-190-7835,,,23,January 2019,Rupert Ripple
99,Claudianus Connar,Male,10/11/1997,cconnar2q@ehow.com,,,,+44 (955) 132-9911,University of Northampton,2:1,09,January 2019,Rupert Ripple
100,Rolland Figgins,Male,04/02/2000,rfiggins2r@tuttocitta.it,Dean,054 Chive Terrace,OX7,+44 222 407 3300,University of Derby,2:1,10,January 2019,Gismo Tilling
101,Farrell Normington,Male,17/10/2000,fnormington2s@admin.ch,Milton,3 Waywood Trail,AB56,+44 (718) 304-1904,Thames Valley University,3rd,03,January 2019,Bruno Bellbrook
102,Devland Benkin,Male,14/08/1998,dbenkin2t@earthlink.net,Wootton,70264 Katie Drive,NN4,+44 898 758 6839,Nottingham Trent University,2:2,15,January 2019,Rupert Ripple
103,Teddy Ham,Male,,tham2u@nytimes.com,Langley,993 Maple Alley,SG4,,"Institute of Germanic Studies, University of London",3rd,17,January 2019,Sunny Sladefield
104,Jone O'Crotty,Male,22/02/2000,jocrotty2v@bing.com,Sheffield,2 Fisk Hill,S1,+44 722 717 9651,"University of Halifax, Birmingham Campus",2:1,,,
105,Blaine Kimmel,Male,07/04/1992,bkimmel2w@amazon.co.jp,Birmingham,91 Elgar Terrace,B40,+44-803-879-6371,,,24,January 2019,Bruno Bellbrook
106,Frank Tolchard,Female,05/05/1997,ftolchard2x@myspace.com,London,7724 Mifflin Way,SW1E,+44 (927) 855-3864,Birmingham City University,2:1,10,January 2019,Rupert Ripple
107,Hetti Beach,Female,17/05/1998,hbeach2y@biglobe.ne.jp,Church End,4591 Canary Avenue,CB4,+44 923 922 0975,Swansea Metropolitan University,2:1,23,January 2019,Bruno Belbrook
108,Daphene Friedlos,,09/09/1990,dfriedlos2z@va.gov,Sutton,3 Riverside Parkway,CT15,+44 305 669 8936,University of Bradford,2:2,23,January 2019,Stacey Broad
109,Isac Bronger,Male,31/01/1990,ibronger30@ucoz.com,Aston,86 Ridgeway Drive,TF6,+44 (421) 746-9222,Heriot-Watt University,3rd,24,January 2019,Sunny Sladefield
110,Raphael Pelosi,Male,27/02/1993,rpelosi31@indiatimes.com,Church End,608 Darwin Way,CB4,+44-792-329-8540,"School of Pharmacy, University of London",2:2,,,
111,Vin Kattenhorn,Female,04/02/1992,,Sheffield,2900 Eastlawn Plaza,S1,+44 (532) 455-8404,Imperial College London,2:2,30,January 2019,Sunny Sladefield
112,Shelli Abbess,Female,07/02/1998,sabbess33@wisc.edu,Newtown,15586 Rigney Way,RG20,+44 539 482 5609,Birmingham City University,2:1,10,January 2019,Bruno Bellbrook
113,Barb Crumley,Female,22/04/1992,,Newport,8 Southridge Terrace,NR29,+44 281 587 8740,University of Lancaster,2:2,,,
114,Caren Sterte,Female,15/11/1994,csterte35@netvibes.com,Walton,58 Gulseth Avenue,CV35,+44 326 234 1771,The American University in London,1st,29,January 2019,Rupert Ripple
115,Muhammad Garthland,Male,21/04/1990,,Upton,9928 Alpine Avenue,WF9,+44-472-698-9948,Warnborough University,2:1,24,January 2019,Sunny Sladefield
116,Worth Kos,Male,28/08/1996,wkos37@skyrock.com,Eaton,51 Judy Avenue,DN22,+44 (578) 757-7265,Canterbury Christ Church University,3rd,15,January 2019,Doris Bellasis
117,Lilah Lehrmann,Female,24/06/1990,llehrmann38@amazon.com,Church End,94 Lakewood Park,CB4,+44-140-422-2216,Canterbury Christ Church University,2:2,,,
118,Merlina Spires,Female,26/07/1999,mspires39@washington.edu,Normanton,8 Nancy Avenue,LE15,+44 (286) 320-3148,Richmond University - The American International University in London,2:1,24,January 2019,Gismo Tilling
119,Jacki Pinkstone,Female,08/07/1998,jpinkstone3a@google.com.hk,Bristol,0760 Prairie Rose Way,BS41,+44-402-321-8647,University of Sunderland,2:2,23,January 2019,Stacey Broad
120,Felecia McBlain,Female,06/07/1990,fmcblain3b@shop-pro.jp,Normanton,0325 Carioca Terrace,LE15,+44 (902) 793-8712,Richmond University - The American International University in London,2:2,16,January 2019,Fifi Eton
121,Hernando Guage,Male,17/02/1998,hguage3c@oakley.com,Sheffield,2 Shopko Terrace,S1,+44-652-563-9004,University of Northampton,2:1,02,January 2019,Sunny Sladefield
122,Sharona Arbuckel,Female,,sarbuckel3d@amazon.co.jp,Church End,94475 Lukken Street,N3,+44-784-335-5179,The Queen's University Belfast,2:2,,,
123,Franciska Davidy,Female,28/08/1994,fdavidy3e@paypal.com,Denton,428 Gina Way,M34,+44 183 668 5981,University of Northumbria at Newcastle,2:1,30,January 2019,Fifi Eton
124,Florinda Brabban,Female,24/04/1990,fbrabban3f@woothemes.com,Church End,338 Lakewood Gardens Plaza,CB4,+44-701-711-1530,Coventry University,1st,22,January 2019,Bruno Bellbrook
125,Kimble Bonde,Male,15/06/1994,kbonde3g@noaa.gov,Sutton,3715 Maple Wood Drive,CT15,+44-794-298-7240,Trinity College of Music,2:1,03,January 2019,Fifi Etton
126,Austin Brister,Female,03/07/1992,abrister3h@ox.ac.uk,Newport,45 Macpherson Avenue,NR29,,University of Strathclyde,1st,23,January 2019,Rupert Ripple
127,Reinwald Corish,Male,16/02/2000,rcorish3i@redcross.org,Thorpe,04618 Welch Plaza,BD23,+44-498-473-9719,University of Warwick,2:2,02,January 2019,Gismo Tilling
128,Kelsey Cranke,Female,11/07/1990,kcranke3j@mediafire.com,Horton,8228 Huxley Lane,BS37,,University of Northampton,3rd,03,January 2019,Gismo Tilling
129,Samuel Simone,Male,11/09/1991,ssimone3k@ifeng.com,,,,+44 (698) 400-3057,"United Medical and Dental Schools, University of London",2:2,23,January 2019,Stacey Broad
130,Berky Slatten,Male,31/08/1991,bslatten3l@diigo.com,London,5385 Golf Course Center,WC1B,+44 492 826 2169,University of East London,3rd,08,January 2019,Doris Bellasis
131,Wit Napolitano,Male,18/01/1994,wnapolitano3m@mtv.com,Charlton,80604 Vernon Center,OX12,,"School of Oriental and African Studies, University of London",2:1,09,January 2019,Fifi Etton
132,Lucita Pettman,Female,31/01/1993,lpettman3n@latimes.com,London,3449 Blaine Street,EC1V,+44-457-521-0847,"University of Halifax, Birmingham Campus",2:2,29,January 2019,Rupert Ripple
133,Conchita Gumey,Female,21/10/1997,cgumey3o@devhub.com,Sheffield,5732 Anhalt Pass,S33,+44-505-911-7034,University of Essex,2:1,16,January 2019,Sunny Sladefield
134,Pierson Mills,Male,07/09/1992,pmills3p@gov.uk,Thorpe,7470 Ludington Way,BD23,+44-260-370-6164,Warnborough University,2:2,16,January 2019,Rupert Ripple
135,Ingeberg Othen,Female,27/09/1996,iothen3q@altervista.org,Upton,9097 Meadow Vale Way,WF9,+44 717 156 7286,London College of Science & Technology,2:2,16,January 2019,Stacey Broad
136,Ambros Ethington,Male,16/06/1998,aethington3r@feedburner.com,Manchester,7 Towne Circle,M14,+44-506-169-1131,Royal Holloway and Bedford New College,2:1,10,January 2019,Fifi Eton
137,Karia O'Toole,Female,08/09/1994,kotoole3s@paypal.com,London,12890 Scoville Circle,EC3M,+44 (947) 248-7288,University of Durham,2:2,03,January 2019,Stacey Broad
138,Adrianna Lyddiard,Female,04/06/1993,alyddiard3t@cbsnews.com,Newbiggin,2801 Vermont Park,NE46,+44-432-621-6438,William Gilbert College,2:1,29,January 2019,Rupert Ripple
139,Bendix Bonnette,Male,05/02/1996,,Newton,614 Paget Terrace,NG34,+44 (904) 662-7269,Oxford Brookes University,2:1,31,January 2019,Rupert Ripple
140,Erminia Creed,Female,,ecreed3v@noaa.gov,Newton,78 Vermont Pass,IV1,+44-272-739-0849,Falmouth University,1st,,,
141,Leroi Shurmer,Male,30/09/1993,lshurmer3w@patch.com,Ashley,04964 Mockingbird Drive,SN13,+44 114 847 9336,Cranfield University,1st,02,January 2019,Sunny Sladefield
142,Regan Pittaway,Female,03/03/1999,rpittaway3x@blogs.com,Newton,84014 Tennessee Way,IV1,,University of Newcastle-upon-Tyne,1st,15,January 2019,Gismo Tilling
143,Emmy Luckings,Male,30/01/1991,eluckings3y@tripadvisor.com,Tullich,9003 Stone Corner Avenue,AB55,+44-385-697-6268,"Institute of Commonwealth Studies, University of London",2:1,02,January 2019,Gismo Tilling
144,Raychel Gallety,Female,28/01/1999,rgallety3z@vk.com,Carlton,1895 South Road,DL8,+44 404 338 8143,University of Sussex,1st,,,
145,Linnea Dulling,Female,28/08/1990,ldulling40@pen.io,Merton,6472 Bellgrove Center,SW19,+44-103-465-2871,City University,1st,15,January 2019,Fifi Eton
146,Thornton Thuillier,Male,17/07/1991,tthuillier41@dell.com,Glasgow,42242 Fairview Trail,G4,+44 227 298 9834,University of Dundee,2:1,09,January 2019,Rupert Ripple
147,Noah Petricek,Male,24/09/2000,npetricek42@usa.gov,East End,5 Reinke Point,BH21,+44 (821) 603-7808,University of Warwick,2:1,29,January 2019,Stacey Broad
148,Danna Doyley,Female,20/11/2000,ddoyley43@printfriendly.com,Manchester,92 Clove Crossing,M14,+44 (805) 205-1902,Buckinghamshire New University,2:1,24,January 2019,Stacey Broad
149,Marc Extance,Male,18/12/1998,mextance44@weibo.com,Linton,80 Prairie Rose Point,BD23,+44 529 760 8141,"Institute of Education, University of London",3rd,17,January 2019,Bruno Bellbrook
150,Harry Orcas,Male,11/09/1996,horcas45@cpanel.net,Marston,914 Mcbride Way,ST20,+44 (724) 420-9783,University of London,2:2,02,January 2019,Sunny Sladefield
151,TOBIT DOWDEN,Male,10/11/1995,tdowden46@livejournal.com,London,91 Mifflin Point,WC2H,+44 (962) 647-0983,,,08,January 2019,Doris Bellasis
152,Pet Wise,Female,28/04/1993,pwise47@soup.io,Wirral,971 Vahlen Road,CH48,+44-650-751-3291,University of Huddersfield,2:2,31,January 2019,Doris Bellasis
153,Sylvia Akett,Female,30/04/1994,sakett48@miitbeian.gov.cn,Newton,6 Old Shore Terrace,IV1,+44-349-508-1887,"Institue of Historical Research, University of London",2:2,30,January 2019,Gismo Tilling
154,Curran Stockin,Male,04/07/1995,cstockin49@cdc.gov,Newton,9598 Northridge Terrace,NG34,+44 410 225 3498,University of Bedfordshire,3rd,,,
155,Onfroi Buxton,Male,20/08/1996,obuxton4a@histats.com,Carlton,8565 Mesta Plaza,DL8,+44 (223) 868-1478,University of St. Andrews,2:2,22,January 2019,Fifi Etton
156,Daisi Scarlet,Female,20/11/1995,dscarlet4b@state.tx.us,London,93 Shoshone Junction,EC1V,+44 785 465 5566,University of Kent at Canterbury,1st,30,January 2019,Bruno Bellbrook
157,Holt De Castri,Male,03/04/2000,hde4c@marketwatch.com,London,4507 Hudson Park,EC3M,+44 (112) 289-7786,Imperial College London,1st,09,January 2019,Rupert Ripple
158,Alyce Chauvey,Female,20/12/1997,achauvey4d@google.ca,Milton,08529 Roxbury Terrace,AB56,+44-357-349-4527,"Birkbeck College, University of London",2:2,,,
159,Patrice Masham,Male,28/02/1996,pmasham4e@mit.edu,Tullich,6862 Kinsman Center,AB55,+44 282 543 4533,Central Saint Martins College of Art & Design,1st,09,January 2019,Rupert Ripple
160,Hillery Hunnicutt,Male,23/03/1998,hhunnicutt4f@prweb.com,Swindon,70337 Lindbergh Junction,SN1,+44-245-921-8569,The Robert Gordon University,1st,02,January 2019,Bruno Bellbrook
161,Garvin Dracey,Male,27/07/2000,gdracey4g@issuu.com,Newport,66 Stone Corner Place,NR29,+44-480-888-6055,Sotheby´s Institute of Art - London,2:1,16,January 2019,Bruno Belbrook
162,BENTLEE MEUGENS,Male,11/09/1998,bmeugens4h@fema.gov,Sheffield,6353 Gina Point,S33,+44 (542) 221-6414,University Campus Suffolk,2:1,08,January 2019,Sunny Sladefield
163,Garrott Demaine,Male,07/01/1992,gdemaine4i@rakuten.co.jp,Newbiggin,8 Daystar Point,NE46,+44-694-538-2094,Sheffield Hallam University,2:1,16,January 2019,Doris Bellasis
164,Garrott Kensy,Male,19/02/1998,gkensy4j@comsenz.com,Bristol,97 Holmberg Circle,BS41,+44-741-484-4490,Roehampton University of Surrey,2:1,,,
165,Roxanna Tunstall,,21/02/1995,rtunstall4k@wp.com,Norton,753 Mosinee Pass,NN11,+44 (578) 323-1387,Glasgow School of Art,2:2,24,January 2019,Stacey Broad
166,Melisandra Walling,Female,06/08/1996,mwalling4l@mozilla.com,Denton,0566 Transport Center,M34,,"University of Wales, Newport",2:1,23,January 2019,Rupert Ripple
167,Dierdre Earwicker,,29/06/1996,dearwicker4m@wisc.edu,Sheffield,0 Melody Drive,S33,+44 (256) 177-8550,University of Kent at Canterbury,2:1,09,January 2019,Bruno Bellbrook
168,Abel McVaugh,Male,26/11/1996,amcvaugh4n@va.gov,Burnside,64 Warbler Terrace,EH52,+44 834 117 1569,"School of Slavonic and East European Studies, University of London",2:1,03,January 2019,Sunny Sladefield
169,NESTOR THORNEWILL,Male,,nthornewill4o@businesswire.com,Birmingham,325 Nevada Lane,B40,+44 (652) 171-1701,"Institute of Classical Studies, University of London",3rd,23,January 2019,Stacey Broad
170,Wilona Pammenter,Female,06/01/1999,wpammenter4p@amazon.co.uk,Norton,6499 Graceland Lane,NN11,,Imperial College School of Medicine,2:1,16,January 2019,Rupert Ripple
171,Davie Brahams,Male,27/10/1994,dbrahams4q@cloudflare.com,Newton,8 Nevada Alley,NG34,+44 293 663 3694,University of Central Lancashire,2:1,03,January 2019,Fifi Eton
172,Lynnett Swin,Female,29/12/1996,lswin4r@icq.com,Carlton,0 Bellgrove Court,DL8,+44 124 757 4932,University of Greenwich,2:2,16,January 2019,Gismo Tilling
173,Durant Wiper,Male,13/07/1991,dwiper4s@pcworld.com,Thorpe,3370 Dryden Hill,BD23,+44 119 249 1221,University of Bristol,2:2,22,January 2019,Gismo Tilling
174,Gustaf Lude,Male,25/04/1991,glude4t@harvard.edu,Newtown,392 Florence Pass,RG20,,University of Bradford,3rd,16,January 2019,Rupert Ripple
175,Halli Purcell,Female,16/09/1992,,Sheffield,76 Lakewood Gardens Trail,S33,+44-193-963-1634,Aston University,1st,29,January 2019,Gismo Tilling
176,Monah Dowling,Female,30/09/1994,mdowling4v@squarespace.com,Norton,923 Mendota Court,NN11,,Leeds Metropolitan University,2:1,16,January 2019,Doris Bellasis
177,Tanner Byram,Male,10/08/1990,tbyram4w@home.pl,Bradford,0349 Loomis Trail,BD7,+44 (232) 386-4811,"United Medical and Dental Schools, University of London",2:2,09,January 2019,Gismo Tilling
178,LAURETTA BARTELL,Female,,lbartell4x@vinaora.com,London,49254 Cottonwood Way,EC1V,+44 (702) 233-8593,,,17,January 2019,Rupert Ripple
179,Laurene Jewsbury,Female,22/01/1992,ljewsbury4y@jalbum.net,Milton,991 Golf Court,NG22,+44-102-304-6518,ifs University College,3rd,,,
180,Ulick Pickervance,Male,18/06/1998,upickervance4z@jiathis.com,Eaton,631 Carioca Terrace,DN22,+44-720-842-5283,"Institute of Latin American Studies, University of London",2:2,31,January 2019,Bruno Bellbrook
181,Elsinore Marcussen,Female,24/03/1992,,London,282 Talisman Hill,EC3M,+44-773-496-5660,University of Liverpool,1st,02,January 2019,Bruno Bellbrook
182,Sibbie Di Biasio,Female,08/05/1995,sdi51@washingtonpost.com,Pentre,72 Portage Trail,SY4,,Keele University,2:1,22,January 2019,Gismo Tilling
183,Konrad McCready,Male,07/10/1995,kmccready52@soundcloud.com,Kinloch,91 Weeping Birch Place,PH43,+44 416 217 2367,,,24,January 2019,Rupert Ripple
184,Mariele Steedman,Female,,msteedman53@archive.org,Walton,5758 Paget Place,CV35,+44 (790) 649-7099,"Institute of Commonwealth Studies, University of London",2:1,02,January 2019,Fifi Etton
185,Ximenez Chippin,Male,31/03/1992,xchippin54@mayoclinic.com,London,9 Clemons Point,EC3M,+44 (210) 113-1788,Buckinghamshire New University,1st,03,January 2019,Bruno Bellbrook
186,Ruben McCoy,Male,06/01/1995,rmccoy55@ft.com,Walton,75 Mccormick Point,CV35,+44 (315) 413-3493,University of Lancaster,3rd,22,January 2019,Gismo Tilling
187,Sigrid Veitch,Female,06/07/1996,sveitch56@adobe.com,Kirkton,52 Maryland Junction,KW10,+44 271 741 7901,"University of Halifax, Birmingham Campus",2:2,02,January 2019,Stacey Broad
188,Allegra Aspland,Female,23/06/1990,aaspland57@joomla.org,Milton,4 Harper Park,NG22,+44-598-165-0387,University of Hertfordshire,2:1,02,January 2019,Fifi Eton
189,KALA DOEG,Female,05/09/1993,kdoeg58@tripadvisor.com,Dean,623 Namekagon Way,OX7,+44 (794) 152-1827,The Queen's University Belfast,1st,17,January 2019,Fifi Eton
190,Randall Waller,Male,22/07/1998,rwaller59@xing.com,Aston,02 Anhalt Crossing,TF6,+44 (574) 617-0412,University of Warwick,2:1,16,January 2019,Gismo Tilling
191,Thomasine Poundford,Female,09/09/1991,tpoundford5a@marriott.com,Kirkton,77 Sheridan Circle,KW10,+44 500 195 0088,Open University,2:2,16,January 2019,Sunny Sladefield
192,Ardath Norwell,Female,11/11/1994,anorwell5b@bluehost.com,Milton,91112 Mallory Pass,AB56,+44 854 391 1812,"Queen Mary and Westfield College, University of London",2:1,08,January 2019,Rupert Ripple
193,Kelley Bourgeois,Female,05/11/1997,kbourgeois5c@bbc.co.uk,Newton,2 Mitchell Court,NG34,+44-844-323-3107,Heriot-Watt University,2:2,23,January 2019,Fifi Eton
194,Anatole Peterffy,Male,17/12/1998,apeterffy5d@behance.net,Newton,14 Lindbergh Park,IV1,+44 669 330 2947,University of Manchester,2:1,16,January 2019,Stacey Broad
195,Hinze Treat,Male,16/05/1999,htreat5e@sina.com.cn,Halton,64359 Gale Lane,LS9,+44-748-536-4711,American InterContinental University - London,2:1,23,January 2019,Gismo Tilling
196,Linoel Fissenden,Male,01/12/1995,lfissenden5f@marriott.com,Ashley,434 Ryan Plaza,SN13,,University Campus Suffolk,2:2,17,January 2019,Doris Bellasis
197,Goober Sully,Male,04/01/1990,gsully5g@lulu.com,,,,+44-636-118-3832,Keele University,2:1,24,January 2019,Sunny Sladefield
198,Alexandro Guyan,Male,07/02/1997,aguyan5h@mayoclinic.com,Kirkton,86301 Mesta Center,KW10,+44-667-892-0175,Chelsea College of Art and Design,1st,29,January 2019,Stacey Broad
199,Nikola Devericks,Male,18/02/1999,ndevericks5i@sphinn.com,Wootton,737 Cherokee Parkway,NN4,+44 (456) 273-6723,Camberwell College of Arts,2:1,10,January 2019,Fifi Eton
200,Konstantin Fusco,Male,13/09/1990,kfusco5j@webnode.com,Aston,3643 Warbler Way,TF6,+44 803 588 1242,Wimbledon School of Art,2:1,09,January 2019,Bruno Bellbrook
201,Heidie Barock,Female,21/12/1998,hbarock5k@livejournal.com,Sutton,6 Tennyson Junction,CT15,+44-828-898-4462,The Manchester Metropolitan University,2:1,09,January 2019,Sunny Sladefield
202,Gardie Damsell,Male,08/07/1992,gdamsell5l@walmart.com,Langley,66133 Grim Parkway,SG4,+44 (901) 477-8304,University of Exeter,3rd,29,January 2019,Sunny Sladefield
203,Zoe Schlag,Female,19/02/1997,zschlag5m@pbs.org,Langley,46412 Talisman Parkway,SG4,+44 (977) 922-1418,Aston University,2:2,24,January 2019,Bruno Bellbrook
204,Osbert Mainds,Male,06/07/1999,omainds5n@wunderground.com,Marston,74104 Laurel Center,ST20,,Glasgow Caledonian University,2:1,,,
205,Myriam Rossborough,Female,01/05/1994,mrossborough5o@npr.org,Manchester,88 Village Green Center,M14,+44-209-981-4071,University of Southampton,2:1,,,
206,Pyotr De Zuani,Male,28/09/1997,pde5p@nbcnews.com,,,,+44 645 131 2381,University of Portsmouth,2:1,09,January 2019,Rupert Ripple
207,Simon Murrey,Male,01/04/1999,smurrey5q@pen.io,London,516 American Ash Drive,WC2H,,University of Portsmouth,2:1,16,January 2019,Rupert Ripple
208,Lockwood Domleo,Male,07/08/1996,ldomleo5r@goo.ne.jp,Whitwell,902 Delladonna Point,DL10,,"Institute of Germanic Studies, University of London",2:1,,,
209,Thurston Venes,Male,24/05/1992,tvenes5s@digg.com,Milton,3052 Buena Vista Point,AB56,+44 (430) 908-6245,Sotheby´s Institute of Art - London,3rd,24,January 2019,Gismo Tilling
210,Nanni Ashby,Female,03/04/1998,nashby5t@umn.edu,London,48359 Fallview Point,WC2H,+44 (730) 381-1119,London Guildhall University,2:2,03,January 2019,Gismo Tilling
211,Laetitia Poston,Female,26/12/1993,lposton5u@cmu.edu,Carlton,64 ONSGARD PLAZA,DL8,+44 948 300 8274,South Bank University,1st,09,January 2019,Bruno Bellbrook
212,Flss Treadgall,Female,28/11/1999,ftreadgall5v@dropbox.com,Aston,88 Mayfield Junction,TF6,,University of Abertay Dundee,1st,,,
213,Libbey Hellier,Female,10/07/1996,lhellier5w@yale.edu,London,73823 Glacier Hill Alley,WC2H,+44 856 592 0535,Oxford Brookes University,2:2,,,
214,Reinaldos Rayne,Male,26/04/1991,rrayne5x@indiatimes.com,Middleton,88 Sheridan Drive,LE16,+44 372 189 6995,British College of Osteopathic Medicine,1st,17,January 2019,Rupert Ripple
215,Allen Edelman,Male,20/08/2000,aedelman5y@is.gd,Preston,2970 Bellgrove Place,PR1,+44-821-731-0128,"University of Wales Institute, Cardiff",2:1,23,January 2019,Stacey Broad
216,Cheston Ceillier,Male,15/06/1996,cceillier5z@weibo.com,Newport,91 Forest Run Way,NR29,+44 (212) 673-3462,University of Chester,1st,10,January 2019,Gismo Tilling
217,Constancy Elsy,Female,17/05/1994,celsy60@tamu.edu,Denton,8299 Kings Road,M34,+44 683 310 3831,"St.Patrick's International College, London",2:2,,,
218,Johnette Durrans,Female,24/08/2000,jdurrans61@technorati.com,Manchester,03 Armistice Circle,M14,+44 347 694 9388,Royal Holloway and Bedford New College,2:1,22,January 2019,Gismo Tilling
219,Layne Le Fleming,,19/01/1992,lle62@rediff.com,Horton,30 Doe Crossing Place,BS37,+44 482 898 5380,University of Huddersfield,1st,08,January 2019,Doris Bellasis
220,Reggy Freed,Male,21/05/1993,rfreed63@indiegogo.com,Ashley,5 Nobel Junction,SN13,+44-186-802-8978,"Institute of Education, University of London",2:1,,,
221,Zechariah Salzberger,Male,24/08/1999,zsalzberger64@domainmarket.com,Milton,80 American Ash Avenue,NG22,+44 (288) 372-5024,University of Westminster,2:1,17,January 2019,Bruno Bellbrook
222,Ilka Moulder,Female,28/02/1991,,Denton,4 Del Mar Road,M34,+44 (763) 860-5707,University of Durham,2:1,30,January 2019,Gismo Tilling
223,Zaccaria Bussons,Male,12/03/1994,zbussons66@reuters.com,Craigavon,1778 Pine View Court,BT66,+44 (847) 748-4991,,,16,January 2019,Gismo Tilling
224,Sylvan Asher,Male,06/01/1997,sasher67@biblegateway.com,Bradford,35488 Maywood Road,BD7,+44 (157) 269-4792,University of Central Lancashire,2:1,17,January 2019,Sunny Sladefield
225,Erroll Charopen,Male,31/05/1999,,Edinburgh,3 Nevada Avenue,EH9,+44 311 613 0124,Falmouth University,2:1,08,January 2019,Rupert Ripple
226,Georgie Perel,Female,19/10/1998,,Milton,16 Merchant Court,NG22,+44 (131) 882-5658,Middlesex University,1st,17,January 2019,Gismo Tilling
227,Gabey Fisbburne,Female,27/03/1996,gfisbburne6a@360.cn,Buckland,30 John Wall Point,CT16,+44-700-225-2426,University of Salford,2:2,15,January 2019,Bruno Bellbrook
228,Lazar Seligson,Male,04/05/1995,lseligson6b@constantcontact.com,Edinburgh,58658 Carpenter Trail,EH9,+44 220 320 2793,"Royal Free Hospital School of Medicine, University of London",1st,17,January 2019,Bruno Bellbrook
229,Sully Rechert,Male,12/03/1999,srechert6c@howstuffworks.com,Stapleford,91 Summer Ridge Junction,LN6,+44 (845) 270-4001,Sotheby´s Institute of Art - London,2:1,29,January 2019,Bruno Bellbrook
230,Royall Stirley,Male,02/10/1993,rstirley6d@wisc.edu,London,855 Northport Hill,W1F,+44-394-277-9537,University Campus Suffolk,3rd,30,January 2019,Doris Bellasis
231,Kellie Althorp,Female,23/10/1993,kalthorp6e@prnewswire.com,Leeds,6609 Fieldstone Drive,LS6,+44 624 912 8486,Anglia Ruskin University,2:2,15,January 2019,Doris Bellasis
232,Land Langan,Male,21/11/1992,llangan6f@biglobe.ne.jp,,,,+44 (345) 100-0593,"Goldsmiths College, University of London",2:2,,,
233,Jorry Varley,Female,13/04/1992,jvarley6g@globo.com,Norton,2 American Terrace,NN11,+44 594 947 6005,Liverpool Hope University College,2:1,24,January 2019,Bruno Bellbrook
234,Phillis Gansbuhler,Female,12/11/1990,pgansbuhler6h@last.fm,London,48674 Jenifer Drive,WC1B,+44-164-402-9262,"University of Halifax, Birmingham Campus",2:1,,,
235,Bernadette Gerardi,Female,10/02/1998,bgerardi6i@chicagotribune.com,London,41 Westend Center,EC1V,+44-483-710-8426,University of East Anglia,1st,17,January 2019,Fifi Etton
236,Hallie Robbeke,Female,21/10/1996,hrobbeke6j@xing.com,Eaton,65 Stuart Point,DN22,+44 (136) 774-9123,University of Sussex,2:1,24,January 2019,Rupert Ripple
237,Nady Runnacles,Female,27/06/1992,nrunnacles6k@bing.com,Middleton,8785 Bay Alley,LE16,+44 (614) 733-7443,"Heythrop College, University of London",2:1,09,January 2019,Stacey Broad
238,Winnie Osipenko,Male,17/03/1990,wosipenko6l@unblog.fr,Burnside,88912 Granby Avenue,EH52,+44-816-568-8200,"University of Wales, Aberystwyth",2:1,30,January 2019,Doris Bellasis
239,Winnah Spooner,Female,14/06/1996,wspooner6m@sfgate.com,Ashley,8 Graedel Avenue,SN13,+44-198-512-9176,"Institute of Latin American Studies, University of London",2:2,23,January 2019,Rupert Ripple
240,Riccardo Oade,Male,10/09/1993,roade6n@intel.com,,,,+44 206 228 6344,"University of Wales, Newport",2:1,29,January 2019,Gismo Tilling
241,Bettye Di Napoli,Female,13/04/2000,bdi6o@irs.gov,Milton,567 Kingsford Place,AB56,+44-812-530-6878,Staffordshire University,3rd,23,January 2019,Doris Bellasis
242,Lutero Winning,Male,30/01/1990,lwinning6p@google.de,Birmingham,62 Prentice Center,B12,+44 148 500 6933,British College of Osteopathic Medicine,2:1,24,January 2019,Bruno Bellbrook
243,Stormi Kment,Female,01/11/1993,,London,54245 Jenifer Center,WC1B,+44 (506) 605-4403,Nottingham Trent University,2:1,02,January 2019,Fifi Etton
244,Staci Harlett,Female,07/02/1991,sharlett6r@europa.eu,Middleton,75458 Toban Plaza,LE16,+44 686 737 1945,,,16,January 2019,Sunny Sladefield
245,Jenifer Pickles,Female,17/09/2000,jpickles6s@loc.gov,Walton,9235 Manitowish Plaza,CV35,+44 (934) 594-7637,"Institute of Advanced Legal Studies, University of London",3rd,17,January 2019,Bruno Bellbrook
246,Gwyn Baversor,Female,30/05/1995,gbaversor6t@wordpress.com,Whitchurch,14808 Buell Center,BS14,+44 (385) 516-3354,"Institute of Germanic Studies, University of London",2:1,03,January 2019,Gismo Tilling
247,Gilbertine Assaf,Female,16/06/1990,gassaf6u@google.fr,Carlton,72 Ohio Avenue,DL8,+44-709-944-9187,University of Strathclyde,2:2,03,January 2019,Doris Bellasis
248,Warde Frowen,Male,22/12/1994,wfrowen6v@biglobe.ne.jp,Whitwell,71 Lakewood Gardens Hill,DL10,+44-287-325-9734,"Royal Academy of Music, University of London",2:2,30,January 2019,Rupert Ripple
249,Deni Roust,Female,01/11/2000,droust6w@163.com,Norton,320 Porter Point,NN11,+44 459 158 8117,"Royal Academy of Music, University of London",2:2,30,January 2019,Bruno Bellbrook
250,Babita Heigho,Female,27/11/1996,,Birmingham,7222 Twin Pines Circle,B40,+44-214-858-1823,University of Bolton,2:1,10,January 2019,Bruno Bellbrook
251,Candide Vannoort,Female,15/06/1994,cvannoort6y@hatena.ne.jp,Burnside,98816 Londonderry Park,EH52,+44 (617) 134-8736,"University of Wales, Swansea",2:1,03,January 2019,Fifi Etton
252,Sydney Renachowski,Male,16/11/1995,srenachowski6z@e-recht24.de,Church End,632 Morrow Pass,CB4,+44 146 241 2965,University of Glamorgan,2:1,09,January 2019,Bruno Bellbrook
253,Vince Scott,Male,27/06/1992,vscott70@ehow.com,Langley,730 Buhler Parkway,SG4,+44 (667) 227-1374,University of Bedfordshire,2:1,10,January 2019,Rupert Ripple
254,Art Mitkin,Male,09/07/1999,amitkin71@reddit.com,Marston,24575 Tennyson Way,ST20,+44 278 683 9920,University of Cambridge,2:1,31,January 2019,Doris Bellasis
255,Tonnie Royden,Male,15/05/1995,troyden72@smh.com.au,Aston,3968 Dahle Alley,TF6,+44-727-412-9362,University of Southampton,2:2,17,January 2019,Stacey Broad
256,Trstram Goodyer,Male,19/12/1992,tgoodyer73@creativecommons.org,Merton,0409 Hoepker Street,SW19,+44 (853) 737-8791,The American University in London,2:1,16,January 2019,Gismo Tilling
257,Bobbye Ladbrooke,Female,09/05/1998,bladbrooke74@dot.gov,Burnside,9 Northport Lane,EH52,+44-407-193-4951,London Institute of Management and Technology,2:1,09,January 2019,Stacey Broad
258,Ronalda Richmond,Female,05/01/1994,rrichmond75@bigcartel.com,Ashley,99010 Judy Point,SN13,+44 (256) 115-9323,University of Northampton,2:1,24,January 2019,Fifi Etton
259,Sibley Addison,Female,30/07/1991,saddison76@unc.edu,London,7 Warner Circle,EC1V,+44 260 356 7133,,,31,January 2019,Bruno Bellbrook
260,Ollie Donett,Male,27/09/1995,odonett77@google.fr,East End,001 Kinsman Point,BH21,+44-320-958-2025,University of Worcester,2:2,,,
261,Hi Tee,Male,24/06/1998,htee78@answers.com,Eaton,84475 Stang Court,DN22,+44 856 321 9052,Napier University,2:2,30,January 2019,Gismo Tilling
262,Shannan Andrejevic,Male,25/08/1992,sandrejevic79@marketwatch.com,Aberdeen,4805 Buena Vista Point,AB39,+44 280 250 9943,Newport International University,3rd,23,January 2019,Rupert Ripple
263,Glendon Smedley,Male,21/06/1991,gsmedley7a@yahoo.com,Middleton,759 Surrey Trail,LE16,+44-935-744-9938,University of Kent at Canterbury,1st,,,
264,Carey Severn,Female,25/11/1998,csevern7b@ning.com,Liverpool,49 Rieder Place,L33,+44-195-691-0379,Brunel University Uxbridge,2:2,29,January 2019,Rupert Ripple
265,Foss Darycott,Male,22/01/1991,fdarycott7c@howstuffworks.com,Norton,273 Basil Junction,NN11,,"Royal Academy of Music, University of London",3rd,08,January 2019,Stacey Broad
266,Leeland Looks,Male,10/02/2000,llooks7d@networkadvertising.org,Hatton,41849 Quincy Road,CV35,+44 731 493 9984,University of Wales College of Medicine,2:2,03,January 2019,Bruno Bellbrook
267,Gelya Pyson,Female,03/08/1995,,Thorpe,144 Sauthoff Avenue,BD23,+44 825 946 0185,London Guildhall University,3rd,17,January 2019,Gismo Tilling
268,Claus Donneely,Male,26/08/2000,cdonneely7f@nifty.com,Hatton,4760 Village Hill,CV35,+44 (524) 710-4858,University of Plymouth,2:1,,,
269,Benny Smallsman,Female,28/02/1996,bsmallsman7g@livejournal.com,,,,+44 921 829 0505,University of Bradford,2:1,30,January 2019,Rupert Ripple
270,Sylvia Trevett,Female,10/10/1996,strevett7h@symantec.com,Norton,5 Southridge Parkway,S8,+44 459 193 1911,University of Lancaster,2:1,,,
271,Silvain Geeve,Male,31/10/1995,sgeeve7i@theglobeandmail.com,Wootton,77 Kensington Lane,NN4,,University of Kent at Canterbury,1st,31,January 2019,Sunny Sladefield
272,Olia Meugens,Female,16/04/1997,omeugens7j@google.com.br,London,0 Elmside Terrace,SW1E,+44 587 210 3281,University of Plymouth,2:1,03,January 2019,Gismo Tilling
273,Cello Carrodus,Male,19/04/1993,ccarrodus7k@tamu.edu,Weston,44 Bay Park,GU32,+44-219-795-5944,"University of Wales, Aberystwyth",2:2,,,
274,Theodosia Creenan,Female,17/04/1992,tcreenan7l@tripod.com,Brampton,0530 Anderson Court,NR34,+44-102-380-9800,Aga Khan University,1st,16,January 2019,Fifi Eton
275,Aida Bothams,Female,24/10/2000,abothams7m@mac.com,Buckland,28506 Hooker Alley,CT16,+44-807-981-5488,Kingston University,2:2,17,January 2019,Doris Bellasis
276,Onida Tregear,Female,30/10/1992,otregear7n@harvard.edu,Belfast,700 Jackson Avenue,BT2,+44 638 477 8291,University of Portsmouth,3rd,22,January 2019,Rupert Ripple
277,Salomon Costellow,Male,14/07/1997,scostellow7o@smh.com.au,Middleton,1 Warrior Terrace,LE16,+44 730 860 4745,University of Bedfordshire,2:2,29,January 2019,Sunny Sladefield
278,Orion Ephgrave,Male,01/12/1991,oephgrave7p@netvibes.com,Bristol,5233 Kipling Crossing,BS41,+44 168 150 4219,University of Leicester,2:2,22,January 2019,Stacey Broad
279,Saunders Rodbourne,Male,13/07/1994,srodbourne7q@ocn.ne.jp,Newton,54 Warbler Street,NG34,+44-570-540-3819,University of Bristol,2:1,,,
280,Quintus Penella,Male,11/11/1992,qpenella7r@tripod.com,Whitchurch,8132 Grover Hill,BS14,+44-144-121-5521,,,15,January 2019,Bruno Bellbrook
281,Muffin Wigglesworth,Male,02/03/1992,mwigglesworth7s@icio.us,Charlton,4130 Stephen Avenue,OX12,+44 301 854 7083,University of Westminster,3rd,17,January 2019,Gismo Tilling
282,Agretha Deinert,Female,13/07/1993,adeinert7t@youtu.be,Dean,68 Luster Avenue,OX7,+44 (397) 873-4674,University of Southampton,1st,22,January 2019,Rupert Ripple
283,Audy Beat,,18/05/2000,abeat7u@dagondesign.com,Norton,328 Ramsey Drive,S8,+44 637 825 0723,"University of Halifax, Birmingham Campus",1st,,,
284,Melba Cobain,Female,03/03/1997,,Aston,873 Dexter Way,TF6,+44 778 671 6100,American InterContinental University - London,2:1,16,January 2019,Fifi Etton
285,Jerry Lamort,Male,06/10/1997,jlamort7w@redcross.org,Merton,2031 Oxford Parkway,SW19,+44-564-703-6227,University of Wolverhampton,2:1,23,January 2019,Bruno Bellbrook
286,Jazmin Dark,Female,18/12/1990,jdark7x@people.com.cn,Kingston,67 Rusk Trail,DT10,,London School of Business & Finance,2:1,30,January 2019,Stacey Broad
287,Aindrea Davio,Female,02/11/1993,adavio7y@netscape.com,Linton,0 Anniversary Crossing,BD23,,Thames Valley University,1st,31,January 2019,Rupert Ripple
288,Burg Flipek,Male,24/02/1993,bflipek7z@prlog.org,Charlton,57152 Continental Street,OX12,+44-247-770-5497,Huron University USA in London,2:2,08,January 2019,Stacey Broad
289,Bary Boatman,Male,09/06/1999,bboatman80@aboutads.info,Norton,810 Merrick Junction,S8,+44 838 919 9490,University of Stirling,2:1,08,January 2019,Rupert Ripple
290,Ogdon Gonnelly,Male,03/05/1994,ogonnelly81@umn.edu,Newton,53 Truax Trail,NG34,+44 356 699 6376,University of Ulster,2:1,03,January 2019,Doris Bellasis
291,Diane-marie Hilling,Female,20/10/1998,dhilling82@facebook.com,Wirral,3570 Kings Street,CH48,+44 238 634 4007,"King's College London, University of London",2:2,30,January 2019,Sunny Sladefield
292,Urbain Arnholz,Male,18/07/1999,,Preston,3912 Merrick Drive,PR1,+44 245 140 5178,University of Leeds,2:1,,,
293,Sybil Maydway,Female,30/12/1995,smaydway84@redcross.org,Milton,40 Service Hill,NG22,+44 689 190 4629,University of Wales College of Medicine,2:1,24,January 2019,Rupert Ripple
294,Bart Godilington,Male,09/05/1999,bgodilington85@google.com.au,Marston,438 7th Circle,ST20,+44-232-789-4988,University of Manchester,2:1,17,January 2019,Fifi Eton
295,Keri Crewe,Female,02/03/1994,kcrewe86@yahoo.com,Norton,7835 Dakota Center,NN11,+44-971-948-9571,University of Bristol,3rd,30,January 2019,Stacey Broad
296,Jenda Fernandez,Female,06/10/1999,jfernandez87@psu.edu,Upton,45 Hollow Ridge Drive,WF9,+44 905 976 7117,University of Edinburgh,2:1,30,January 2019,Stacey Broad
297,Kiah Pittwood,Female,12/06/1994,kpittwood88@java.com,Church End,61345 Sunbrook Lane,N3,+44 788 562 9587,University of Warwick,1st,24,January 2019,Doris Bellasis
298,Esteban Warn,Male,08/11/1993,ewarn89@people.com.cn,Edinburgh,47 Pond Drive,EH9,+44 (672) 834-4638,"Goldsmiths College, University of London",2:1,02,January 2019,Fifi Eton
299,Stephan Jaxon,Male,01/05/1991,sjaxon8a@umn.edu,Belfast,46 Fallview Street,BT2,+44-882-369-4217,"University of the West of England, Bristol",3rd,10,January 2019,Bruno Bellbrook
300,Allianora Rowdell,Female,05/07/2000,arowdell8b@ucoz.com,Wirral,6 Harbort Junction,CH48,+44 (731) 764-9494,Southampton Solent University,2:1,17,January 2019,Sunny Sladefield
301,Orran Rofe,Male,31/07/1998,orofe8c@noaa.gov,Langley,1493 Warbler Court,SG4,+44-580-132-7986,City University,2:1,09,January 2019,Rupert Ripple
302,Randy Semken,Female,21/11/1998,rsemken8d@arizona.edu,London,9077 Anniversary Way,W1F,+44-262-329-0984,Imperial College School of Medicine,3rd,17,January 2019,Rupert Ripple
303,Gaspard Alvaro,Male,31/07/1999,galvaro8e@clickbank.net,Aston,120 Shopko Drive,TF6,+44-262-519-3418,University of Bristol,1st,22,January 2019,Gismo Tilling
304,Ricca Sowden,Female,20/08/2000,rsowden8f@symantec.com,Edinburgh,5408 Carpenter Lane,EH9,+44-691-114-0305,"School of Slavonic and East European Studies, University of London",2:1,16,January 2019,Bruno Bellbrook
305,Gardner Kienle,,01/06/1992,gkienle8g@cnet.com,London,46561 Warner Alley,EC3M,+44 217 900 7271,University of Abertay Dundee,3rd,09,January 2019,Stacey Broad
306,Guillermo Riha,Male,24/07/1995,griha8h@npr.org,Ford,32502 Moose Court,GL54,+44-725-447-7225,Coventry University,2:2,15,January 2019,Doris Bellasis
307,Wakefield Jeves,Male,01/05/1996,,Birmingham,488 Continental Place,B12,+44-460-713-3209,Liverpool Hope University College,2:2,17,January 2019,Bruno Bellbrook
308,Ganny Howcroft,Male,22/05/1990,ghowcroft8j@php.net,Church End,25 Vera Avenue,CB4,+44-909-333-0118,Sheffield Hallam University,2:2,22,January 2019,Gismo Tilling
309,Craig Ferriby,Male,22/04/1994,cferriby8k@wikipedia.org,Church End,299 Union Plaza,N3,+44 797 680 0956,Trinity College Carmarthen,2:1,24,January 2019,Rupert Ripple
310,Katinka Macrow,Female,19/06/1998,kmacrow8l@cam.ac.uk,Buckland,8 Bonner Point,CT16,+44-568-169-9741,University of Westminster,2:1,22,January 2019,Stacey Broad
311,Mel Lafontaine,Male,01/07/1996,mlafontaine8m@ft.com,West End,4427 Springs Drive,DN36,,Warnborough University,2:1,24,January 2019,Rupert Ripple
312,Drona Lemonby,Female,05/02/1997,dlemonby8n@sohu.com,Burnside,4 Hauk Alley,EH52,+44 586 445 8976,University of Manchester,3rd,16,January 2019,Stacey Broad
313,Nettie Civitillo,Female,19/07/2000,ncivitillo8o@shop-pro.jp,East End,36772 Ridgeway Lane,BH21,+44-204-621-9733,The American University in London,3rd,17,January 2019,Bruno Bellbrook
314,Chiarra Laughlan,Female,,,Middleton,887 Hazelcrest Circle,LE16,+44 (680) 102-7389,Roehampton University of Surrey,2:1,23,January 2019,Fifi Etton
315,Alyda Barlow,Female,13/07/2000,abarlow8q@cmu.edu,Horton,7 Memorial Parkway,BS37,+44 266 991 5937,"University of Wales, Aberystwyth",2:1,,,
316,Kalli McGarrie,Female,27/06/1998,kmcgarrie8r@hubpages.com,Bradford,99 Mayfield Crossing,BD7,+44-766-554-4277,Open University,2:1,29,January 2019,Sunny Sladefield
317,Pascale Snelgrove,Male,14/09/1998,psnelgrove8s@twitter.com,Newport,707 Mallory Road,NR29,+44-623-654-0209,Stratford College London,2:2,23,January 2019,Gismo Tilling
318,Bernelle Longhorne,Female,06/06/1997,blonghorne8t@themeforest.net,Sheffield,2821 Stone Corner Alley,S33,+44-792-324-8307,"Heythrop College, University of London",1st,23,January 2019,Stacey Broad
319,Valeda Adshad,Female,25/01/1995,vadshad8u@dagondesign.com,Birmingham,7 Haas Way,B12,+44 502 789 9682,Napier University,2:2,08,January 2019,Stacey Broad
320,Barnabas Crinion,Male,09/10/1993,bcrinion8v@shareasale.com,Langley,44766 Lakewood Gardens Trail,SG4,+44-790-276-0147,British College of Osteopathic Medicine,2:1,17,January 2019,Bruno Bellbrook
321,Antonin Steptoe,Male,,asteptoe8w@ebay.co.uk,Carlton,6329 Buena Vista Street,DL8,+44 (643) 418-5719,Cardiff University,2:2,,,
322,Wanids Simison,Female,11/01/2000,wsimison8x@cnet.com,Newton,4 Oriole Lane,IV1,+44-855-416-3180,University of North London,2:1,15,January 2019,Fifi Etton
323,Alexander Johnstone,Male,11/12/1991,ajohnstone8y@japanpost.jp,London,6 Saint Paul Trail,WC1B,+44 (144) 907-0589,"University of Wales Institute, Cardiff",1st,08,January 2019,Fifi Etton
324,Aviva Duddan,Female,23/04/1995,aduddan8z@yolasite.com,East End,72143 Lake View Junction,BH21,+44 113 184 6513,Richmond University - The American International University in London,2:1,23,January 2019,Gismo Tilling
325,Tyrone Bailes,Male,05/11/1991,tbailes90@studiopress.com,London,737 Derek Alley,SW1E,+44-285-649-0159,University of Northumbria at Newcastle,2:2,30,January 2019,Fifi Eton
326,Thatcher Northey,Male,06/11/2000,tnorthey91@diigo.com,Ford,1 8th Circle,GL54,+44-238-326-7970,"Institue of Historical Research, University of London",1st,10,January 2019,Rupert Ripple
327,Merrill Mongain,Female,06/11/2000,mmongain92@prnewswire.com,Stapleford,9 Dakota Terrace,LN6,+44 848 144 1829,Loughborough University,2:1,09,January 2019,Bruno Bellbrook
328,Jacky Bickerdyke,Male,30/09/1992,jbickerdyke93@mysql.com,Denton,085 Redwing Drive,M34,+44 (571) 776-0680,University of Manchester,2:1,,,
329,Jena Attard,Female,14/11/1999,jattard94@chicagotribune.com,Belfast,21 Redwing Point,BT2,+44 (705) 729-0752,University of Central Lancashire,2:1,08,January 2019,Rupert Ripple
330,Kylynn Jewes,Female,04/09/1994,kjewes95@netvibes.com,Milton,913 John Wall Drive,AB56,+44-145-424-6694,"Institute of Advanced Legal Studies, University of London",2:2,17,January 2019,Gismo Tilling
331,Daryle Janoch,Male,11/09/1991,djanoch96@tumblr.com,Linton,2842 Cascade Avenue,BD23,+44 (515) 938-0396,Canterbury Christ Church University,2:2,31,January 2019,Stacey Broad
332,Ivory Linnemann,Female,29/12/1996,ilinnemann97@360.cn,Sutton,87609 Petterle Court,CT15,+44 736 669 1275,Staffordshire University,2:2,22,January 2019,Bruno Bellbrook
333,Loy Mulvy,Male,11/07/1999,lmulvy98@prnewswire.com,Newton,58549 Armistice Pass,NG34,+44 848 181 2616,University of Aberdeen,2:2,30,January 2019,Bruno Bellbrook
334,Irvine Lawrey,Male,10/11/1998,ilawrey99@springer.com,Sutton,523 Bunting Road,RH5,+44-935-944-3021,University of Chester,2:1,30,January 2019,Stacey Broad
335,Marlon Tomala,Male,29/08/1998,mtomala9a@godaddy.com,Burnside,6956 Michigan Junction,EH52,+44 (672) 422-2315,"Saint George's Hospital Medical School, University of London",2:1,24,January 2019,Sunny Sladefield
336,Kincaid Osipov,Male,25/03/1990,kosipov9b@ebay.co.uk,Newton,07 Elgar Way,NG34,+44 322 230 6213,University of Bath,2:1,02,January 2019,Rupert Ripple
337,Olin Gariff,Male,26/04/1999,ogariff9c@narod.ru,London,024 Cottonwood Center,SW1E,+44 (895) 291-0988,University of Wolverhampton,2:1,24,January 2019,Gismo Tilling
338,Layla Dymott,Female,11/07/2000,ldymott9d@sphinn.com,Birmingham,6 Marcy Parkway,B40,+44 (257) 965-8335,University of Leeds,2:1,,,
339,Reggie Lawlor,Male,23/03/1992,rlawlor9e@about.com,Newbiggin,96437 Helena Pass,NE46,+44 591 183 3560,Central Saint Martins College of Art & Design,2:2,08,January 2019,Bruno Bellbrook
340,Carlo Twining,Male,28/02/1993,ctwining9f@biglobe.ne.jp,Merton,3 Nova Alley,SW19,+44 735 382 6312,"Courtauld Institute of Art, University of London",2:2,30,January 2019,Sunny Sladefield
341,Farley Nuccitelli,Male,13/04/1992,fnuccitelli9g@i2i.jp,Ford,57 Straubel Center,GL54,+44 (736) 161-0135,Chelsea College of Art and Design,1st,22,January 2019,Stacey Broad
342,Wendy Ducastel,Female,19/12/1997,wducastel9h@linkedin.com,Church End,4799 Corry Center,CB4,+44 (358) 148-1074,"University of Wales Institute, Cardiff",2:2,23,January 2019,Bruno Bellbrook
343,Sherwin Guy,Male,24/02/1994,sguy9i@gizmodo.com,Upton,52070 Eagle Crest Crossing,WF9,+44-894-873-8364,University of Lincoln,1st,23,January 2019,Gismo Tilling
344,Findley McAndie,Male,22/03/1997,fmcandie9j@1688.com,East End,6 Pine View Hill,BH21,+44 (144) 634-6314,Coventry University,2:1,24,January 2019,Fifi Etton
345,Harli Vidgeon,Female,09/10/2000,hvidgeon9k@icq.com,Pentre,4 Carberry Road,SY4,+44-480-235-2635,"Heythrop College, University of London",2:1,,,
346,Sal Curee,Male,16/04/1994,scuree9l@hhs.gov,Newtown,823 Warbler Trail,RG20,+44-719-241-3171,Leeds Metropolitan University,1st,09,January 2019,Gismo Tilling
347,Alwyn Mackilpatrick,Male,12/08/1996,,Newton,8 Laurel Pass,IV1,+44-255-612-8263,University of Birmingham,2:1,,,
348,Gayel Meineking,Female,02/05/1995,gmeineking9n@wordpress.org,Norton,15335 Sauthoff Terrace,S8,+44 (505) 292-5898,University of Birmingham,2:2,29,January 2019,Gismo Tilling
349,Gerhard McGrath,Male,20/11/1995,gmcgrath9o@edublogs.org,Sutton,71941 Morningstar Point,CT15,,University of Kent at Canterbury,2:1,31,January 2019,Gismo Tilling
350,Ced Danielut,Male,17/03/1999,cdanielut9p@omniture.com,Weston,6166 Mosinee Park,GU32,+44 234 588 6614,University of York,2:1,22,January 2019,Doris Bellasis
351,Cory Greene,Female,14/04/2000,cgreene9q@gnu.org,Buckland,50118 Lindbergh Center,CT16,+44 757 563 3895,Sotheby´s Institute of Art - London,2:2,16,January 2019,Bruno Bellbrook
352,Archaimbaud Buller,Male,18/12/1995,abuller9r@nba.com,Newton,545 Anderson Trail,NG34,+44-115-838-4073,"University of Halifax, Birmingham Campus",2:2,17,January 2019,Sunny Sladefield
353,Wynn Silverman,Female,19/04/1992,wsilverman9s@ehow.com,East End,0853 American Ash Place,BH21,+44 970 966 8863,"King's College London, University of London",3rd,22,January 2019,Gismo Tilling
354,Lilli Le Brom,Female,22/11/1996,lle9t@t-online.de,London,28 Jay Place,EC1V,+44-505-512-6412,Open University,2:2,10,January 2019,Doris Bellasis
