id,name,gender,dob,email,city,address,postcode,phone_number,uni,degree,invited_date,month,invited_by
1,Abbe Hanny,Female,07/11/1999,,Glasgow,5 Kim Way,G4,+44 (268) 322-8947,University of Birmingham,2:2,26,March 2019,Bruno Bellbrook
2,Eimile Pincott,Female,19/03/1997,epincott1@whitehouse.gov,Glasgow,35 Doe Crossing Court,G4,+44 (558) 779-3340,University of Chester,3rd,12,March 2019,Fifi Eton
3,Constancia Tesauro,Female,16/12/1991,ctesauro2@bravesites.com,Halton,3 Butterfield Circle,LS9,+44-429-252-5224,Central Saint Martins College of Art & Design,2:2,06,March 2019,Rupert Ripple
4,Klarrisa Adamovitch,,26/06/1993,,Aberdeen,15154 Carberry Center,AB39,+44-900-852-4771,University of Surrey,1st,20,March 2019,Sunny Sladefield
5,Marley Skelbeck,Female,16/01/1997,mskelbeck4@bloomberg.com,Bradford,0 Riverside Junction,BD7,+44 503 153 0820,University of Sunderland,2:1,,,
6,Karney Habberjam,,20/05/1995,khabberjam5@csmonitor.com,Newtown,6 Kropf Trail,RG20,+44 (127) 740-2281,University of Essex,2:1,,,
7,Nickie McNiven,Female,28/09/1990,nmcniven6@msn.com,Norton,43657 Clove Park,NN11,+44 243 561 0869,Anglia Ruskin University,2:1,21,March 2019,Fifi Eton
8,Thomasa Marlor,Female,27/12/1994,tmarlor7@technorati.com,Seaton,48461 Fuller Drive,LE15,+44 (509) 717-2048,"University of Wales, Aberystwyth",2:1,28,March 2019,Fifi Eton
9,Cordey Rigardeau,Female,19/09/1991,crigardeau8@eventbrite.com,Merton,31 Bluestem Terrace,SW19,+44-523-828-8206,University of Glasgow,2:1,28,March 2019,Sunny Sladefield
10,Gun Cargill,Male,27/04/1991,gcargill9@cocolog-nifty.com,Whitwell,4388 Bunker Hill Plaza,DL10,+44 (525) 311-2577,International Colleges of Islamic Science,2:1,21,March 2019,Rupert Ripple
11,Tonia Goodie,Female,,tgoodiea@tmall.com,Aberdeen,7 Melrose Point,AB39,+44 (618) 656-4591,Aga Khan University,2:1,19,March 2019,Rupert Ripple
12,Cort Trow,Male,19/06/1992,ctrowb@webmd.com,Seaton,64 Stephen Point,LE15,+44-545-405-6985,University of Greenwich,2:1,19,March 2019,Fifi Eton
13,Christyna Thirlwell,,09/11/1993,cthirlwellc@smh.com.au,Kinloch,9 Bonner Road,PH43,+44 (805) 710-3473,,,07,March 2019,Stacey Broad
14,Thorin Kennagh,Male,27/01/1991,tkennaghd@nytimes.com,Whitwell,67159 Eggendart Alley,DL10,+44 604 698 5868,University of Lincoln,2:1,,,
15,Linn Jarred,Male,24/05/1990,ljarrede@oracle.com,Kingston,6 Thompson Junction,DT10,+44-763-921-9142,University of Hertfordshire,1st,,,
16,Edi O' Finan,Female,29/04/1999,eof@about.me,Tullich,0 Meadow Ridge Plaza,AB55,+44 741 785 6223,University of Chester,2:1,14,March 2019,Gismo Tilling
17,Henrik Mott,Male,11/12/1991,hmottg@vistaprint.com,Whitchurch,10192 Evergreen Alley,BS14,+44-400-180-3654,University of York,2:1,19,March 2019,Stacey Broad
18,May Cheales,Female,18/01/2000,mchealesh@engadget.com,London,4 Novick Place,WC1B,+44 396 927 2034,European School of Economics,1st,21,March 2019,Rupert Ripple
19,Romeo Roache,Male,01/11/1997,rroachei@yellowpages.com,Newton,4 Corscot Way,NG34,+44-748-463-3771,Cardiff University,1st,28,March 2019,Sunny Sladefield
20,Ken Gotter,Male,02/09/1994,kgotterj@wordpress.org,Tullich,8 Mosinee Road,AB55,+44-238-641-1098,"University of Wales, Lampeter",2:2,21,March 2019,Gismo Tilling
21,Kiele Letford,Female,25/06/2000,kletfordk@seesaa.net,Milton,5 Debs Crossing,NG22,+44-395-502-7395,"London School of Economics and Political Science, University of London",2:1,12,March 2019,Stacey Broad
22,Harrison MacNamee,Male,06/01/1995,hmacnameel@cdc.gov,Preston,942 Judy Lane,PR1,+44 (699) 747-6445,"Birkbeck College, University of London",2:1,12,March 2019,Rupert Ripple
23,Bunni Locard,Female,04/12/1990,blocardm@boston.com,Hatton,058 Dryden Park,CV35,+44-216-533-2225,University of Liverpool,2:1,28,March 2019,Fifi Eton
24,Farley Hearnes,Male,05/07/1994,fhearnesn@sciencedaily.com,Manchester,25626 Bobwhite Center,M14,+44 (532) 367-4140,,,20,March 2019,Gismo Tilling
25,Anica Vallis,Female,14/02/1993,avalliso@sogou.com,Walton,55 North Trail,CV35,+44 844 306 1195,"School of Slavonic and East European Studies, University of London",2:1,26,March 2019,Bruno Bellbrook
26,Willy Murphey,Male,03/07/1990,wmurpheyp@ucsd.edu,Hatton,8093 8th Parkway,CV35,+44 (320) 436-0344,City University,1st,19,March 2019,Gismo Tilling
27,Randee Mackison,Female,25/10/1993,rmackisonq@example.com,Stapleford,699 Sunbrook Park,LN6,+44 (673) 909-3208,University of Lincoln,1st,07,March 2019,Doris Bellasis
28,Franciskus Lethardy,,09/05/1994,flethardyr@mapy.cz,Milton,71466 Dovetail Terrace,AB56,+44-570-318-9043,"School of Oriental and African Studies, University of London",2:2,27,March 2019,Doris Bellasis
29,Dolph Jobbins,Male,09/06/1990,djobbinss@mapquest.com,Pentre,049 Fulton Place,SY4,+44 917 290 1732,Imperial College School of Medicine,2:2,12,March 2019,Sunny Sladefield
30,Lilian Eyer,Female,16/06/1999,leyert@ustream.tv,London,8 Esch Trail,SW1E,+44 (853) 851-3419,University of London,2:1,06,March 2019,Gismo Tilling
31,Roselia Tanswell,Female,06/01/1998,rtanswellu@amazon.co.uk,Langley,182 Bayside Court,SG4,+44 (488) 311-9714,University of Exeter,2:2,13,March 2019,Fifi Eton
32,Dot McGinly,Female,17/02/1995,dmcginlyv@studiopress.com,Kirkton,8 Eggendart Parkway,KW10,,University of Bath,2:2,07,March 2019,Doris Bellasis
33,Ingelbert Fri,Male,21/06/1991,ifriw@tinypic.com,Milton,0 Roxbury Junction,NG22,+44-242-290-2679,University of Paisley,2:1,07,March 2019,Stacey Broad
34,Corrie Duiguid,Male,29/12/1999,cduiguidx@ycombinator.com,Seaton,015 Hintze Alley,LE15,+44 (333) 307-4184,London School of Business & Finance,2:1,20,March 2019,Bruno Bellbrook
35,Frankie Mabee,Male,01/07/1995,fmabeey@usgs.gov,London,119 Maple Wood Avenue,W1F,+44 (662) 548-6937,University of Paisley,2:1,27,March 2019,Bruno Bellbrook
36,Stefan Insley,Male,27/12/1991,sinsleyz@hc360.com,Whitchurch,05 Declaration Park,BS14,,"School of Pharmacy, University of London",2:1,13,March 2019,Rupert Ripple
37,Zacharias Arnauduc,,06/03/1995,zarnauduc10@cdbaby.com,Hatton,268 Golf Course Center,CV35,+44 755 758 9385,"Warburg Institute, University of London",2:2,07,March 2019,Gismo Tilling
38,Quinton Kuhnt,Male,,qkuhnt11@altervista.org,Normanton,72 Grover Avenue,LE15,+44-349-762-3428,Keele University,1st,26,March 2019,Sunny Sladefield
39,Ferdie Glyne,Male,28/11/1998,,Whitwell,2308 Arrowood Parkway,DL10,+44 985 825 4930,University of York,1st,27,March 2019,Doris Bellasis
40,Olympe Regus,Female,31/10/1990,oregus13@google.com,London,077 Carberry Way,WC1B,+44-279-789-5253,Glasgow School of Art,2:1,,,
41,Rhonda Revance,Female,01/04/1999,rrevance14@jugem.jp,Buckland,644 Sutteridge Trail,CT16,+44-910-170-6951,University of Teesside,2:1,07,March 2019,Bruno Bellbrook
42,Dorothee Willacot,Female,27/08/1996,dwillacot15@g.co,West End,524 Acker Point,DN36,+44 399 389 3982,University of Abertay Dundee,2:1,13,March 2019,Sunny Sladefield
43,Saxe Patching,Male,,spatching16@canalblog.com,London,22 Granby Terrace,SW1E,+44 (695) 399-2719,Thames Valley University,1st,,,
44,Bary Brambley,Male,25/11/1996,bbrambley17@ucsd.edu,,,,+44 (305) 382-4083,University of Lancaster,2:1,07,March 2019,Gismo Tilling
45,Jeromy Mebius,Male,14/06/1991,jmebius18@tamu.edu,Preston,49 Village Drive,PR1,+44 (777) 454-7110,University of Greenwich,3rd,19,March 2019,Stacey Broad
46,Gavin Sides,Male,30/07/1991,gsides19@unesco.org,Birmingham,72485 Dexter Way,B12,+44 (129) 634-8987,University of Essex,1st,26,March 2019,Gismo Tilling
47,Bessy Dragge,Female,27/07/1997,bdragge1a@who.int,Pentre,11000 Victoria Parkway,SY4,,Heriot-Watt University,2:2,,,
48,Audi Westmacott,Female,24/11/1993,awestmacott1b@reference.com,Liverpool,7 Summer Ridge Alley,L74,+44 (295) 494-9247,University of Sheffield,2:1,07,March 2019,Rupert Ripple
49,Burtie Irnys,Male,13/01/1995,birnys1c@apache.org,London,82 Darwin Center,WC1B,+44-988-316-7206,Napier University,2:1,20,March 2019,Bruno Bellbrook
50,Eliot Frank,Male,01/06/1998,efrank1d@netscape.com,Sutton,4 Corry Place,RH5,+44 (788) 930-9470,Keele University,1st,19,March 2019,Gismo Tilling
51,Neall Stuehmeyer,Male,17/12/1996,nstuehmeyer1e@i2i.jp,Newport,57 Columbus Park,NR29,+44 (264) 878-5857,Middlesex University,2:2,06,March 2019,Rupert Ripple
52,Penni Grioli,Female,14/07/1995,pgrioli1f@reverbnation.com,Newton,38 Lunder Junction,NG34,+44-635-534-2013,Keele University,2:1,05,March 2019,Gismo Tilling
53,Joletta Matzaitis,Female,,jmatzaitis1g@un.org,Aberdeen,3547 4th Hill,AB39,+44 (615) 846-9240,Imperial College London,2:2,20,March 2019,Stacey Broad
54,Ofelia Helm,Female,16/07/1991,ohelm1h@microsoft.com,Bristol,3838 Kedzie Street,BS41,+44-788-522-0051,"School of Oriental and African Studies, University of London",2:2,20,March 2019,Fifi Etton
55,Anselm Marrow,Male,25/09/1994,,London,40613 Garrison Lane,W1F,+44 614 886 8933,Cranfield University,2:1,14,March 2019,Stacey Broad
56,Sibley Forrest,,30/10/2000,sforrest1j@tmall.com,Milton,8 Dennis Junction,AB56,+44-145-252-2177,Leeds Metropolitan University,3rd,06,March 2019,Rupert Ripple
57,Farris Gogerty,Male,18/05/1990,fgogerty1k@statcounter.com,Stapleford,280 Luster Hill,LN6,+44 703 209 9717,Kingston University,2:2,06,March 2019,Rupert Ripple
58,Honoria Staziker,Female,06/05/1993,hstaziker1l@msu.edu,London,8 Londonderry Parkway,WC1B,+44-123-310-2356,University of Teesside,3rd,07,March 2019,Fifi Eton
59,ANGELINE REWBOTTOM,Female,27/09/1999,arewbottom1m@springer.com,Middleton,02 Porter Point,LE16,+44 538 508 4720,London Metropolitan University,3rd,12,March 2019,Stacey Broad
60,Alan Heald,Male,29/05/1991,aheald1n@tinyurl.com,Sheffield,52931 Cascade Plaza,S1,+44 (283) 291-5740,Nottingham Trent University,2:2,28,March 2019,Bruno Belbrook
61,Sholom Banting,Male,17/01/1999,sbanting1o@ft.com,Kinloch,56007 Elka Point,PH43,+44 (868) 202-3244,"Institute of Education, University of London",2:1,20,March 2019,Bruno Bellbrook
62,Tonia Oakes,Female,19/06/1993,toakes1p@merriam-webster.com,Preston,50540 Onsgard Alley,PR1,+44 125 226 9177,London Business School,2:1,12,March 2019,Doris Bellasis
63,Lorant Pesic,Male,14/04/1999,lpesic1q@mapquest.com,Sutton,60953 Warrior Junction,CT15,+44 (525) 172-8547,Anglia Ruskin University,3rd,14,March 2019,Fifi Etton
64,Randie Reede,,25/12/1994,rreede1r@g.co,Milton,27695 Arkansas Crossing,AB56,+44 349 947 1742,Chelsea College of Art and Design,2:2,,,
65,Delmore O'Loinn,Male,07/12/1991,doloinn1s@shutterfly.com,,,,,University of Strathclyde,2:1,13,March 2019,Bruno Bellbrook
66,Sile Buttrey,Female,05/03/1994,sbuttrey1t@purevolume.com,Upton,4784 Homewood Junction,DN21,+44 (734) 707-3139,University of Buckingham,2:1,,,
67,Vale Fishbie,Male,19/04/1992,vfishbie1u@bing.com,Charlton,1 Almo Junction,OX12,+44 (930) 981-3151,,,05,March 2019,Bruno Bellbrook
68,Doti Bothram,Female,04/01/1994,dbothram1v@privacy.gov.au,Birmingham,95 Kinsman Pass,B12,+44 (538) 512-5790,University of Exeter,3rd,12,March 2019,Stacey Broad
69,Carrie Eagling,Female,24/10/1996,ceagling1w@blog.com,London,628 Cardinal Court,WC1B,+44 740 340 3379,,,21,March 2019,Gismo Tilling
70,Thayne Sainsberry,Male,10/01/1999,tsainsberry1x@imdb.com,Church End,1 Tennessee Circle,N3,+44 142 770 9865,Sotheby´s Institute of Art - London,2:1,27,March 2019,Rupert Ripple
71,Heindrick Keay,Male,09/08/1995,,London,675 Londonderry Center,W1F,+44 (436) 958-4442,"Birkbeck College, University of London",2:1,07,March 2019,Fifi Eton
72,Nikoletta McCaffrey,Female,19/10/1994,,Eaton,2 Oak Road,DN22,+44-677-261-9460,ifs University College,3rd,06,March 2019,Sunny Sladefield
73,Adan Jeacock,Female,29/11/1998,ajeacock20@cpanel.net,London,99 Mendota Circle,WC1B,+44 466 824 0859,London College of Science & Technology,2:1,07,March 2019,Bruno Bellbrook
74,Russ Caddens,Male,14/05/1995,,Kirkton,272 Pearson Avenue,KW10,+44 900 673 9638,Richmond University - The American International University in London,2:2,,,
75,Roze Somerbell,Female,02/03/2000,rsomerbell22@baidu.com,West End,91496 Pierstorff Park,DN36,+44 561 550 0571,University of Birmingham,3rd,28,March 2019,Doris Bellasis
76,Ganny Brumham,Male,30/10/1998,gbrumham23@trellian.com,Norton,2 Mcguire Road,S8,+44 879 866 9443,"University of Wales Institute, Cardiff",2:2,19,March 2019,Stacey Broad
77,Augusto Bearblock,Male,01/02/1997,abearblock24@umich.edu,Sheffield,7596 Division Plaza,S1,+44 (548) 548-9137,William Gilbert College,2:1,05,March 2019,Gismo Tilling
78,Stern Skrzynski,Male,09/04/1993,sskrzynski25@delicious.com,Langley,69 Bashford Street,SG4,+44 (778) 288-8877,Bournemouth University,2:2,14,March 2019,Gismo Tilling
79,Susanetta Denyer,,02/07/1992,sdenyer26@amazonaws.com,Langley,6751 Bowman Drive,SG4,,"Birkbeck College, University of London",2:2,,,
80,Hamilton Godbehere,Male,28/12/1993,hgodbehere27@sphinn.com,Church End,3587 Michigan Plaza,N3,+44 (875) 103-0332,Birmingham City University,1st,20,March 2019,Stacey Broad
81,Shanna Myton,Female,09/12/2000,smyton28@pen.io,Sheffield,813 Division Crossing,S33,+44 (644) 294-9058,"University of the West of England, Bristol",2:1,,,
82,Olivia Dobrowski,Female,16/11/1995,odobrowski29@reuters.com,London,249 Westerfield Court,EC1V,+44 (831) 344-8292,,,06,March 2019,Doris Bellasis
83,Wilhelm Cohane,Male,18/12/1997,wcohane2a@deviantart.com,Twyford,7917 Lyons Avenue,LE14,+44-300-165-5613,Liverpool Hope University College,1st,20,March 2019,Bruno Bellbrook
84,Gabie Maletratt,Male,24/07/2000,gmaletratt2b@yandex.ru,Newbiggin,848 Doe Crossing Crossing,NE46,+44 358 512 4065,Imperial College London,1st,05,March 2019,Bruno Bellbrook
85,Jeniece Petty,Female,03/10/1993,jpetty2c@blogger.com,Milton,2 Little Fleur Trail,NG22,+44 567 337 0702,"Institute of Commonwealth Studies, University of London",2:2,12,March 2019,Rupert Ripple
86,Ezequiel Gutch,Male,23/03/1996,egutch2d@time.com,Middleton,5 Menomonie Place,LE16,+44 (507) 452-5786,"Queen Mary and Westfield College, University of London",2:1,28,March 2019,Bruno Bellbrook
87,Vinnie Gimbrett,Male,20/01/1997,vgimbrett2e@123-reg.co.uk,Seaton,11001 Hoffman Crossing,LE15,+44-739-964-4224,Royal Holloway and Bedford New College,3rd,05,March 2019,Sunny Sladefield
88,Hermia Vitte,Female,31/07/1996,hvitte2f@fda.gov,Ford,71 Anniversary Trail,GL54,+44 992 101 8241,University of Oxford,2:1,19,March 2019,Sunny Sladefield
89,Britte Kelleway,Female,14/03/1996,bkelleway2g@wikispaces.com,Langley,1843 Hansons Place,SG4,+44 (750) 959-7918,University of Southampton,3rd,21,March 2019,Bruno Bellbrook
90,Laural O'Teague,Female,25/07/1995,loteague2h@globo.com,Hatton,09 Namekagon Alley,CV35,,Middlesex University,2:1,13,March 2019,Gismo Tilling
91,Vanda Boate,Female,29/09/1990,vboate2i@ifeng.com,Bradford,7 Bowman Park,BD7,+44-280-582-9430,University of Warwick,2:2,05,March 2019,Rupert Ripple
92,Natalina Nabbs,Female,29/02/2000,nnabbs2j@sphinn.com,Manchester,39987 Butterfield Avenue,M14,+44 (747) 143-9038,The Queen's University Belfast,2:2,06,March 2019,Bruno Bellbrook
93,Kearney Maffione,Male,27/06/1996,kmaffione2k@imageshack.us,Sheffield,8354 Kensington Alley,S33,+44-954-928-1701,Oxford Brookes University,2:2,,,
94,Verne Francescuzzi,Male,23/03/1993,vfrancescuzzi2l@nbcnews.com,Sutton,4656 Lakewood Street,CT15,+44-498-161-7179,University of Leeds,3rd,07,March 2019,Bruno Bellbrook
95,Shurlock Gounin,Male,07/06/1993,sgounin2m@bing.com,Liverpool,55 Schlimgen Circle,L33,,Glasgow Caledonian University,2:2,21,March 2019,Stacey Broad
96,Gasparo Overill,Male,16/02/1998,goverill2n@berkeley.edu,London,932 Riverside Park,SW1E,+44 715 327 4557,University of Cambridge,2:2,27,March 2019,Stacey Broad
97,Lyndsie Bailles,Female,24/05/1996,,Horton,9 Farwell Drive,BS37,+44-992-924-9717,,,13,March 2019,Sunny Sladefield
98,Tyson Spyby,Male,26/03/1993,tspyby2p@sbwire.com,Halton,4916 Chive Point,LS9,+44-461-721-0558,,,21,March 2019,Rupert Ripple
99,Callie Glasscock,Female,27/12/1994,cglasscock2q@arstechnica.com,Kingston,82570 Arizona Circle,DT10,+44-206-365-1990,"Institute of Advanced Legal Studies, University of London",2:2,05,March 2019,Bruno Bellbrook
100,Baily Stannis,Male,12/05/1990,bstannis2r@technorati.com,London,0121 Butterfield Alley,EC3M,+44 815 544 0264,Sotheby´s Institute of Art - London,2:1,,,
101,Ferd Matyushkin,Male,31/12/1991,fmatyushkin2s@nyu.edu,Edinburgh,2659 Oneill Pass,EH9,+44-160-872-3017,London Metropolitan University,2:1,,,
102,Sybil Ciabatteri,,,,West End,2 Lyons Point,DN36,+44 (339) 992-9473,Leeds Metropolitan University,2:1,20,March 2019,Doris Bellasis
103,Cassondra Triplet,Female,09/07/1996,ctriplet2u@hc360.com,Aberdeen,3 Harper Court,AB39,+44-783-767-8937,University of Dundee,2:1,13,March 2019,Fifi Eton
104,Dix Dinan,Female,19/02/1996,ddinan2v@wufoo.com,Swindon,80 Pierstorff Park,SN1,+44 813 326 1676,University of Huddersfield,2:1,06,March 2019,Bruno Bellbrook
105,Leland Baverstock,Male,05/12/1991,lbaverstock2w@bbc.co.uk,Newtown,50 Prairieview Alley,RG20,+44 559 679 5197,University of Westminster,2:1,20,March 2019,Rupert Ripple
106,Emmie Bellison,Female,28/08/1991,ebellison2x@plala.or.jp,Whitwell,8 North Junction,DL10,+44-942-771-1380,University of Gloucestershire,2:1,07,March 2019,Fifi Eton
107,Umeko Sydall,Female,23/07/1999,usydall2y@loc.gov,Charlton,6 Eagle Crest Junction,OX12,+44 873 189 1046,Thames Valley University,2:1,13,March 2019,Rupert Ripple
108,Darb Heinssen,Male,12/11/1990,dheinssen2z@ycombinator.com,Ashley,7940 John Wall Lane,SN13,+44 825 600 5791,Sheffield Hallam University,2:1,27,March 2019,Gismo Tilling
109,Tildi Dallicoat,Female,22/03/1996,tdallicoat30@boston.com,Merton,5236 Crowley Road,SW19,+44 (413) 506-7571,University of Chester,2:1,12,March 2019,Doris Bellasis
110,Chancey Morey,Male,15/07/1990,cmorey31@unblog.fr,Sutton,2 Oak Valley Lane,CT15,+44 (303) 895-9836,City University,2:1,28,March 2019,Fifi Eton
111,Trudi Topling,Female,13/05/1998,ttopling32@indiatimes.com,Stapleford,01 Vermont Plaza,LN6,+44-959-657-7377,University of Bath,3rd,,,
112,Lisha Keaveny,Female,14/10/1992,lkeaveny33@mapquest.com,Walton,94742 Ridgeway Crossing,CV35,+44-895-228-6479,London Metropolitan University,2:1,12,March 2019,Gismo Tilling
113,Cyrill Wilkison,Male,09/01/1991,cwilkison34@arizona.edu,Manchester,82 Quincy Point,M14,+44-126-122-0245,Heriot-Watt University,2:2,26,March 2019,Rupert Ripple
114,Ainslie Simeon,Female,10/10/1996,asimeon35@list-manage.com,Newbiggin,008 Vermont Lane,NE46,+44 501 843 2477,University of Portsmouth,2:1,07,March 2019,Rupert Ripple
115,Rhea Cleynman,Female,26/03/1995,rcleynman36@google.com.au,Liverpool,5096 Coleman Trail,L74,,University of Cambridge,2:1,21,March 2019,Gismo Tilling
116,Cornelia Cowley,Female,02/11/1996,ccowley37@hp.com,Birmingham,718 Nevada Junction,B12,+44-645-216-2368,University of Hertfordshire,2:1,14,March 2019,Rupert Ripple
117,Leonhard Filkin,Male,,lfilkin38@mtv.com,Craigavon,09 Lien Terrace,BT66,+44-785-290-9025,ifs University College,2:1,28,March 2019,Gismo Tilling
118,Mahala Benadette,Female,28/09/1994,mbenadette39@google.ca,,,,+44 (800) 443-9999,Keele University,2:1,21,March 2019,Gismo Tilling
119,Halsy Hursthouse,Male,27/11/1996,hhursthouse3a@newyorker.com,Wirral,36 Pond Place,CH48,+44 (467) 105-0305,University of York,2:2,06,March 2019,Fifi Eton
120,Inessa McCurtin,Female,12/04/1996,imccurtin3b@eepurl.com,Kinloch,874 Northview Center,PH43,+44-125-521-6053,University of Glamorgan,2:2,12,March 2019,Stacey Broad
121,Kevon O'Shavlan,Male,22/12/1994,koshavlan3c@vinaora.com,Normanton,4388 Farragut Street,LE15,+44 (194) 999-4042,Keele University,2:2,14,March 2019,Doris Bellasis
122,Nada Niese,Female,21/06/1993,nniese3d@miibeian.gov.cn,Swindon,8441 Sheridan Way,SN1,+44 (679) 778-3322,University of Sunderland,2:2,28,March 2019,Bruno Bellbrook
123,Eleonora Bleazard,Female,15/09/1993,ebleazard3e@ted.com,London,73 Eagan Park,EC3M,+44 (717) 990-0198,University of Glasgow,1st,05,March 2019,Doris Bellasis
124,Latrina Shingler,Female,16/07/1999,lshingler3f@bloomberg.com,Milton,25 Marcy Place,AB56,+44-897-596-9396,University of Warwick,2:1,06,March 2019,Gismo Tilling
125,Zitella Hembery,Female,,zhembery3g@tinyurl.com,London,86105 Bay Junction,SW1E,+44 (779) 512-5221,"Institute of Latin American Studies, University of London",2:1,19,March 2019,Rupert Ripple
126,Elfreda Aburrow,Female,31/01/1997,eaburrow3h@sakura.ne.jp,,,,+44 (898) 776-1837,"Institute of Germanic Studies, University of London",2:2,19,March 2019,Rupert Ripple
127,Xerxes Dobrowlski,Male,23/05/1993,xdobrowlski3i@craigslist.org,Burnside,22579 Westridge Lane,EH52,+44 (704) 119-7919,University of Edinburgh,2:1,12,March 2019,Rupert Ripple
128,Isahella Haddleston,Female,11/08/1997,ihaddleston3j@fc2.com,Kirkton,91 North Road,KW10,+44 (955) 229-4206,"School of Pharmacy, University of London",2:1,28,March 2019,Sunny Sladefield
129,Merry Walkowski,Female,,mwalkowski3k@mail.ru,Milton,2957 Golf Course Plaza,AB56,+44-995-566-4585,Chelsea College of Art and Design,3rd,28,March 2019,Stacey Broad
130,Inglebert Kinghorn,Male,28/05/1999,ikinghorn3l@themeforest.net,Sutton,92450 Rutledge Place,RH5,,University of Newcastle-upon-Tyne,3rd,,,
131,Stephani Libby,Female,29/11/2000,slibby3m@indiegogo.com,Merton,17 Northport Drive,SW19,+44 204 573 4201,London Metropolitan University,2:1,27,March 2019,Sunny Sladefield
132,Bette-ann Lemmers,Female,10/04/1993,blemmers3n@yellowbook.com,Eaton,8 Moland Avenue,DN22,+44 672 618 3193,"Institute of Commonwealth Studies, University of London",2:1,19,March 2019,Bruno Bellbrook
133,Silvio Ewens,Male,27/05/1993,sewens3o@ask.com,Charlton,3 Logan Street,OX12,+44-234-367-2060,Cardiff University,2:1,,,
134,Romona Buye,Female,27/01/1999,rbuye3p@cdc.gov,Walton,267 Little Fleur Place,CV35,+44 (532) 628-6025,"Warburg Institute, University of London",2:1,19,March 2019,Stacey Broad
135,Melvyn Garstang,Male,27/08/1998,mgarstang3q@php.net,West End,2 Lerdahl Point,DN36,+44-815-191-9822,"Goldsmiths College, University of London",2:1,19,March 2019,Bruno Bellbrook
136,Whitney Woodger,Male,05/05/1992,wwoodger3r@barnesandnoble.com,Charlton,47 Crowley Trail,OX12,+44 226 355 0650,University of Nottingham,2:2,27,March 2019,Rupert Ripple
137,Crawford Dugood,Male,15/09/1998,cdugood3s@chron.com,Newbiggin,67 Prairie Rose Park,NE46,+44 679 587 7068,University of Portsmouth,2:1,13,March 2019,Bruno Bellbrook
138,Kristoforo Hemphrey,Male,29/10/1994,khemphrey3t@msn.com,Milton,86423 Carberry Crossing,NG22,+44 474 551 6935,University of Dundee,2:1,05,March 2019,Sunny Sladefield
139,Clifford Hinks,Male,05/10/1992,chinks3u@marriott.com,Milton,7694 Blue Bill Park Terrace,NG22,+44 214 716 3549,Huron University USA in London,2:2,27,March 2019,Stacey Broad
140,Jilly Beckensall,Female,,jbeckensall3v@ft.com,Kingston,0 Melvin Way,DT10,+44 567 515 9343,London Business School,2:1,21,March 2019,Stacey Broad
141,Carmelina Thorington,Female,,cthorington3w@csmonitor.com,Ashley,44537 Dakota Court,SN13,+44-638-769-0789,University of Plymouth,2:1,19,March 2019,Gismo Tilling
142,Royal Lougheed,Male,17/05/1999,rlougheed3x@economist.com,,,,+44 128 622 9194,"University of Wales, Swansea",2:1,21,March 2019,Gismo Tilling
143,Damaris Vallance,Female,09/11/1991,dvallance3y@eepurl.com,Milton,4768 Johnson Road,NG22,+44-651-607-9940,London School of Jewish Studies,2:1,13,March 2019,Stacey Broad
144,Keefer Carus,Male,25/01/1990,kcarus3z@uiuc.edu,Newport,3 Oneill Park,NR29,,University of St. Andrews,2:2,12,March 2019,Gismo Tilling
145,Stacee Kidson,Female,19/10/1991,,Ashley,164 Marquette Plaza,SN13,+44 (252) 481-3264,Liverpool Hope University College,2:1,21,March 2019,Stacey Broad
146,Kial Gowdy,Female,10/01/1999,kgowdy41@slideshare.net,Pentre,8502 Southridge Park,SY4,+44 502 267 7360,University of Southampton,2:1,06,March 2019,Bruno Bellbrook
147,Ernie Proschek,Male,23/10/2000,eproschek42@wunderground.com,Brampton,4 Boyd Point,NR34,+44-195-967-2084,"University of Wales, Aberystwyth",2:2,28,March 2019,Sunny Sladefield
148,Teodoor Fleay,Male,28/10/1998,tfleay43@canalblog.com,Pentre,73638 Ilene Parkway,SY4,,"University of Halifax, Birmingham Campus",2:2,26,March 2019,Rupert Ripple
149,Waylon Coughlan,Male,26/05/1998,,,,,+44 (428) 578-0814,Wimbledon School of Art,2:1,21,March 2019,Rupert Ripple
150,Renaud Jonah,Male,12/02/1991,rjonah45@bbc.co.uk,Milton,5769 Ronald Regan Park,AB56,,Middlesex University,1st,,,
151,Elsa Birrane,Female,19/11/1996,ebirrane46@weibo.com,Pentre,0 Myrtle Center,SY4,+44-977-740-5412,University of Lancaster,3rd,13,March 2019,Sunny Sladefield
152,Klarika Gudgin,Female,12/12/1995,kgudgin47@google.com.au,Langley,1 Warner Court,SG4,+44-282-566-7242,Brunel University Uxbridge,2:1,06,March 2019,Rupert Ripple
153,Lotte Witherop,Female,25/10/1995,lwitherop48@comcast.net,Merton,06 Marquette Lane,SW19,+44-540-341-7774,Liverpool John Moores University,2:1,12,March 2019,Gismo Tilling
154,Kassia Wynch,Female,22/01/1994,kwynch49@yellowpages.com,Swindon,656 Randy Pass,SN1,+44 615 866 4188,The Manchester Metropolitan University,2:2,26,March 2019,Bruno Bellbrook
155,Marcy Rout,Female,28/05/1995,mrout4a@github.com,Buckland,1903 Monica Trail,CT16,+44 537 666 7278,"London School of Hygiene & Tropical Medicine, University of London",2:1,26,March 2019,Sunny Sladefield
156,Ida De Giorgi,,16/02/1990,ide4b@businessweek.com,Carlton,58 Corscot Terrace,DL8,,Kingston University,1st,,,
157,Lia Ginnaly,Female,,lginnaly4c@stumbleupon.com,Leeds,63 Truax Court,LS6,+44 (428) 915-3631,University of Sheffield,3rd,21,March 2019,Fifi Eton
158,Krystalle Muzzlewhite,Female,26/09/1999,kmuzzlewhite4d@smugmug.com,Carlton,73 John Wall Center,DL8,+44-218-739-6005,Sheffield Hallam University,1st,07,March 2019,Rupert Ripple
159,Rozamond Wilton,Female,31/10/1994,rwilton4e@tripadvisor.com,Bradford,3292 Green Trail,BD7,+44 319 716 5546,City University,2:1,27,March 2019,Stacey Broad
160,Michele Gonsalvo,Male,25/09/2000,mgonsalvo4f@godaddy.com,Langley,14 Artisan Court,SG4,+44 (705) 595-2573,University of Hull,3rd,14,March 2019,Fifi Etton
161,Betteann Bridgeland,,06/11/1993,bbridgeland4g@chronoengine.com,Sheffield,75867 Heffernan Hill,S33,+44 178 307 0092,"University of the West of England, Bristol",3rd,12,March 2019,Doris Bellasis
162,Aubert Cawtheray,Male,14/02/1995,acawtheray4h@berkeley.edu,Church End,5157 Bluejay Lane,N3,,University of Lincoln,2:1,27,March 2019,Bruno Bellbrook
163,Opal Mackinder,Female,,omackinder4i@1und1.de,Milton,3669 Fremont Drive,NG22,+44 273 399 3756,University of North London,2:1,28,March 2019,Gismo Tilling
164,Greer Omond,Female,01/02/2000,gomond4j@europa.eu,Langley,36165 Myrtle Court,SG4,+44 (548) 914-1385,The American University in London,1st,,,
165,Benton Kilfeather,Male,03/08/1995,bkilfeather4k@ycombinator.com,Sutton,1988 Vahlen Park,RH5,+44 (682) 882-1490,,,,,
166,Yulma Kerrey,Male,10/10/1994,ykerrey4l@squidoo.com,Burnside,9 Claremont Junction,EH52,+44 (102) 994-8889,European School of Economics,2:2,20,March 2019,Bruno Bellbrook
167,Roxanna Rashleigh,Female,10/04/1999,rrashleigh4m@themeforest.net,Hatton,3416 Starling Parkway,CV35,+44-525-488-7362,University of Dundee,2:2,12,March 2019,Rupert Ripple
168,Aymer Randales,Male,25/02/1991,arandales4n@ucla.edu,Whitwell,2474 Ohio Crossing,DL10,+44 520 429 8016,Chelsea College of Art and Design,3rd,12,March 2019,Bruno Bellbrook
169,Ruthe Hamsher,Female,11/05/1991,rhamsher4o@exblog.jp,Newton,91977 Utah Road,IV1,+44 (198) 674-1803,University of Lincoln,2:2,14,March 2019,Gismo Tilling
170,Velvet Ghiotto,Female,15/09/1992,vghiotto4p@hp.com,Norton,2 Elmside Park,S8,+44-992-505-0907,Anglia Ruskin University,2:1,13,March 2019,Bruno Bellbrook
171,Tracey Spratley,Male,11/03/1992,tspratley4q@google.pl,Belfast,81644 Hudson Way,BT2,+44 561 103 7004,,,19,March 2019,Bruno Bellbrook
172,Anastasia Howsam,Female,16/06/1997,ahowsam4r@booking.com,Ford,73345 Old Shore Place,GL54,+44 (234) 637-5566,The Queen's University Belfast,3rd,05,March 2019,Sunny Sladefield
173,Weylin Culpin,Male,27/10/1995,wculpin4s@biglobe.ne.jp,Bristol,2339 Rockefeller Hill,BS41,+44 (935) 126-1808,Oxford Brookes University,2:2,05,March 2019,Rupert Ripple
174,Pepe Bendig,Male,17/08/1990,pbendig4t@shutterfly.com,Swindon,6708 MAIN PLACE,SN1,+44-779-932-4855,University of Strathclyde,2:1,21,March 2019,Gismo Tilling
175,Lanni Bolitho,Female,09/03/1999,lbolitho4u@altervista.org,Upton,671 Mayfield Street,WF9,,University of Birmingham,2:2,,,
176,Dinah Tarbatt,Female,17/01/1995,dtarbatt4v@admin.ch,Marston,62002 Iowa Hill,ST20,+44 (220) 422-2229,Leeds Metropolitan University,3rd,20,March 2019,Doris Bellasis
177,Haskell McDonnell,Male,18/12/1996,hmcdonnell4w@youtu.be,Aberdeen,3 Sloan Crossing,AB39,+44 253 547 5490,University of London,2:1,06,March 2019,Bruno Belbrook
178,Francois Earengey,,10/05/1995,fearengey4x@opera.com,Kingston,98 Drewry Circle,DT10,+44 471 925 5366,University of Plymouth,1st,19,March 2019,Fifi Eton
179,Avivah Lynas,Female,16/11/1997,alynas4y@irs.gov,Norton,25 Jana Crossing,S8,+44-124-304-0212,,,14,March 2019,Stacey Broad
180,Aleece Addicott,Female,18/06/1993,aaddicott4z@digg.com,Newton,65726 Raven Circle,IV1,+44 952 845 7483,European School of Economics,2:2,28,March 2019,Sunny Sladefield
181,Aidan Elrick,Female,15/10/1997,aelrick50@house.gov,Aston,35 Ridgeview Terrace,TF6,+44-642-733-5884,"Warburg Institute, University of London",2:2,05,March 2019,Doris Bellasis
182,Hughie Yeliashev,Male,20/04/1994,hyeliashev51@yale.edu,Merton,9 Summer Ridge Pass,SW19,+44 815 698 0084,Canterbury Christ Church University,3rd,19,March 2019,Fifi Eton
183,Elsa Hallgarth,Female,25/11/1998,ehallgarth52@blogtalkradio.com,Burnside,5810 Lighthouse Bay Park,EH52,+44-992-302-5988,University of Sussex,2:2,27,March 2019,Gismo Tilling
184,Evin Bennallck,Male,11/10/1991,ebennallck53@sbwire.com,Langley,4705 Johnson Pass,SG4,+44-282-441-7749,De Montfort University Leicester,3rd,19,March 2019,Doris Bellasis
185,Norine Bolus,Female,,nbolus54@ovh.net,Norton,06 Westport Point,S8,,"University College London, University of London",1st,07,March 2019,Rupert Ripple
186,Elfreda Colomb,Female,19/01/1992,ecolomb55@washington.edu,Church End,45 Heffernan Crossing,CB4,+44-397-598-2628,The Queen's University Belfast,3rd,06,March 2019,Gismo Tilling
187,Tudor Pomphrey,Male,24/02/1994,tpomphrey56@arstechnica.com,Bradford,10948 Bunker Hill Park,BD7,+44-769-912-6182,London Institute of Management and Technology,2:1,,,
188,Pam Hupka,Female,23/01/1992,phupka57@github.com,London,8595 Meadow Vale Way,EC3M,+44 (481) 761-9787,"Goldsmiths College, University of London",2:2,06,March 2019,Fifi Etton
189,Michail Arkle,Male,18/03/2000,markle58@psu.edu,Newton,943 Bartillon Trail,NG34,+44 649 872 6882,University of Ulster,2:2,07,March 2019,Doris Bellasis
190,Garth Messager,Male,12/08/1994,gmessager59@hostgator.com,Birmingham,7 Goodland Circle,B12,+44 171 420 1986,University of Northumbria at Newcastle,2:2,12,March 2019,Stacey Broad
191,Antoni Sparhawk,Male,15/11/1998,asparhawk5a@theglobeandmail.com,London,486 Anderson Terrace,SW1E,+44 358 365 4313,University of Portsmouth,2:2,13,March 2019,Stacey Broad
192,Candida Chilley,Female,16/12/1992,cchilley5b@hibu.com,Newtown,19 Hintze Hill,RG20,+44-759-621-7612,"London School of Hygiene & Tropical Medicine, University of London",2:1,07,March 2019,Stacey Broad
193,Brion Clappson,Male,26/07/1998,bclappson5c@squidoo.com,Craigavon,45138 Carberry Alley,BT66,+44 (830) 715-4292,University of Sunderland,2:1,26,March 2019,Rupert Ripple
194,Glen Lillo,Male,13/10/1997,glillo5d@intel.com,Stapleford,92 1st Parkway,LN6,+44-728-475-5408,University of Leicester,2:1,19,March 2019,Doris Bellasis
195,Eugenie Innocenti,Female,14/09/1992,einnocenti5e@eepurl.com,Weston,1 Schmedeman Park,GU32,+44 (341) 375-6064,Swansea Metropolitan University,2:1,12,March 2019,Rupert Ripple
196,Almire Vautrey,Female,08/07/1995,avautrey5f@php.net,Norton,7431 Truax Road,S8,+44 919 879 4839,Aston University,3rd,26,March 2019,Gismo Tilling
197,Bernete Fidele,Female,21/09/1995,bfidele5g@indiatimes.com,Swindon,85 Esch Avenue,SN1,+44 (934) 803-0325,University of Leicester,2:1,27,March 2019,Bruno Bellbrook
198,Welbie Curgenven,Male,30/06/1994,wcurgenven5h@gov.uk,London,8341 Maple Lane,WC2H,+44-332-632-7272,University of Kent at Canterbury,2:2,05,March 2019,Gismo Tilling
199,Gene Pratty,Female,25/10/1992,gpratty5i@craigslist.org,Walton,06951 Sugar Trail,CV35,+44-660-858-3632,,,14,March 2019,Doris Bellasis
200,Web Segrave,Male,16/06/2000,wsegrave5j@hhs.gov,Church End,15 Declaration Drive,CB4,+44 (820) 459-3309,University of Chester,2:1,27,March 2019,Stacey Broad
201,Kellen Brocklebank,Male,13/05/1996,kbrocklebank5k@canalblog.com,Upton,97678 Dapin Avenue,DN21,+44-668-345-2924,International Centre for Isclamic Science,2:2,06,March 2019,Rupert Ripple
202,Doralynne Torricina,Female,24/03/1997,dtorricina5l@sphinn.com,Walton,66 Bay Court,CV35,+44 203 115 3032,"Warburg Institute, University of London",1st,12,March 2019,Fifi Eton
203,Sloan Duff,Male,24/12/1994,sduff5m@reddit.com,Bristol,74735 Main Lane,BS41,+44-439-631-4492,University of Buckingham,2:1,,,
204,Cymbre Reuben,Female,02/06/1996,creuben5n@gravatar.com,Burnside,0 Texas Plaza,EH52,+44-626-426-7231,Sotheby´s Institute of Art - London,2:2,20,March 2019,Bruno Bellbrook
205,Nicholas Welbeck,Male,09/02/1992,nwelbeck5o@virginia.edu,Craigavon,43 Muir Lane,BT66,+44-326-137-4388,"University College London, University of London",2:1,21,March 2019,Stacey Broad
206,Agosto Meaddowcroft,Male,15/07/1993,ameaddowcroft5p@bbc.co.uk,Ford,9 Maywood Court,GL54,+44-336-241-5256,University of Essex,2:2,05,March 2019,Fifi Etton
207,Ezekiel Lemerie,Male,14/11/1993,elemerie5q@ucoz.com,Liverpool,50 Dakota Point,L33,+44 245 528 0499,University of Lincoln,1st,19,March 2019,Rupert Ripple
208,Tiphany Gribben,Female,03/04/1999,tgribben5r@dot.gov,London,02 Monterey Parkway,EC3M,+44-728-899-5743,De Montfort University Leicester,1st,05,March 2019,Stacey Broad
209,Julina Hartles,,27/06/1994,jhartles5s@digg.com,Wootton,94 Sugar Terrace,NN4,+44 (414) 734-1177,University of London,2:1,19,March 2019,Stacey Broad
210,Ashley Fitzharris,Female,20/11/1998,afitzharris5t@slideshare.net,Twyford,10148 Westend Street,LE14,+44-597-568-0816,Birmingham City University,1st,07,March 2019,Sunny Sladefield
211,Sallie McNair,Female,22/05/2000,smcnair5u@yale.edu,Merton,37213 Bonner Plaza,SW19,+44 407 335 0716,Keele University,2:1,21,March 2019,Fifi Etton
212,Rudy Davidde,Male,20/07/1995,rdavidde5v@cbc.ca,London,7916 Rowland Drive,EC1V,+44 772 554 5095,University of Buckingham,2:1,26,March 2019,Sunny Sladefield
213,Dyna Tallboy,Female,03/09/1997,,Upton,2282 Reinke Point,DN21,+44 (267) 384-8849,City University,2:1,06,March 2019,Rupert Ripple
214,Vincenz McGeown,Male,11/02/1998,vmcgeown5x@spotify.com,Milton,83538 Meadow Ridge Point,NG22,,London Guildhall University,3rd,06,March 2019,Sunny Sladefield
215,Pebrook Kearle,Male,06/06/1995,pkearle5y@weibo.com,Norton,06560 Dapin Point,NN11,+44 883 189 9911,University of Wales,2:2,06,March 2019,Rupert Ripple
216,Forbes Follos,Male,24/08/1997,ffollos5z@eventbrite.com,Langley,6146 Cottonwood Street,SG4,+44 (917) 275-2064,University of Wales College of Medicine,2:2,26,March 2019,Bruno Bellbrook
217,Jeannette Bazelle,Female,20/07/1991,jbazelle60@ihg.com,Weston,3 Kingsford Crossing,GU32,+44 (988) 634-0530,University of Portsmouth,2:1,14,March 2019,Fifi Etton
218,Rennie Kennsley,Female,16/10/1995,rkennsley61@hexun.com,Hatton,55 Holy Cross Street,CV35,+44 127 841 5259,University of North London,2:2,05,March 2019,Doris Bellasis
219,Derby Haggart,Male,19/05/1994,dhaggart62@uiuc.edu,Kinloch,80233 Arizona Circle,PH43,,The Manchester Metropolitan University,2:1,21,March 2019,Rupert Ripple
220,Corbie Hinchshaw,Male,09/03/1992,chinchshaw63@chronoengine.com,East End,6 Randy Drive,BH21,+44 536 620 2195,Central Saint Martins College of Art & Design,2:2,20,March 2019,Bruno Bellbrook
221,Matthaeus Stickens,Male,08/07/1999,mstickens64@cornell.edu,Kingston,5 Chive Junction,DT10,,"Royal Free Hospital School of Medicine, University of London",1st,05,March 2019,Gismo Tilling
222,Vinson Fooks,Male,11/09/1990,vfooks65@oracle.com,Ford,80578 Oak Valley Center,GL54,+44 952 663 9176,University of Nottingham,2:2,06,March 2019,Sunny Sladefield
223,Jacquelin Clampin,Female,11/07/1990,jclampin66@ft.com,Kinloch,974 Di Loreto Lane,PH43,+44 (475) 669-6322,University of Sunderland,2:2,05,March 2019,Fifi Eton
224,Page Roubay,Female,09/10/1990,proubay67@sphinn.com,Tullich,9579 Fair Oaks Alley,AB55,,Royal College of Art,1st,07,March 2019,Doris Bellasis
225,Jacenta Antonowicz,Female,03/11/1997,jantonowicz68@mediafire.com,West End,56592 Manley Way,DN36,+44-610-732-1523,ifs University College,2:2,26,March 2019,Bruno Belbrook
226,Phylys Flory,Female,10/04/1990,pflory69@mit.edu,Kingston,1186 Holy Cross Road,DT10,+44 628 778 5024,Napier University,2:2,27,March 2019,Fifi Eton
227,Raul Airlie,Male,25/09/1995,rairlie6a@nps.gov,Kingston,7 Fieldstone Plaza,DT10,+44 135 358 6054,University of Bolton,2:2,26,March 2019,Sunny Sladefield
228,Langsdon Brashaw,Male,20/03/1996,lbrashaw6b@gmpg.org,Sheffield,44808 Hintze Point,S1,+44-574-543-4991,Cardiff University,2:2,19,March 2019,Doris Bellasis
229,Danella Munton,Female,24/07/1994,dmunton6c@barnesandnoble.com,Craigavon,754 Petterle Place,BT66,+44 496 958 2501,University of Plymouth,2:1,07,March 2019,Bruno Belbrook
230,Ulrick Gile,Male,07/05/1998,ugile6d@umn.edu,London,71 Buell Pass,EC1V,+44-556-195-9118,University of Northampton,2:2,,,
231,Frannie Doby,Male,17/07/1998,fdoby6e@go.com,Whitchurch,71602 La Follette Park,BS14,+44 (698) 952-8767,London School of Jewish Studies,2:2,05,March 2019,Doris Bellasis
232,Zonda Babbidge,Female,07/01/1993,zbabbidge6f@theguardian.com,Eaton,60905 Shelley Trail,DN22,+44-134-730-5492,University of Wolverhampton,2:2,07,March 2019,Sunny Sladefield
233,Cleve Craigs,Male,26/01/1999,ccraigs6g@bravesites.com,Craigavon,19 Columbus Road,BT66,+44 575 233 8485,Oxford Brookes University,2:1,26,March 2019,Fifi Etton
234,Micky McCaskell,Male,09/01/1996,,Birmingham,65383 Doe Crossing Drive,B40,+44 387 860 3187,"Institute of Germanic Studies, University of London",2:1,06,March 2019,Gismo Tilling
235,Frasco Grooby,Male,16/03/1997,,Dean,387 Magdeline Street,OX7,+44 (215) 151-8370,University Campus Suffolk,2:1,,,
236,Jesse Tiron,Female,08/05/1994,jtiron6j@wikispaces.com,Church End,66 Goodland Place,N3,+44 238 708 0053,University of Southampton,1st,05,March 2019,Rupert Ripple
237,Peirce MacGray,Male,11/09/2000,pmacgray6k@ucoz.com,Bristol,0243 Summerview Terrace,BS41,,Richmond University - The American International University in London,3rd,13,March 2019,Bruno Bellbrook
238,Keeley Osburn,Female,22/08/1998,kosburn6l@bluehost.com,London,647 Grasskamp Plaza,EC3M,,,,27,March 2019,Rupert Ripple
239,Woodie Reely,Male,22/07/1998,wreely6m@bbc.co.uk,London,94290 DENNIS ROAD,WC1B,+44-591-909-0096,University of York,2:2,20,March 2019,Gismo Tilling
240,Shelia Beadles,Female,03/01/1999,sbeadles6n@sitemeter.com,Tullich,9176 Mallory Road,AB55,+44 (518) 188-0953,University of North London,2:1,21,March 2019,Stacey Broad
241,Charo Lorent,Female,07/03/1998,clorent6o@imdb.com,Kinloch,29414 Tennyson Park,PH43,+44 (901) 365-3454,University of Brighton,2:1,27,March 2019,Sunny Sladefield
242,Cary Edwicke,Male,07/05/1993,cedwicke6p@springer.com,Ford,0 Charing Cross Crossing,GL54,,Kingston University,1st,28,March 2019,Bruno Bellbrook
243,Randi Tomkowicz,Male,20/03/1992,rtomkowicz6q@homestead.com,Twyford,37482 Michigan Park,LE14,+44 819 645 3230,University of St. Andrews,1st,20,March 2019,Rupert Ripple
244,Jeri Borges,Female,22/03/1990,jborges6r@mac.com,Langley,641 Sommers Hill,SG4,+44 980 648 7137,Cranfield University,2:1,26,March 2019,Doris Bellasis
245,Anson Streak,Male,27/07/1997,astreak6s@xinhuanet.com,Church End,651 Colorado Drive,N3,+44 (323) 756-5725,"London School of Hygiene & Tropical Medicine, University of London",2:1,28,March 2019,Gismo Tilling
246,Stacey De Vuyst,Female,08/06/1996,sde6t@fc2.com,Ford,06 Eastwood Circle,GL54,+44 (349) 297-9308,University of Bath,2:1,27,March 2019,Sunny Sladefield
247,Aldon Manser,Male,02/09/1997,amanser6u@state.gov,Marston,63 Fordem Plaza,ST20,+44-457-832-1901,"Institue of Historical Research, University of London",2:1,,,
248,Rubia Harnott,Female,03/08/1995,rharnott6v@wunderground.com,Church End,0 Coleman Drive,N3,+44 (134) 932-7506,University of Teesside,2:2,26,March 2019,Doris Bellasis
249,Gayle Vinsen,Female,06/03/1995,gvinsen6w@go.com,Tullich,8028 Blaine Place,AB55,+44 961 204 2523,Oxford Brookes University,3rd,06,March 2019,Fifi Eton
250,Aili Haggidon,Female,14/05/1993,ahaggidon6x@dropbox.com,London,0 Gerald Trail,W1F,+44 130 748 5882,University of Aberdeen,2:2,26,March 2019,Doris Bellasis
251,Moreen Toller,Female,29/05/1994,mtoller6y@home.pl,Bradford,65 Mallard Plaza,BD7,+44-738-941-5426,University of Ulster,2:1,,,
252,Myrlene Olyfant,Female,22/04/1992,molyfant6z@boston.com,Middleton,3 Karstens Alley,LE16,+44-993-292-1754,University of Glamorgan,2:2,27,March 2019,Bruno Belbrook
253,Clarabelle Dykins,Female,20/08/1990,cdykins70@prweb.com,Sutton,27125 Warrior Way,RH5,,Oxford Brookes University,2:2,13,March 2019,Rupert Ripple
254,Mordecai Chaunce,Male,,mchaunce71@about.me,Kingston,3065 Ilene Drive,DT10,+44-256-768-4627,,,05,March 2019,Sunny Sladefield
255,Salaidh Jumont,Female,29/04/1992,,Dean,2 Shasta Park,OX7,+44-136-942-1209,University of East Anglia,2:2,26,March 2019,Bruno Bellbrook
256,Wenona Fletham,Female,25/04/2000,wfletham73@amazonaws.com,Horton,01 Spenser Park,BS37,,University of Edinburgh,3rd,21,March 2019,Sunny Sladefield
257,Gennie Davidescu,Female,25/06/1991,gdavidescu74@archive.org,Church End,8631 Eastlawn Street,CB4,+44 977 332 5735,"United Medical and Dental Schools, University of London",3rd,07,March 2019,Fifi Eton
258,Saraann Andriolli,Female,28/08/1995,sandriolli75@theatlantic.com,Sheffield,2 Spaight Circle,S33,+44 (499) 886-7274,"Institute of Advanced Legal Studies, University of London",3rd,07,March 2019,Sunny Sladefield
259,Gerri Offill,Male,15/07/1996,goffill76@archive.org,Church End,7 Superior Plaza,N3,+44 465 751 2133,University of Worcester,2:1,,,
260,Karina Andrejevic,Female,05/05/1997,kandrejevic77@marriott.com,,,,+44-922-599-9628,University of Wales,2:2,13,March 2019,Bruno Belbrook
261,Priscella Miskelly,Female,06/08/1999,pmiskelly78@netvibes.com,Horton,89 Hudson Court,BS37,+44-806-660-1205,University of East London,3rd,06,March 2019,Fifi Etton
262,Rozele Zanicchelli,Female,17/01/1994,rzanicchelli79@chron.com,Upton,247 Bluestem Avenue,WF9,+44 405 766 3860,"Institute of Advanced Legal Studies, University of London",1st,27,March 2019,Rupert Ripple
263,Sher Biesinger,Female,02/03/1996,sbiesinger7a@whitehouse.gov,Middleton,83 Dixon Point,LE16,+44 385 161 5741,Wimbledon School of Art,2:1,19,March 2019,Rupert Ripple
264,Gladys Roote,,15/07/1997,groote7b@wufoo.com,Sutton,1003 Mesta Point,CT15,+44 558 315 9756,Swansea Metropolitan University,2:1,06,March 2019,Doris Bellasis
265,Lottie Janman,Female,23/12/1992,ljanman7c@berkeley.edu,Tullich,53 Eliot Crossing,AB55,+44-668-228-8048,Birmingham City University,2:2,27,March 2019,Rupert Ripple
266,Sheffield Furzer,Male,26/10/1993,sfurzer7d@homestead.com,Brampton,8749 Clemons Circle,NR34,+44 (554) 689-5536,Anglia Ruskin University,2:1,19,March 2019,Gismo Tilling
267,Rhonda Dupree,Female,10/08/1995,rdupree7e@issuu.com,Liverpool,79863 Susan Pass,L33,+44-227-348-2336,,,19,March 2019,Gismo Tilling
268,Dianemarie Wonfor,Female,23/04/1991,dwonfor7f@topsy.com,Norton,8462 Lunder Circle,NN11,,"University of Wales, Lampeter",3rd,20,March 2019,Bruno Bellbrook
269,Danielle Absolom,Female,12/02/1998,dabsolom7g@google.pl,East End,82563 Hoard Parkway,BH21,+44 359 633 1401,"London School of Hygiene & Tropical Medicine, University of London",3rd,19,March 2019,Rupert Ripple
270,Fowler Crewdson,Male,,fcrewdson7h@auda.org.au,Horton,023 Emmet Terrace,BS37,+44 437 398 0739,Canterbury Christ Church University,2:1,12,March 2019,Sunny Sladefield
271,Kaylil Gissing,Female,01/01/1992,kgissing7i@ucoz.com,Langley,8938 Hauk Way,SG4,+44-134-877-5146,"Institute of Latin American Studies, University of London",2:1,13,March 2019,Gismo Tilling
272,Johnny Shea,Male,28/07/1991,jshea7j@umich.edu,Seaton,8756 Darwin Drive,LE15,+44-556-434-4732,Camberwell College of Arts,2:1,05,March 2019,Bruno Bellbrook
273,Glenden Challicombe,Male,29/10/1993,gchallicombe7k@dagondesign.com,Carlton,37 Gerald Center,DL8,+44-544-889-5898,"St.Patrick's International College, London",2:1,,,
274,Jill Pawelec,Female,02/01/1994,jpawelec7l@ucoz.com,Ashley,64233 Boyd Drive,SN13,+44-911-983-8329,Roehampton University of Surrey,2:2,26,March 2019,Doris Bellasis
275,Olenolin Wressell,Male,31/12/1991,owressell7m@paypal.com,Buckland,34053 Gateway Lane,CT16,+44 (940) 966-6465,De Montfort University Leicester,1st,26,March 2019,Doris Bellasis
276,Lelah Nisot,Female,21/09/1994,lnisot7n@comsenz.com,Charlton,364 Dexter Hill,OX12,+44-808-499-6196,London School of Business & Finance,2:1,21,March 2019,Rupert Ripple
277,Durant Dell 'Orto,Male,09/12/1998,ddell7o@vinaora.com,Newport,9875 Sunnyside Parkway,NR29,+44 (669) 750-9328,University of Sheffield,2:1,28,March 2019,Gismo Tilling
278,Gabby Neilson,Male,09/09/1999,gneilson7p@washington.edu,Brampton,450 Kenwood Road,NR34,+44-448-336-1779,Heriot-Watt University,2:1,13,March 2019,Bruno Bellbrook
279,Tobi Short,Female,30/08/2000,tshort7q@sun.com,Linton,978 Longview Center,BD23,+44 (474) 211-7183,University of Sussex,2:1,06,March 2019,Fifi Etton
280,Brunhilda Anslow,Female,14/10/1992,banslow7r@usda.gov,Brampton,3350 Alpine Parkway,NR34,+44 (620) 960-2991,ifs University College,2:2,21,March 2019,Rupert Ripple
281,Fabian Dunnet,Male,16/06/1999,fdunnet7s@woothemes.com,Birmingham,42479 Towne Circle,B12,+44 (463) 271-6523,Stratford College London,3rd,28,March 2019,Doris Bellasis
282,Kikelia Legonidec,Female,27/02/1994,klegonidec7t@slate.com,London,34 Northwestern Alley,SW1E,+44 948 631 1953,Napier University,2:1,,,
283,Riannon Sibylla,Female,18/04/2000,rsibylla7u@diigo.com,Newton,63841 Muir Plaza,IV1,+44 386 702 5436,Anglia Ruskin University,2:1,20,March 2019,Stacey Broad
284,Temp Snelman,Male,29/05/1994,tsnelman7v@github.com,London,2594 Texas Center,SW1E,+44 965 719 2120,University of Glasgow,2:1,07,March 2019,Fifi Etton
285,Tommie Hammerman,Male,06/08/1994,thammerman7w@wikispaces.com,Kingston,42 Oxford Terrace,DT10,+44-364-370-5529,American InterContinental University - London,2:2,19,March 2019,Doris Bellasis
286,Anton Isaacs,Male,19/07/1991,,Norton,156 Columbus Street,S8,+44-493-505-7446,Loughborough University,1st,13,March 2019,Bruno Bellbrook
287,Winne Kelloch,Female,02/01/1995,wkelloch7y@soundcloud.com,Normanton,9108 Brentwood Place,LE15,+44 (995) 407-4265,"Royal Free Hospital School of Medicine, University of London",1st,13,March 2019,Rupert Ripple
288,Althea Kopelman,Female,25/10/1996,akopelman7z@princeton.edu,Ashley,9425 Bay Road,SN13,+44-238-647-8675,University Campus Suffolk,2:2,26,March 2019,Doris Bellasis
289,Barde McGeneay,Male,05/11/1991,bmcgeneay80@google.co.uk,Dean,00 Ronald Regan Junction,OX7,+44 (139) 452-6010,"Institue of Historical Research, University of London",2:1,14,March 2019,Gismo Tilling
290,Reg McReynold,Male,25/12/2000,rmcreynold81@cmu.edu,Middleton,4 Sherman Trail,LE16,+44 (752) 777-1491,Brunel University Uxbridge,2:2,05,March 2019,Stacey Broad
291,Ania Silver,Female,15/06/1999,asilver82@arizona.edu,Carlton,766 Ilene Parkway,DL8,+44-364-427-8667,University of Hull,3rd,19,March 2019,Doris Bellasis
292,Elfie Bramont,Female,15/09/1991,ebramont83@zdnet.com,Norton,62456 Prairieview Plaza,S8,+44 791 386 3115,University of Southampton,2:2,,,
293,Chilton Fridaye,Male,09/12/1993,cfridaye84@deliciousdays.com,Upton,7228 Golf View Avenue,WF9,+44 (763) 605-0810,University of Buckingham,2:1,07,March 2019,Sunny Sladefield
294,Gae Crutch,Female,17/02/1999,gcrutch85@hexun.com,West End,33 Warner Junction,DN36,,"Institute of Germanic Studies, University of London",2:2,07,March 2019,Fifi Etton
295,Port Taylot,Male,19/11/1994,ptaylot86@1688.com,Glasgow,86539 Towne Court,G4,+44-191-425-2879,Aston University,1st,21,March 2019,Rupert Ripple
296,Cirilo Worley,Male,05/08/1993,cworley87@flavors.me,Glasgow,0221 Thierer Lane,G4,+44-689-361-4192,University of Plymouth,2:2,14,March 2019,Stacey Broad
297,Thorvald Grieve,Male,09/06/1994,tgrieve88@foxnews.com,Normanton,30 Steensland Lane,LE15,+44 (786) 557-5568,Royal Holloway and Bedford New College,2:2,20,March 2019,Bruno Bellbrook
298,Amelina Posnett,Female,10/01/1994,,Dean,98375 Valley Edge Road,OX7,+44-136-250-3814,University of Huddersfield,1st,19,March 2019,Gismo Tilling
299,Regan Dyball,,25/02/1999,rdyball8a@msn.com,Halton,7354 Ryan Court,LS9,+44-775-862-2053,Imperial College School of Medicine,2:1,27,March 2019,Fifi Etton
300,Alia Pollard,Female,14/04/1994,apollard8b@home.pl,,,,+44-732-589-5227,Cardiff University,3rd,21,March 2019,Fifi Etton
301,Frazer Trahmel,Male,08/10/1990,ftrahmel8c@ft.com,Whitchurch,56038 Crowley Junction,BS14,+44 838 285 5452,"University College London, University of London",3rd,14,March 2019,Gismo Tilling
302,Ashley Fudge,Male,09/08/1996,afudge8d@uol.com.br,Manchester,9 John Wall Lane,M14,+44 162 552 0722,"Institute of Commonwealth Studies, University of London",3rd,19,March 2019,Fifi Etton
303,Jeth Vasilyonok,Male,31/07/2000,jvasilyonok8e@google.nl,Sutton,4 Bobwhite Center,RH5,+44 662 561 0346,Anglia Ruskin University,2:1,13,March 2019,Sunny Sladefield
304,Michell Greves,Female,04/10/1998,mgreves8f@reverbnation.com,Ashley,78 Knutson Place,SN13,+44 (802) 472-1342,International Centre for Isclamic Science,2:2,,,
305,Cherianne Raddon,Female,10/02/1995,craddon8g@sitemeter.com,Marston,58 Schiller Court,ST20,+44 472 267 2993,Central Saint Martins College of Art & Design,2:1,06,March 2019,Doris Bellasis
306,Cybil Mandrake,Female,27/03/1992,cmandrake8h@reuters.com,Buckland,96491 Sherman Terrace,CT16,+44-139-526-4592,University of Hertfordshire,2:1,27,March 2019,Gismo Tilling
307,Damiano Basten,Male,21/08/1994,dbasten8i@alibaba.com,Halton,4 Armistice Plaza,LS9,+44-719-926-3594,Bournemouth University,2:1,06,March 2019,Sunny Sladefield
308,Deerdre Mussard,Female,,dmussard8j@fema.gov,Edinburgh,4461 Hovde Lane,EH9,+44 624 878 0095,"University of Wales, Aberystwyth",2:2,05,March 2019,Rupert Ripple
309,Michael Lead,Male,02/01/1996,mlead8k@gizmodo.com,Leeds,6734 Paget Place,LS6,,University of Gloucestershire,2:2,,,
310,Nadia Wheelton,Female,10/09/1997,nwheelton8l@google.co.uk,Twyford,6166 Johnson Place,LE14,+44 (994) 358-9085,University of Hull,2:1,19,March 2019,Bruno Bellbrook
311,Bella Tarbox,Female,15/03/1993,btarbox8m@livejournal.com,Norton,875 Sycamore Center,NN11,+44 925 488 2695,Canterbury Christ Church University,3rd,12,March 2019,Gismo Tilling
312,Emmanuel Rasell,Male,31/05/1999,erasell8n@ning.com,Brampton,140 Arkansas Court,NR34,+44-738-658-2046,University of Bradford,3rd,,,
313,Benjamen Lyddy,Male,01/09/1991,blyddy8o@wix.com,Bradford,8 Muir Pass,BD7,+44 465 270 9224,"Institute of Commonwealth Studies, University of London",1st,,,
314,Agustin Craine,Male,07/03/1994,acraine8p@soundcloud.com,Stapleford,09 Corscot Parkway,LN6,+44 (556) 891-1163,Anglia Ruskin University,2:2,21,March 2019,Gismo Tilling
315,Allene Hand,Female,14/09/1998,ahand8q@mozilla.com,Sheffield,4574 Cordelia Drive,S33,+44-520-563-4205,University of Leeds,1st,13,March 2019,Bruno Bellbrook
316,Drona Dorin,Female,02/10/1998,ddorin8r@phoca.cz,Marston,2 Southridge Parkway,ST20,+44 376 229 0106,London Business School,2:2,,,
317,Pen Tulley,Female,03/05/1992,ptulley8s@dion.ne.jp,Stapleford,3647 Bobwhite Point,LN6,+44-902-105-3784,Staffordshire University,2:1,05,March 2019,Bruno Bellbrook
318,Gearard Slegg,Male,30/05/2000,gslegg8t@w3.org,Kingston,02 Luster Place,DT10,+44-361-216-2720,Royal Holloway and Bedford New College,3rd,19,March 2019,Gismo Tilling
319,Tuck Schellig,Male,26/05/1991,tschellig8u@google.nl,Manchester,9635 Forest Road,M14,+44 244 302 4586,University of Essex,2:2,,,
320,Dick Rubinshtein,Male,28/08/2000,drubinshtein8v@macromedia.com,Seaton,0 Novick Park,LE15,+44-554-122-0213,The American University in London,2:2,19,March 2019,Fifi Eton
321,Phineas Purton,Male,19/10/1997,,Stapleford,3417 Eliot Point,LN6,+44 (279) 382-1601,Middlesex University,2:1,05,March 2019,Doris Bellasis
322,Carly Rogge,Male,25/01/1998,,Carlton,42778 Barnett Street,DL8,+44 (864) 521-7162,University of Newcastle-upon-Tyne,3rd,28,March 2019,Doris Bellasis
323,Gaylord Alleway,Male,26/04/1996,galleway8y@netlog.com,Tullich,651 Claremont Way,AB55,+44-170-348-1005,Cranfield University,2:1,06,March 2019,Rupert Ripple
324,Dre Southerton,Female,29/03/1993,dsoutherton8z@bbc.co.uk,Kingston,888 Morning Point,DT10,+44 (665) 189-4684,London Institute of Management and Technology,2:1,26,March 2019,Bruno Bellbrook
325,Mame Kneaphsey,Female,05/12/1994,mkneaphsey90@shutterfly.com,Kingston,25 American Ash Court,DT10,+44-965-562-3433,Glasgow Caledonian University,2:1,28,March 2019,Sunny Sladefield
326,Ansel Hawkridge,Male,14/09/1991,ahawkridge91@arstechnica.com,Preston,4301 Burning Wood Way,PR1,+44 661 324 7661,Canterbury Christ Church University,1st,,,
327,Elfrida Enden,Female,21/10/1998,eenden92@economist.com,London,24007 Maryland Plaza,EC1V,+44 679 407 5358,The Manchester Metropolitan University,2:2,13,March 2019,Rupert Ripple
328,Rustie Cormode,Male,14/03/1999,rcormode93@yahoo.com,Newton,38 Scott Court,NG34,+44-347-398-2488,University of Westminster,2:1,13,March 2019,Rupert Ripple
329,Quincey Gayle,Male,25/01/1999,qgayle94@tuttocitta.it,Newton,82 Jenna Point,IV1,+44 (849) 815-4255,University of Sunderland,3rd,20,March 2019,Sunny Sladefield
330,Rosita Cabel,Female,05/05/1998,,Dean,78743 Manley Pass,OX7,+44 463 921 9234,Keele University,2:2,07,March 2019,Stacey Broad
331,Des Tomovic,Male,06/01/1992,dtomovic96@google.co.uk,Edinburgh,402 Ridge Oak Street,EH9,,"University of Wales, Swansea",2:2,13,March 2019,Stacey Broad
332,Artair Rois,Male,08/03/1993,arois97@freewebs.com,Linton,7263 Di Loreto Street,BD23,+44 441 433 9194,London Guildhall University,1st,20,March 2019,Sunny Sladefield
333,Waly Napton,Female,14/04/1996,wnapton98@independent.co.uk,Liverpool,9 Butterfield Road,L33,,London School of Business & Finance,2:1,19,March 2019,Gismo Tilling
334,Glenn Coaker,Female,21/03/1996,gcoaker99@cdbaby.com,Weston,05756 Knutson Court,GU32,+44-165-164-5655,Royal Holloway and Bedford New College,2:1,28,March 2019,Rupert Ripple
335,Artair Cartman,Male,28/01/1997,acartman9a@vk.com,London,70412 Arrowood Street,W1F,+44-547-591-3644,"University of Wales, Newport",3rd,19,March 2019,Bruno Bellbrook
336,Lynea Heustice,Female,03/04/1999,lheustice9b@example.com,Ashley,9 Emmet Road,SN13,+44 (885) 498-2155,London Guildhall University,2:1,06,March 2019,Sunny Sladefield
337,Norri Wybern,Female,05/05/1995,nwybern9c@virginia.edu,Liverpool,75407 Montana Junction,L33,+44 (940) 345-9837,University of Ulster,2:1,12,March 2019,Gismo Tilling
338,Neal Ginglell,Male,03/05/1999,nginglell9d@about.com,Birmingham,82 Erie Trail,B12,+44 802 377 6314,Staffordshire University,2:2,26,March 2019,Gismo Tilling
339,Cello Durrand,Male,22/02/1995,cdurrand9e@last.fm,Church End,38412 Hoffman Lane,N3,+44 (632) 805-9872,City University,2:1,12,March 2019,Bruno Bellbrook
340,Yance Grenfell,Male,22/10/1996,ygrenfell9f@hp.com,Milton,70 Dottie Court,NG22,+44 (629) 824-7673,Kingston University,2:1,28,March 2019,Fifi Eton
341,L;urette Daveley,Female,,ldaveley9g@diigo.com,Manchester,99 Sauthoff Crossing,M14,,University of Exeter,2:2,12,March 2019,Sunny Sladefield
342,Rozanne Burhouse,Female,06/05/1990,rburhouse9h@imdb.com,Sutton,59 Colorado Way,CT15,+44 (978) 493-2377,University of Stirling,2:1,27,March 2019,Bruno Bellbrook
343,Emily Yon,Female,19/12/1999,eyon9i@omniture.com,Linton,6648 Corscot Plaza,BD23,+44 (972) 402-5127,Glasgow Caledonian University,3rd,26,March 2019,Sunny Sladefield
344,Aurie Loble,,28/07/1994,aloble9j@wikipedia.org,Leeds,2400 Schmedeman Crossing,LS6,+44 (679) 510-8239,University of St. Andrews,2:1,27,March 2019,Sunny Sladefield
345,Lemmie Wylam,Male,13/08/1993,lwylam9k@cloudflare.com,Milton,5 Hanson Pass,AB56,+44 (245) 269-1892,Richmond University - The American International University in London,2:1,07,March 2019,Doris Bellasis
346,Mattias Blanpein,Male,16/10/1999,mblanpein9l@indiegogo.com,Sheffield,70497 Nobel Street,S1,,Royal College of Art,3rd,19,March 2019,Bruno Bellbrook
347,Adelbert Verrick,Male,18/11/1999,averrick9m@timesonline.co.uk,Birmingham,0549 Lerdahl Terrace,B40,+44-641-926-3395,International Colleges of Islamic Science,2:2,27,March 2019,Sunny Sladefield
348,Avrom Harlowe,Male,20/12/1993,aharlowe9n@cbsnews.com,Church End,28587 Northland Crossing,CB4,,London Guildhall University,2:1,05,March 2019,Stacey Broad
349,Jaymee Riden,Female,13/06/1990,jriden9o@amazonaws.com,Norton,33908 Carberry Junction,NN11,+44-185-807-2471,University of York,2:2,19,March 2019,Gismo Tilling
350,Melinda Ocklin,Female,12/04/1998,mocklin9p@studiopress.com,Newton,3 Doe Crossing Pass,IV1,+44-961-176-6660,"King's College London, University of London",2:2,21,March 2019,Fifi Etton
351,Estele Prester,Female,17/02/1991,eprester9q@nature.com,Wirral,7 Prentice Road,CH48,+44 (268) 574-8383,University of Ulster,2:2,20,March 2019,Sunny Sladefield
352,Stern Ashfull,Male,29/06/1994,sashfull9r@yahoo.com,Upton,42103 Sachs Trail,WF9,+44 227 495 0326,University of Buckingham,2:1,13,March 2019,Bruno Bellbrook
353,Dar Lang,Male,,dlang9s@shareasale.com,,,,+44-272-736-6909,"University of Halifax, Birmingham Campus",2:2,28,March 2019,Bruno Belbrook
354,Franzen Iddy,Male,30/12/1996,fiddy9t@spotify.com,London,3 Havey Center,EC1V,+44-279-390-4917,University of Worcester,2:1,20,March 2019,Fifi Etton
355,Sigmund Carnihan,,22/01/1998,scarnihan9u@de.vu,Twyford,100 Hansons Crossing,LE14,,British College of Osteopathic Medicine,1st,26,March 2019,Stacey Broad
356,Ketty Nalder,Female,04/08/2000,knalder9v@google.it,Langley,4521 Hollow Ridge Park,SG4,+44 211 130 9829,University of Paisley,1st,,,
357,Marie-jeanne Kitcherside,Female,09/01/1995,mkitcherside9w@businesswire.com,Craigavon,35298 Buell Alley,BT66,+44 677 434 3826,"United Medical and Dental Schools, University of London",2:2,,,
358,Ashlie Siveter,Female,06/06/1994,asiveter9x@addtoany.com,Buckland,76 Mayer Park,CT16,+44 (453) 148-9089,South Bank University,3rd,26,March 2019,Stacey Broad
359,Maxwell Fadell,Male,18/12/1998,mfadell9y@aboutads.info,Brampton,04417 Dottie Park,NR34,+44 (548) 921-8984,University of Durham,2:1,26,March 2019,Sunny Sladefield
360,Ofelia Crow,,22/11/1995,ocrow9z@parallels.com,Liverpool,82075 American Avenue,L74,+44 (936) 544-1186,American InterContinental University - London,2:2,28,March 2019,Sunny Sladefield
361,Neely Aleksich,Female,29/05/1990,naleksicha0@ycombinator.com,Upton,8 Oriole Point,DN21,+44-275-956-0063,University of Sheffield,2:2,28,March 2019,Bruno Bellbrook
362,Stephan Etchingham,Male,12/12/1993,setchinghama1@ebay.com,Swindon,97 Cambridge Point,SN1,+44 (968) 633-5877,,,13,March 2019,Sunny Sladefield
363,Hobart Caldeyroux,Male,26/02/1997,hcaldeyrouxa2@usda.gov,Sheffield,6 Pierstorff Drive,S33,+44 913 810 3378,Chelsea College of Art and Design,3rd,26,March 2019,Rupert Ripple
364,Jeffy Dudding,Male,31/03/1998,jduddinga3@businessweek.com,Seaton,3628 BANDING WAY,LE15,+44 803 355 2571,University of Salford,2:2,13,March 2019,Sunny Sladefield
365,Lauren Bister,Female,17/03/1992,lbistera4@yandex.ru,Milton,065 Delaware Road,AB56,+44 544 758 0252,University of Kent at Canterbury,2:2,20,March 2019,Gismo Tilling
366,Bowie Nolton,Male,14/02/1998,bnoltona5@about.me,Birmingham,4 Spenser Road,B40,+44 771 634 9398,Staffordshire University,1st,07,March 2019,Stacey Broad
367,Maurine Vedenyakin,Female,25/02/1999,mvedenyakina6@xinhuanet.com,London,6 Delaware Lane,W1F,+44-797-957-0661,University of Brighton,1st,13,March 2019,Rupert Ripple
368,Vannie Hounsome,Female,10/06/1990,vhounsomea7@dion.ne.jp,Horton,72026 Mayfield Pass,BS37,+44 (234) 910-3728,Liverpool Hope University College,2:2,05,March 2019,Gismo Tilling
