id,name,gender,dob,email,city,address,postcode,phone_number,uni,degree,invited_date,month,invited_by
1,Dianne Lockley,Female,09/05/1990,dlockley0@cpanel.net,,,,+44-153-854-3243,,,,,
2,Tye Klejna,Male,18/05/2000,,Aston,883 Meadow Vale Street,TF6,+44 755 128 7986,University of Bedfordshire,2:2,21,May 2019,Sunny Sladefield
3,Selia Diem,Female,10/12/1993,sdiem2@instagram.com,Kingston,06469 Jay Crossing,DT10,+44-583-721-1223,"St.Patrick's International College, London",2:1,29,May 2019,Rupert Ripple
4,Katya Curtois,Female,29/10/2000,kcurtois3@free.fr,Brampton,1235 Rutledge Way,NR34,+44-562-535-7740,American InterContinental University - London,3rd,21,May 2019,Stacey Broad
5,Laurella Daintrey,Female,24/06/1997,ldaintrey4@ox.ac.uk,West End,524 5th Circle,DN36,+44-343-920-0013,The Robert Gordon University,2:1,07,May 2019,Bruno Bellbrook
6,Worthington Stollenwerck,Male,11/01/1992,wstollenwerck5@dedecms.com,Thorpe,799 Vera Hill,BD23,+44 (834) 971-2081,Leeds Metropolitan University,2:1,22,May 2019,Bruno Bellbrook
7,Hartwell Candwell,Male,13/09/1990,hcandwell6@twitter.com,Dean,26 Spohn Place,OX7,,University of Dundee,2:2,28,May 2019,Doris Bellasis
8,Jami Gouthier,Female,06/02/1998,jgouthier7@printfriendly.com,London,49261 Huxley Terrace,EC3M,+44 (652) 911-4831,"Warburg Institute, University of London",2:1,,,
9,Loree Hinkens,Female,28/09/1990,lhinkens8@boston.com,Newton,96 Upham Road,IV1,+44-826-874-3172,Huron University USA in London,2:1,01,May 2019,Rupert Ripple
10,Bernadette O' Timony,Female,24/08/1993,bo9@mediafire.com,Whitwell,3803 Scoville Way,DL10,+44-540-565-4155,Keele University,2:2,23,May 2019,Gismo Tilling
11,Bobby McCracken,Male,02/09/1996,bmccrackena@myspace.com,Langley,35691 Almo Plaza,SG4,+44 (533) 516-0339,University of Bedfordshire,2:2,16,May 2019,Sunny Sladefield
12,Andrei Musslewhite,Female,23/01/1991,amusslewhiteb@smh.com.au,Sutton,60569 Lunder Terrace,RH5,+44-704-814-6165,University of Warwick,2:1,16,May 2019,Stacey Broad
13,Nata Bohman,Female,14/02/1994,nbohmanc@theglobeandmail.com,Stapleford,3067 Dayton Crossing,LN6,+44 (951) 275-6813,University of Plymouth,2:2,30,May 2019,Doris Bellasis
14,ERMINA MITCHALL,Female,17/05/1990,emitchalld@answers.com,Milton,9 Westerfield Place,AB56,+44-687-958-3477,Staffordshire University,3rd,28,May 2019,Stacey Broad
15,Kellie Tanguy,Female,21/04/2000,ktanguye@google.fr,Sheffield,268 Erie Trail,S33,+44-599-199-7270,,,08,May 2019,Doris Bellasis
16,Shurlocke Cringle,Male,27/11/1995,,Pentre,92427 Thierer Road,SY4,+44 947 829 3817,University of Leicester,2:2,21,May 2019,Rupert Ripple
17,Gert Buffery,Female,17/02/1990,gbufferyg@gnu.org,,,,,University of Chester,2:1,23,May 2019,Bruno Bellbrook
18,Tonia Rubinow,Female,02/12/1999,trubinowh@tamu.edu,Sheffield,84 Bunker Hill Place,S1,+44 476 189 4875,Imperial College London,3rd,,,
19,Eden Goodboddy,Female,,egoodboddyi@netlog.com,Bradford,66 Bluestem Street,BD7,,"Royal College of Music, University of London",2:2,08,May 2019,Gismo Tilling
20,Omar Bromilow,Male,07/07/1995,,Thorpe,887 Hanson Alley,BD23,+44 (706) 139-8311,Oxford Brookes University,2:2,07,May 2019,Gismo Tilling
21,Lonni Pley,Female,01/08/1997,lpleyk@amazon.co.uk,Seaton,04 Dixon Street,LE15,+44 (992) 979-5959,William Gilbert College,2:1,,,
22,Jaquenetta Catonne,Female,05/08/1991,jcatonnel@salon.com,Bristol,1 Shoshone Trail,BS41,+44-133-822-4544,Heriot-Watt University,2:2,14,May 2019,Gismo Tilling
23,Vilhelmina Kissell,Female,26/01/1998,vkissellm@4shared.com,Church End,6 Ryan Way,CB4,+44 903 516 3439,University of Glamorgan,2:2,16,May 2019,Fifi Eton
24,Bibi Mastrantone,Female,02/01/1993,bmastrantonen@slideshare.net,Upton,9980 Vidon Street,WF9,+44 (390) 611-3198,British College of Osteopathic Medicine,3rd,09,May 2019,Sunny Sladefield
25,Jordana Bice,Female,07/02/1992,jbiceo@smh.com.au,Newport,9113 Merchant Circle,NR29,+44-534-395-0984,International Colleges of Islamic Science,2:1,09,May 2019,Stacey Broad
26,Brittany McCluskey,Female,19/09/1992,bmccluskeyp@weebly.com,Sheffield,0833 Veith Road,S1,+44 (439) 994-2725,University of Northumbria at Newcastle,2:1,23,May 2019,Sunny Sladefield
27,Fabio Vedishchev,Male,29/11/1994,fvedishchevq@illinois.edu,Sheffield,1 Anniversary Hill,S1,+44-247-784-8765,"University of Wales, Swansea",2:2,07,May 2019,Bruno Bellbrook
28,Timmi Warr,Female,06/02/1997,twarrr@addtoany.com,West End,6 Glacier Hill Alley,DN36,+44-581-925-4942,Glasgow School of Art,2:2,23,May 2019,Fifi Eton
29,Cherise Dudbridge,Female,07/01/1993,cdudbridges@mozilla.org,Dean,118 Browning Center,OX7,+44 640 361 0830,Stratford College London,2:1,15,May 2019,Bruno Bellbrook
30,Laurel Ebbers,Female,16/02/1994,lebberst@loc.gov,Ashley,19654 Heath Plaza,SN13,+44 (513) 339-2761,Sheffield Hallam University,3rd,29,May 2019,Bruno Bellbrook
31,Fax Schankelborg,Male,13/09/1991,fschankelborgu@harvard.edu,Newtown,553 Cordelia Trail,RG20,+44 (364) 387-1884,University of Sunderland,2:1,07,May 2019,Sunny Sladefield
32,Nickolas Fears,Male,06/05/1992,nfearsv@sogou.com,Seaton,01573 Debra Junction,LE15,+44 (599) 997-7937,"University of Wales, Swansea",2:1,08,May 2019,Bruno Bellbrook
33,Yank Cargill,Male,28/04/1997,ycargillw@ifeng.com,Milton,44 Jenifer Drive,AB56,+44-587-855-5307,"School of Oriental and African Studies, University of London",2:1,02,May 2019,Fifi Eton
34,Jeremie Giacobazzi,,22/05/1993,jgiacobazzix@intel.com,Birmingham,38064 Fordem Junction,B12,+44 813 435 5967,London College of Science & Technology,2:2,02,May 2019,Stacey Broad
35,Ardys Ruppele,Female,08/06/1991,aruppeley@miibeian.gov.cn,Middleton,7 Thompson Plaza,LE16,+44 363 816 3346,Glasgow Caledonian University,2:1,29,May 2019,Sunny Sladefield
36,Matthew Jemison,Male,21/06/1994,,Dean,355 Buena Vista Park,OX7,+44 112 122 8185,Chelsea College of Art and Design,2:1,21,May 2019,Bruno Bellbrook
37,Dallas Sheekey,Male,14/07/1998,dsheekey10@abc.net.au,Horton,943 Almo Center,BS37,+44-879-520-1937,,,23,May 2019,Bruno Bellbrook
38,Cello Ricioppo,Male,29/10/1996,cricioppo11@examiner.com,Craigavon,725 Blaine Plaza,BT66,+44-552-349-3210,University of Greenwich,2:2,14,May 2019,Sunny Sladefield
39,Bennie Latan,Male,,blatan12@gnu.org,Aberdeen,2 Everett Road,AB39,+44 163 165 9688,Royal Holloway and Bedford New College,3rd,30,May 2019,Bruno Bellbrook
40,Standford Brewitt,Male,16/06/1994,sbrewitt13@mayoclinic.com,Stapleford,8753 2nd Court,LN6,+44 (594) 209-0749,University of London,2:2,16,May 2019,Doris Bellasis
41,Thurstan Denman,Male,11/07/1997,tdenman14@reddit.com,Newton,3870 Ruskin Court,NG34,+44-635-347-8202,ifs University College,2:2,15,May 2019,Rupert Ripple
42,Cristin Screas,Female,28/03/1998,cscreas15@nih.gov,Carlton,1952 7th Way,DL8,+44-459-903-7428,,,21,May 2019,Stacey Broad
43,Basilio Deavin,Male,05/04/1999,bdeavin16@nba.com,Merton,24 Loeprich Street,SW19,+44 725 701 4063,University of Liverpool,2:1,,,
44,Florina Sudlow,Female,22/11/2000,fsudlow17@dedecms.com,Newton,759 Harper Street,IV1,+44 (352) 702-0886,Open University,2:1,29,May 2019,Rupert Ripple
45,Maxi MacGaughey,Female,23/11/1999,mmacgaughey18@state.gov,Edinburgh,4 Namekagon Circle,EH9,,Staffordshire University,3rd,15,May 2019,Fifi Etton
46,Artemas Bewlay,Male,29/11/1997,abewlay19@behance.net,Stapleford,907 Barby Street,LN6,+44-316-239-6736,"Birkbeck College, University of London",2:1,08,May 2019,Bruno Bellbrook
47,Etta Whitemarsh,Female,19/10/2000,ewhitemarsh1a@gnu.org,Sheffield,8000 Melvin Hill,S33,+44 (844) 700-1426,University of Bolton,1st,29,May 2019,Gismo Tilling
48,Rutter Clem,Male,12/03/2000,rclem1b@samsung.com,Liverpool,2 Becker Street,L74,+44 (661) 245-0856,Chelsea College of Art and Design,1st,,,
49,Morse Joly,Male,20/10/1996,mjoly1c@mit.edu,Birmingham,9837 Nevada Hill,B12,+44 (900) 508-6408,"Goldsmiths College, University of London",2:1,22,May 2019,Bruno Bellbrook
50,Albie Romanski,Male,09/03/1991,aromanski1d@ameblo.jp,Preston,625 Blue Bill Park Court,PR1,+44 (355) 418-6896,University of Bath,2:1,07,May 2019,Stacey Broad
51,Winnifred Hingeley,Female,15/09/1998,whingeley1e@dot.gov,Kinloch,4172 Acker Plaza,PH43,+44-377-987-3523,"University of Wales, Lampeter",2:2,07,May 2019,Gismo Tilling
52,Levi Masurel,Male,26/01/1990,lmasurel1f@amazon.co.jp,Sheffield,47325 Parkside Drive,S33,+44 190 328 8101,"United Medical and Dental Schools, University of London",2:2,,,
53,Liane Lorente,Female,11/07/1999,llorente1g@twitter.com,East End,66118 Carberry Road,BH21,+44 (845) 526-0709,University of Southampton,2:1,29,May 2019,Stacey Broad
54,Brendin Curran,Male,14/09/1992,bcurran1h@fc2.com,Birmingham,705 East Parkway,B40,+44-784-418-6112,De Montfort University Leicester,2:1,21,May 2019,Bruno Bellbrook
55,Shayne St Louis,Female,17/11/1999,sst1i@google.it,Hatton,4 Fallview Pass,CV35,+44 (507) 285-2423,Central Saint Martins College of Art & Design,2:1,02,May 2019,Sunny Sladefield
56,Ulrika Lemerie,Female,25/01/1998,,Sutton,14282 Browning Road,RH5,+44-531-668-1962,"Birkbeck College, University of London",2:2,15,May 2019,Bruno Bellbrook
57,Micheil Rotlauf,Male,13/09/2000,mrotlauf1k@vistaprint.com,Upton,29 Loeprich Hill,DN21,,University of York,2:2,01,May 2019,Fifi Eton
58,Maurine Gergher,Female,06/11/1995,mgergher1l@elpais.com,Denton,36 Hazelcrest Parkway,M34,+44-929-729-9473,Newport International University,3rd,,,
59,Darbee Goslin,Male,25/03/1998,,Ashley,241 Longview Junction,SN13,+44 (353) 866-0622,,,29,May 2019,Gismo Tilling
60,Berkeley Bothe,Male,29/08/1994,bbothe1n@ebay.co.uk,Burnside,43 Northport Point,EH52,+44 509 727 1905,"University of Wales, Lampeter",2:1,01,May 2019,Doris Bellasis
61,Klarika McConigal,Female,13/07/1995,kmcconigal1o@yahoo.co.jp,Wirral,69843 Arapahoe Circle,CH48,+44-728-139-6962,Roehampton University of Surrey,2:2,01,May 2019,Gismo Tilling
62,Prisca Ginnally,Female,28/11/1991,pginnally1p@joomla.org,Wootton,67 Marcy Lane,NN4,+44 (523) 696-4346,"Royal Academy of Music, University of London",2:2,07,May 2019,Rupert Ripple
63,Megen Durtnall,Female,22/05/1999,mdurtnall1q@icq.com,Newton,79 Weeping Birch Point,IV1,+44-674-260-6274,"Heythrop College, University of London",3rd,08,May 2019,Sunny Sladefield
64,Noel Hayland,Female,28/04/2000,nhayland1r@spiegel.de,Thorpe,45 Buena Vista Plaza,BD23,+44-261-642-7061,"Courtauld Institute of Art, University of London",3rd,30,May 2019,Gismo Tilling
65,Clint Gorbell,Male,19/01/1999,cgorbell1s@addthis.com,Upton,00 Merrick Street,DN21,+44 268 833 1383,University of Brighton,3rd,22,May 2019,Sunny Sladefield
66,Tait Harlett,Male,03/06/1996,,Burnside,88954 Bunker Hill Parkway,EH52,+44 (184) 438-5146,"United Medical and Dental Schools, University of London",2:2,15,May 2019,Fifi Etton
67,Annadiana Neachell,Female,14/05/1995,aneachell1u@abc.net.au,Hatton,55951 Birchwood Court,CV35,+44 567 362 5564,University of Leeds,2:1,,,
68,Humfrid Strafen,Male,27/05/1991,hstrafen1v@exblog.jp,Leeds,9279 Delladonna Way,LS6,+44 704 587 3526,University of Durham,2:1,28,May 2019,Doris Bellasis
69,Judas Espadero,Male,21/05/1990,jespadero1w@ezinearticles.com,Wirral,68 Luster Plaza,CH48,+44 (785) 345-1704,London Business School,2:1,09,May 2019,Rupert Ripple
70,Gwynne Dumingo,Female,22/04/1990,gdumingo1x@fda.gov,Sheffield,42087 Hauk Parkway,S1,+44 (181) 557-4474,University of Reading,2:1,,,
71,Berri Cocklin,Female,21/02/1998,bcocklin1y@sphinn.com,Glasgow,7843 Oneill Hill,G4,+44 (276) 784-0438,Central Saint Martins College of Art & Design,2:2,14,May 2019,Bruno Bellbrook
72,Wolfie Showers,Male,07/04/2000,wshowers1z@ifeng.com,Hatton,3674 Kennedy Circle,CV35,+44 955 373 3018,"Royal College of Music, University of London",2:1,23,May 2019,Gismo Tilling
73,Dion Pavlasek,Male,18/09/1995,dpavlasek20@linkedin.com,Milton,4 Melvin Place,AB56,+44 (369) 530-2726,University of Manchester,2:1,15,May 2019,Fifi Eton
74,Timmy Benzies,Male,11/03/1997,tbenzies21@theguardian.com,Manchester,89291 Talmadge Drive,M14,+44 784 156 6082,Cardiff University,2:1,02,May 2019,Bruno Bellbrook
75,Ettore Elphee,Male,18/04/1991,eelphee22@utexas.edu,Belfast,673 Dexter Alley,BT2,+44 (663) 452-0568,University of Leeds,3rd,02,May 2019,Doris Bellasis
76,Shepherd Aliman,Male,14/07/1992,saliman23@europa.eu,Newton,4313 Huxley Crossing,IV1,+44-295-937-6005,University of Leicester,2:1,09,May 2019,Gismo Tilling
77,Angel Matteau,Female,22/10/1997,amatteau24@tinyurl.com,Milton,2 Utah Street,NG22,+44-118-552-7903,"Royal College of Music, University of London",2:2,22,May 2019,Bruno Bellbrook
78,Granger Carayol,Male,17/02/1995,gcarayol25@trellian.com,Burnside,91 Ilene Street,EH52,+44-146-260-3939,Roehampton University of Surrey,2:2,28,May 2019,Sunny Sladefield
79,Gaven Eckford,Male,18/03/1992,geckford26@time.com,Merton,2871 Birchwood Hill,SW19,+44-432-946-8525,"Saint George's Hospital Medical School, University of London",2:2,23,May 2019,Bruno Belbrook
80,Nicolea Gibbins,Female,03/08/1991,ngibbins27@naver.com,Whitwell,6 Surrey Junction,DL10,+44 (402) 107-6576,University of Huddersfield,2:2,23,May 2019,Doris Bellasis
81,Reginauld Bridgland,Male,,rbridgland28@tinyurl.com,Kingston,901 Logan Lane,DT10,+44 518 767 9363,University of Southampton,2:1,22,May 2019,Gismo Tilling
82,Orly Eakle,Female,17/05/1993,oeakle29@youtu.be,Glasgow,78 Rowland Junction,G4,+44 (300) 306-2784,International Colleges of Islamic Science,2:2,29,May 2019,Rupert Ripple
83,Retha Dunnico,Female,02/06/1996,rdunnico2a@tuttocitta.it,Newtown,6683 Lakewood Avenue,RG20,+44 (635) 561-6640,University of Worcester,2:1,01,May 2019,Bruno Bellbrook
84,Katharina Aleswell,Female,26/03/1991,kaleswell2b@bloglines.com,Sheffield,5340 Pine View Terrace,S33,+44-215-187-0895,"London School of Hygiene & Tropical Medicine, University of London",1st,09,May 2019,Gismo Tilling
85,Husein Yesinov,Male,02/04/1998,,East End,309 Lillian Trail,BH21,+44 463 543 4830,University of Derby,2:1,09,May 2019,Fifi Etton
86,Rodrick Esselen,Male,25/08/1995,resselen2d@si.edu,Bradford,97663 Sachtjen Pass,BD7,+44 586 791 6136,Falmouth University,2:2,08,May 2019,Sunny Sladefield
87,Joshuah Pourveer,Male,06/12/1999,jpourveer2e@hhs.gov,Kingston,5 Harper Plaza,DT10,+44 (721) 903-6370,Trinity College Carmarthen,2:1,14,May 2019,Sunny Sladefield
88,Finlay Lepick,Male,,flepick2f@sourceforge.net,Burnside,28 Orin Plaza,EH52,,University Campus Suffolk,2:1,28,May 2019,Gismo Tilling
89,Rodolfo Woloschinski,Male,11/10/1993,rwoloschinski2g@cocolog-nifty.com,Newbiggin,76 Dexter Point,NE46,+44-567-982-6332,"University of the West of England, Bristol",2:1,15,May 2019,Sunny Sladefield
90,Valentine Brosini,Female,13/06/1995,vbrosini2h@feedburner.com,Burnside,79015 8th Parkway,EH52,+44 (150) 941-9207,"King's College London, University of London",2:2,07,May 2019,Fifi Etton
91,Angelle Poulglais,Female,10/02/1998,,Charlton,4 Beilfuss Circle,OX12,+44 924 969 1034,William Gilbert College,3rd,21,May 2019,Bruno Bellbrook
92,Sammie Goby,Male,22/08/1996,sgoby2j@drupal.org,Marston,30 Logan Hill,ST20,+44-961-687-9958,British College of Osteopathic Medicine,2:1,28,May 2019,Gismo Tilling
93,ALMIRA SANDY,Female,15/05/1999,asandy2k@deliciousdays.com,Newton,205 Merry Place,NG34,+44-568-944-3731,Cranfield University,2:1,,,
94,Malanie Possa,Female,02/08/1994,,,,,+44 176 331 8742,"University of Wales, Aberystwyth",2:1,,,
95,Burtie Flucker,Male,29/04/1992,,London,9 Claremont Avenue,EC1V,+44 (955) 876-9994,University of Southampton,1st,,,
96,Marc Rubinsaft,Male,02/11/2000,mrubinsaft2n@tumblr.com,Preston,0 Fisk Junction,PR1,+44 623 122 4785,"London School of Economics and Political Science, University of London",1st,09,May 2019,Sunny Sladefield
97,Sansone Caghan,Male,26/10/1993,scaghan2o@deliciousdays.com,Buckland,4 Welch Terrace,CT16,+44 981 685 2181,Nottingham Trent University,2:1,15,May 2019,Doris Bellasis
98,Rowland Cabotto,Male,30/10/1998,rcabotto2p@i2i.jp,Whitchurch,9676 Heffernan Circle,BS14,+44 (858) 825-5790,"University College London, University of London",2:2,02,May 2019,Sunny Sladefield
99,Alfi McCracken,Female,22/08/2000,amccracken2q@github.com,Thorpe,943 Morningstar Circle,BD23,+44 (607) 313-9917,"London School of Hygiene & Tropical Medicine, University of London",1st,16,May 2019,Bruno Bellbrook
100,Jolene Alyonov,Female,15/10/1997,jalyonov2r@jimdo.com,Newton,21 Everett Way,NG34,+44 (141) 299-2440,Chelsea College of Art and Design,2:2,21,May 2019,Stacey Broad
101,Celina Burder,Female,21/06/2000,cburder2s@uiuc.edu,Wirral,4808 Sunbrook Alley,CH48,,Cardiff University,2:1,08,May 2019,Bruno Bellbrook
102,Ferdinande Paulino,Female,28/03/1996,fpaulino2t@thetimes.co.uk,Eaton,455 Onsgard Drive,DN22,+44 616 183 7459,University of Ulster,3rd,28,May 2019,Doris Bellasis
103,Adamo Osment,Male,,aosment2u@surveymonkey.com,West End,91734 Marcy Parkway,DN36,+44 572 864 0770,"Royal College of Music, University of London",2:1,15,May 2019,Doris Bellasis
104,Nance Tothe,Female,30/10/1996,ntothe2v@boston.com,Middleton,6361 Dahle Way,LE16,+44 447 893 9646,Keele University,2:2,01,May 2019,Bruno Bellbrook
105,Adlai Gahagan,Male,21/08/1994,agahagan2w@mozilla.com,Whitchurch,24 Fair Oaks Drive,BS14,+44 (794) 760-3220,The Robert Gordon University,2:2,29,May 2019,Doris Bellasis
106,Blayne Jenne,Male,15/02/1999,bjenne2x@ning.com,London,0532 Clarendon Park,SW1E,+44-330-325-8158,Liverpool John Moores University,2:2,29,May 2019,Doris Bellasis
107,Wren O'Curran,Female,29/12/1998,wocurran2y@histats.com,Kinloch,07 BUNKER HILL POINT,PH43,+44 (585) 450-0188,Wimbledon School of Art,2:1,21,May 2019,Rupert Ripple
108,Mercedes Cadden,Female,,mcadden2z@shutterfly.com,,,,+44 144 772 2350,Aston University,2:1,16,May 2019,Doris Bellasis
109,GODFREY MCALPINE,Male,10/03/1995,gmcalpine30@whitehouse.gov,Newport,962 Sycamore Parkway,NR29,,Cardiff University,2:1,23,May 2019,Fifi Eton
110,Pansy Tranckle,Female,05/02/1995,ptranckle31@google.com,Charlton,18004 Columbus Alley,OX12,+44 983 643 6656,University of Central Lancashire,2:1,29,May 2019,Sunny Sladefield
111,Niven Ransbury,Male,30/04/1993,nransbury32@globo.com,London,234 Forest Court,EC3M,+44-542-303-1974,University of Salford,1st,22,May 2019,Stacey Broad
112,Jamima Thursby,Female,30/07/1992,jthursby33@naver.com,Langley,4 Sherman Terrace,SG4,+44 624 365 5103,University of Hull,2:1,23,May 2019,Rupert Ripple
113,Alfred Huetson,Male,01/04/1997,ahuetson34@blinklist.com,Birmingham,5052 Graceland Pass,B12,,Southampton Solent University,1st,22,May 2019,Stacey Broad
114,Donica Andreas,Female,07/07/1997,dandreas35@sfgate.com,Wirral,271 Prairie Rose Plaza,CH48,+44-783-467-4924,"Royal Academy of Music, University of London",3rd,01,May 2019,Gismo Tilling
115,Lawton Redpath,Male,17/08/1990,lredpath36@noaa.gov,Sheffield,4712 Melrose Street,S1,+44-869-626-0945,Warnborough University,2:2,02,May 2019,Stacey Broad
116,Matilda Skeel,Female,29/11/2000,mskeel37@edublogs.org,Middleton,7621 Continental Way,LE16,+44-358-668-0271,Aston University,2:2,22,May 2019,Bruno Bellbrook
117,Theresina Breckell,Female,20/07/1991,tbreckell38@studiopress.com,Stapleford,86442 Hauk Junction,LN6,+44 512 296 3358,London College of Science & Technology,2:2,02,May 2019,Stacey Broad
118,Tammy Behrens,Female,04/02/2000,tbehrens39@about.com,West End,309 Bartelt Plaza,DN36,+44-393-695-3272,Trinity College of Music,2:2,08,May 2019,Doris Bellasis
119,Merrie Mathon,Female,28/02/1999,mmathon3a@wordpress.org,Sheffield,75 Pine View Trail,S33,+44 998 849 8504,Staffordshire University,2:2,08,May 2019,Doris Bellasis
120,Niles Haughin,Male,23/01/1994,nhaughin3b@fastcompany.com,Walton,18018 Cherokee Junction,CV35,+44 (165) 886-9879,Buckinghamshire New University,1st,30,May 2019,Sunny Sladefield
121,Tania Lemme,Female,21/12/1998,,Bradford,1 Hagan Circle,BD7,+44 542 989 8331,University of Portsmouth,2:1,29,May 2019,Stacey Broad
122,Gawen Murricanes,Male,22/05/1994,gmurricanes3d@ucoz.com,Whitwell,18 Center Way,DL10,+44 200 942 9730,University of Sheffield,2:2,30,May 2019,Gismo Tilling
123,Stavros Petticrow,Male,21/07/2000,spetticrow3e@hugedomains.com,Belfast,0 Jenifer Park,BT2,+44-710-425-3735,University of Warwick,2:2,01,May 2019,Bruno Bellbrook
124,Alfi Janku,Female,08/07/1994,ajanku3f@desdev.cn,Newport,64 Scofield Avenue,NR29,+44 615 734 7307,Glasgow Caledonian University,3rd,15,May 2019,Bruno Bellbrook
125,Yuma Henrion,Male,06/08/1993,yhenrion3g@wix.com,Seaton,9 Annamark Court,LE15,+44 672 127 6193,Central Saint Martins College of Art & Design,2:1,29,May 2019,Stacey Broad
126,Ingeberg Gronw,Female,10/06/1998,igronw3h@friendfeed.com,Manchester,7 International Park,M14,+44 (422) 625-1508,Roehampton University of Surrey,2:2,,,
127,Lise Ogilvie,Female,16/02/1993,logilvie3i@jimdo.com,Kirkton,511 Badeau Terrace,KW10,+44 304 854 1482,"Institute of Commonwealth Studies, University of London",2:1,09,May 2019,Fifi Etton
128,Janet Mulqueeny,Female,,jmulqueeny3j@blogtalkradio.com,London,9 Thierer Hill,EC1V,,The Robert Gordon University,2:1,01,May 2019,Gismo Tilling
129,Rollins Dalgardno,Male,28/12/1996,rdalgardno3k@163.com,Church End,746 Golf Course Place,CB4,+44 (224) 541-5008,University of Wales,2:1,09,May 2019,Gismo Tilling
130,Jania Argyle,Female,08/06/1993,jargyle3l@weibo.com,Normanton,165 Helena Crossing,LE15,+44 871 177 8509,University of Bedfordshire,2:2,22,May 2019,Rupert Ripple
131,Fifine Wreight,Female,19/04/1990,fwreight3m@google.fr,Craigavon,761 Norway Maple Crossing,BT66,+44 (569) 391-6299,"Institute of Advanced Legal Studies, University of London",2:1,07,May 2019,Sunny Sladefield
132,Crosby Tregona,Male,22/03/1998,,Ford,14 Maryland Lane,GL54,+44 527 497 8045,University of Paisley,2:2,,,
133,Vickie Carverhill,,13/05/1992,vcarverhill3o@aol.com,Newport,00543 Commercial Court,NR29,+44 242 253 8278,London Institute of Management and Technology,3rd,,,
134,Free Nicholes,Male,07/04/1992,fnicholes3p@wired.com,Glasgow,963 John Wall Junction,G4,+44 (575) 239-1223,,,07,May 2019,Doris Bellasis
135,Edi Jiggins,Female,03/07/1991,ejiggins3q@icio.us,Charlton,02 Lotheville Avenue,OX12,+44 839 377 1548,London School of Jewish Studies,2:1,29,May 2019,Gismo Tilling
136,Rice Plampin,Male,13/10/1996,,Church End,602 Crownhardt Crossing,N3,+44 608 442 6228,Birmingham City University,3rd,21,May 2019,Rupert Ripple
137,Cassius Hollibone,Male,29/06/1996,chollibone3s@sourceforge.net,Church End,72284 Prentice Pass,N3,+44 (896) 220-9630,University of Worcester,2:2,01,May 2019,Bruno Bellbrook
138,Karlen McKeller,,28/05/1990,kmckeller3t@usatoday.com,Sheffield,1975 Clarendon Court,S33,+44-615-426-8889,University of Liverpool,2:1,,,
139,Oliver Thacke,Male,09/05/1999,othacke3u@blog.com,Sheffield,11233 Menomonie Terrace,S33,+44 588 179 8445,Aston University,2:1,15,May 2019,Doris Bellasis
140,Harlene Brymner,Female,25/12/1998,hbrymner3v@netscape.com,Brampton,1 Sugar Crossing,NR34,+44 743 868 9578,University of Central Lancashire,1st,23,May 2019,Sunny Sladefield
141,Mata Farrell,Male,06/03/1994,mfarrell3w@boston.com,Newbiggin,48 Hoard Junction,NE46,+44-472-920-8863,University of Hull,2:2,08,May 2019,Doris Bellasis
142,Maggy Clapison,Female,10/12/1994,mclapison3x@github.com,Buckland,56 Erie Terrace,CT16,+44 487 590 6653,Sheffield Hallam University,3rd,07,May 2019,Stacey Broad
143,Chauncey Janoschek,Male,06/05/1991,cjanoschek3y@discuz.net,Birmingham,22 Harper Court,B40,+44-852-875-3450,,,21,May 2019,Gismo Tilling
144,Melli Derry,Female,01/12/1993,mderry3z@bbc.co.uk,Linton,985 Daystar Junction,BD23,+44 (906) 988-2065,International Colleges of Islamic Science,2:1,,,
145,Mellicent Desaur,Female,,mdesaur40@desdev.cn,Buckland,9752 Dennis Pass,CT16,+44 (597) 197-3531,University of York,2:2,01,May 2019,Doris Bellasis
146,Fay Beautyman,Female,06/08/1997,fbeautyman41@marriott.com,Newtown,1 Chive Circle,RG20,+44-600-166-6478,"London School of Hygiene & Tropical Medicine, University of London",2:1,29,May 2019,Doris Bellasis
147,Linus Pietruszewicz,Male,29/11/1993,lpietruszewicz42@geocities.com,Buckland,87 8th Court,CT16,+44-611-679-1484,University of Worcester,3rd,16,May 2019,Sunny Sladefield
148,Lem Burbidge,,05/07/1991,lburbidge43@foxnews.com,Church End,38119 Westend Plaza,CB4,+44-353-706-0911,University of Hertfordshire,2:1,02,May 2019,Doris Bellasis
149,Kelley Camps,Male,14/01/1994,,Whitwell,795 Toban Circle,DL10,+44 950 213 2253,,,,,
150,Kamila Silversmidt,Female,03/06/1992,ksilversmidt45@biblegateway.com,Sheffield,18 Banding Terrace,S33,,Richmond University - The American International University in London,2:2,01,May 2019,Stacey Broad
151,Hilario Argyle,Male,13/11/1996,hargyle46@yandex.ru,Normanton,7213 Bartelt Street,LE15,+44-835-547-6845,Imperial College London,3rd,,,
152,Tobie Culcheth,Male,08/03/1999,tculcheth47@ustream.tv,Brampton,01784 Golden Leaf Pass,NR34,+44-182-457-3628,"Institute of Advanced Legal Studies, University of London",2:1,14,May 2019,Rupert Ripple
153,Vite Comino,Male,07/04/1998,,Wirral,5581 Cherokee Park,CH48,,City University,2:1,21,May 2019,Stacey Broad
154,Mead Irnis,Female,08/07/2000,mirnis49@networkadvertising.org,Halton,24 Menomonie Avenue,LS9,+44 582 218 2749,Imperial College London,2:1,,,
155,Tricia Kienlein,Female,18/08/1992,tkienlein4a@usda.gov,Newton,2 Jenifer Road,NG34,+44 (174) 688-3769,"School of Oriental and African Studies, University of London",2:1,14,May 2019,Fifi Etton
156,Dory Cooksey,Male,13/07/1994,dcooksey4b@ucla.edu,,,,+44-512-882-6004,University of St. Andrews,1st,07,May 2019,Rupert Ripple
157,Shane Odo,Male,22/09/1995,sodo4c@histats.com,London,7 Arizona Lane,EC1V,+44 492 926 9115,University of Salford,2:1,08,May 2019,Fifi Eton
158,MEGAN HALLIHAN,Female,,mhallihan4d@bing.com,Whitchurch,1 Waxwing Pass,BS14,+44 919 788 1652,Aston University,2:1,30,May 2019,Rupert Ripple
159,Corena Birtley,Female,15/08/1999,,Dean,66627 Dwight Road,OX7,+44 (424) 869-6877,University of East London,2:1,16,May 2019,Gismo Tilling
160,Leandra Futty,Female,16/07/1999,lfutty4f@ftc.gov,Newton,21771 Harper Pass,IV1,+44 847 827 3054,University of Northumbria at Newcastle,2:1,09,May 2019,Gismo Tilling
161,Bernadine Sinkin,Female,17/12/1995,bsinkin4g@facebook.com,Sutton,5 Caliangt Junction,CT15,+44 (673) 369-0263,Wimbledon School of Art,3rd,01,May 2019,Stacey Broad
162,Corby Heavy,Male,14/02/1991,cheavy4h@cocolog-nifty.com,Aston,1 Marquette Junction,TF6,+44-849-522-9593,Stratford College London,2:1,,,
163,William Dryden,Male,09/02/1999,wdryden4i@quantcast.com,Stapleford,34 Steensland Hill,LN6,+44-355-246-4733,University of Chester,2:1,01,May 2019,Fifi Etton
164,Sosanna Rawlings,Female,14/09/1998,srawlings4j@cdc.gov,Liverpool,8573 Morning Street,L74,+44-802-124-6379,"University of Wales, Newport",2:2,29,May 2019,Gismo Tilling
165,Charissa Briiginshaw,Female,15/07/1992,,Dean,12 Bellgrove Circle,OX7,+44 (842) 698-0104,"Saint George's Hospital Medical School, University of London",3rd,30,May 2019,Stacey Broad
166,Stormie Willoughey,Female,25/06/1999,swilloughey4l@topsy.com,Sheffield,46 Commercial Plaza,S33,+44 139 976 7251,International Colleges of Islamic Science,3rd,14,May 2019,Doris Bellasis
167,Gilburt Chamney,Male,16/05/1990,gchamney4m@w3.org,Pentre,65607 Mitchell Court,SY4,+44 (538) 237-4671,University of Brighton,3rd,02,May 2019,Sunny Sladefield
168,Dene Hardey,Male,07/06/1995,dhardey4n@newsvine.com,Stapleford,0515 Ruskin Circle,LN6,+44-936-332-7227,University of Chester,2:1,08,May 2019,Gismo Tilling
169,Pippo Brownstein,Male,03/11/1997,pbrownstein4o@is.gd,Kingston,0 Gateway Plaza,DT10,+44 (745) 648-9121,University of Glamorgan,3rd,09,May 2019,Gismo Tilling
170,Paco Piborn,Male,13/03/1990,ppiborn4p@mac.com,Bristol,5052 Kings Terrace,BS41,+44-576-838-1011,"Courtauld Institute of Art, University of London",1st,,,
171,Matthias Burns,Male,06/04/1998,,Carlton,9 Corben Center,DL8,+44 731 475 2183,Keele University,2:2,01,May 2019,Doris Bellasis
172,Lay Heaker,Male,01/02/2000,lheaker4r@huffingtonpost.com,Norton,99645 Carey Center,S8,+44 396 856 0684,,,,,
173,Angie Pockey,Male,02/09/2000,apockey4s@smugmug.com,Preston,71276 Anhalt Junction,PR1,+44-291-967-6411,London School of Jewish Studies,3rd,21,May 2019,Rupert Ripple
174,Maxwell Wyer,Male,01/04/1990,mwyer4t@pinterest.com,Burnside,8041 Eliot Road,EH52,+44 (649) 548-2941,University of Lincoln,2:2,01,May 2019,Rupert Ripple
175,Marya Peagrim,Female,24/01/1996,mpeagrim4u@who.int,Burnside,7225 Arizona Crossing,EH52,+44 657 116 9102,University of Bedfordshire,2:1,,,
176,Holmes Epsley,Male,06/03/1998,hepsley4v@indiegogo.com,Glasgow,5837 Homewood Alley,G4,+44 474 939 6515,"University of Halifax, Birmingham Campus",2:1,21,May 2019,Doris Bellasis
177,Buddy Kettle,Male,02/08/1994,bkettle4w@ning.com,Newton,7 Nancy Park,IV1,+44 524 337 1681,European School of Economics,2:2,23,May 2019,Gismo Tilling
178,Freedman Bidder,Male,10/11/1998,fbidder4x@washingtonpost.com,Bristol,95244 Rutledge Avenue,BS41,+44 878 970 4915,Central Saint Martins College of Art & Design,3rd,22,May 2019,Gismo Tilling
179,Francisco Tebboth,Male,10/10/1990,ftebboth4y@un.org,Birmingham,07 Columbus Lane,B12,+44 748 879 4743,Sotheby´s Institute of Art - London,2:1,07,May 2019,Rupert Ripple
180,Philippa McCalister,Female,08/11/1995,pmccalister4z@theglobeandmail.com,Pentre,59 Goodland Circle,SY4,,Newport International University,2:2,16,May 2019,Gismo Tilling
181,Adena Fenkel,Female,08/06/1998,afenkel50@godaddy.com,Leeds,76867 Merrick Parkway,LS6,+44-561-834-5463,European School of Economics,2:1,14,May 2019,Doris Bellasis
182,Padraic Labat,Male,10/04/1999,plabat51@imgur.com,Walton,86441 John Wall Pass,CV35,+44 (299) 762-9474,University Campus Suffolk,2:1,14,May 2019,Stacey Broad
183,Evey Reisk,Female,,ereisk52@discuz.net,Milton,82 Charing Cross Center,NG22,+44 230 603 9885,Coventry University,3rd,23,May 2019,Fifi Etton
184,Garret Pleasaunce,Male,31/10/1994,gpleasaunce53@time.com,Normanton,2 Talmadge Avenue,LE15,+44 689 550 6365,"Royal Academy of Music, University of London",1st,15,May 2019,Rupert Ripple
185,Emogene Grouvel,Female,,egrouvel54@linkedin.com,Bradford,7857 Annamark Avenue,BD7,+44 310 712 2853,University of East Anglia,2:1,14,May 2019,Fifi Eton
186,Sydel Tilne,Female,04/12/2000,stilne55@salon.com,Middleton,2 Northfield Place,LE16,+44 (382) 386-5862,University of Stirling,2:1,29,May 2019,Rupert Ripple
187,Gussi Pattrick,Female,01/01/1994,gpattrick56@amazonaws.com,Sheffield,8 Village Green Center,S33,+44 (618) 118-1964,Sotheby´s Institute of Art - London,3rd,09,May 2019,Bruno Bellbrook
188,Danella Winkett,Female,27/10/1998,dwinkett57@mashable.com,Buckland,810 Aberg Park,CT16,+44 (583) 396-7279,"Queen Mary and Westfield College, University of London",2:2,21,May 2019,Bruno Belbrook
189,Danica Isbell,Female,04/01/1990,disbell58@ameblo.jp,Birmingham,7025 Westerfield Court,B40,+44-985-614-3158,University of Wales,2:2,14,May 2019,Stacey Broad
190,Artur Domaschke,Male,,adomaschke59@sakura.ne.jp,Norton,1 Blaine Street,NN11,+44 (333) 278-3353,"University of Wales Institute, Cardiff",1st,23,May 2019,Bruno Bellbrook
191,Sadye Burdin,Female,28/05/1992,sburdin5a@stumbleupon.com,Burnside,84 Summerview Place,EH52,+44 (373) 645-8401,"School of Oriental and African Studies, University of London",2:1,,,
192,Felizio O'Cahsedy,Male,19/09/1991,focahsedy5b@slate.com,Glasgow,54 Dottie Terrace,G4,+44 825 989 5251,University of Oxford,3rd,,,
193,Dianna Brewett,Female,21/03/1993,dbrewett5c@alexa.com,Sheffield,7 Parkside Place,S1,+44 916 382 7340,University of Edinburgh,2:1,29,May 2019,Rupert Ripple
194,Mill Uridge,Male,26/09/1999,muridge5d@linkedin.com,Pentre,33913 Heffernan Junction,SY4,+44 (178) 446-4751,"University of Wales, Newport",1st,30,May 2019,Fifi Etton
195,Jessy Yewdall,Female,09/03/1990,jyewdall5e@wordpress.com,Preston,04790 Bluejay Center,PR1,+44-710-675-5695,"United Medical and Dental Schools, University of London",2:1,,,
196,Stearne enzley,Male,28/02/1997,senzley5f@aboutads.info,Normanton,8314 Anzinger Drive,LE15,+44-758-831-9066,"University of Wales, Swansea",1st,,,
197,Sebastiano Ramsby,Male,19/11/1990,sramsby5g@lulu.com,Newport,90 Milwaukee Trail,NR29,+44 (569) 600-6396,Falmouth University,2:1,16,May 2019,Gismo Tilling
198,Justinn Rosiello,Female,29/09/1991,jrosiello5h@g.co,Merton,5 Barby Parkway,SW19,+44 901 982 2005,University Campus Suffolk,3rd,09,May 2019,Sunny Sladefield
199,Zedekiah Mordaunt,Male,27/02/1999,zmordaunt5i@bravesites.com,Bradford,8470 Glendale Court,BD7,,University of Wales,2:2,,,
200,Osgood Mahood,Male,27/06/1993,,Middleton,0 Straubel Lane,LE16,+44 (914) 610-6890,University of Sheffield,1st,14,May 2019,Gismo Tilling
201,Janna Chazette,Female,05/11/1996,jchazette5k@hexun.com,Seaton,2313 Shoshone Drive,LE15,+44 (472) 638-3218,Anglia Ruskin University,2:1,,,
202,Yalonda Beacom,Female,23/08/1994,ybeacom5l@springer.com,Walton,4 Banding Park,CV35,+44 (554) 273-6722,"Institute of Advanced Legal Studies, University of London",3rd,09,May 2019,Doris Bellasis
203,Tedmund Emanulsson,Male,14/12/1991,,Stapleford,03895 Spenser Point,LN6,+44-446-581-8295,University of Southampton,3rd,09,May 2019,Fifi Eton
204,Gael Eick,Female,16/02/1995,geick5n@cornell.edu,Twyford,7 Talmadge Hill,LE14,+44 484 475 2434,"United Medical and Dental Schools, University of London",2:2,07,May 2019,Gismo Tilling
205,Moshe Backshell,Male,,mbackshell5o@auda.org.au,Birmingham,1125 Sutteridge Place,B12,+44 319 113 4254,"Institute of Germanic Studies, University of London",2:1,22,May 2019,Fifi Eton
206,Samuele Melpuss,Male,11/11/1993,smelpuss5p@netlog.com,Preston,101 Drewry Plaza,PR1,+44-358-856-1493,University of Northumbria at Newcastle,2:1,30,May 2019,Gismo Tilling
207,Tan Woltering,Male,08/12/1998,,Newport,751 Knutson Alley,NR29,+44 204 679 8581,University of Southampton,2:2,09,May 2019,Bruno Bellbrook
208,Kaila Fearfull,Female,06/10/1991,kfearfull5r@cmu.edu,West End,5402 Logan Junction,DN36,+44 (747) 630-2434,"Royal Free Hospital School of Medicine, University of London",2:2,21,May 2019,Gismo Tilling
209,Nicole Frosch,Female,29/10/1993,nfrosch5s@cmu.edu,London,4 Reindahl Hill,EC3M,+44 875 943 9404,"Queen Mary and Westfield College, University of London",2:1,,,
210,Fax Sogg,Male,10/09/1995,fsogg5t@nature.com,Sutton,728 Miller Center,CT15,+44 200 729 7154,University of Southampton,2:1,22,May 2019,Gismo Tilling
211,Park Jaumet,Male,14/03/1994,pjaumet5u@telegraph.co.uk,Merton,10524 Oak Park,SW19,+44 843 419 3094,Wimbledon School of Art,2:1,23,May 2019,Bruno Belbrook
212,Hale McElvogue,Male,03/05/1998,hmcelvogue5v@ovh.net,Swindon,07520 School Drive,SN1,+44 491 883 7821,,,,,
213,Terrie MacKibbon,Female,15/01/1992,tmackibbon5w@time.com,Carlton,0 Schiller Point,DL8,+44-180-702-3730,International Centre for Isclamic Science,2:2,23,May 2019,Rupert Ripple
214,Miguela Quantrill,Female,31/05/1992,mquantrill5x@nih.gov,Sheffield,0764 Manitowish Road,S1,+44 137 112 0459,London Business School,2:1,01,May 2019,Fifi Etton
215,Emanuele Epton,Male,03/01/1998,,,,,+44-965-677-5310,Brunel University Uxbridge,2:1,28,May 2019,Gismo Tilling
216,Diannne Laminman,Female,17/05/1995,dlaminman5z@imageshack.us,Wirral,133 Erie Way,CH48,,University of Durham,2:1,,,
217,Ferdy MacAllen,Male,11/07/1996,fmacallen60@nsw.gov.au,Kingston,814 Redwing Place,DT10,+44 (197) 363-2802,University of Central Lancashire,2:1,,,
218,Hermione Tomsett,Female,27/08/1996,htomsett61@prnewswire.com,Buckland,353 Thackeray Way,CT16,+44-987-101-2012,Aston University,2:2,28,May 2019,Gismo Tilling
219,Gray Eadmeads,Female,,geadmeads62@google.pl,Bradford,079 Sachtjen Center,BD7,+44 (834) 130-1407,,,02,May 2019,Doris Bellasis
220,Bertie MacAfee,Female,20/05/1998,bmacafee63@answers.com,London,257 Shasta Place,WC1B,+44 (750) 849-0049,London Metropolitan University,2:1,30,May 2019,Stacey Broad
221,William Tomlett,Male,02/04/1991,wtomlett64@businessweek.com,Upton,9004 Golf Course Pass,WF9,+44-505-197-7318,University of Glamorgan,1st,21,May 2019,Stacey Broad
222,Ignacius Pleasaunce,Male,12/07/1995,ipleasaunce65@oracle.com,Wootton,23 Maywood Hill,NN4,,British College of Osteopathic Medicine,2:2,28,May 2019,Gismo Tilling
223,Blakeley Worvill,Female,08/10/1994,bworvill66@artisteer.com,Sheffield,5810 Burrows Circle,S33,+44-607-370-3383,,,,,
224,Aarika Preist,Female,29/09/1994,apreist67@webmd.com,Sutton,75 Meadow Vale Trail,CT15,+44 (949) 925-1536,"Heythrop College, University of London",1st,08,May 2019,Bruno Bellbrook
225,Sheba Everal,Female,31/07/1993,several68@wsj.com,Bristol,04952 Sachs Drive,BS41,+44 929 366 8175,University of Essex,2:1,15,May 2019,Rupert Ripple
226,Gav Rantoul,Male,05/07/1992,grantoul69@google.co.uk,Newtown,8669 CLARENDON CENTER,RG20,+44-339-881-3568,International Centre for Isclamic Science,2:1,28,May 2019,Gismo Tilling
227,Euphemia Fargher,Female,20/07/1993,efargher6a@blogs.com,Milton,86232 Warrior Point,NG22,+44 (670) 803-7658,University of Bradford,2:2,08,May 2019,Doris Bellasis
228,COLETTE DANNIELL,Female,12/07/1992,cdanniell6b@microsoft.com,Charlton,8 Thackeray Pass,OX12,,University of Teesside,2:2,14,May 2019,Stacey Broad
229,Adorne Stuer,Female,22/05/1991,astuer6c@hc360.com,Eaton,1 Nobel Way,DN22,+44-485-319-1001,"Institute of Commonwealth Studies, University of London",2:2,,,
230,Skylar Dodwell,Male,18/12/1997,,Wootton,14045 Kropf Plaza,NN4,+44-111-174-7559,Liverpool John Moores University,2:1,22,May 2019,Gismo Tilling
231,Adham Petrolli,Male,22/04/1991,apetrolli6e@fema.gov,Newton,73476 Rowland Plaza,NG34,+44-325-122-5327,University of St. Andrews,1st,15,May 2019,Gismo Tilling
232,Petey Paniman,Male,24/01/1995,ppaniman6f@elegantthemes.com,Whitchurch,9 Pierstorff Terrace,BS14,+44 122 931 1751,University of Newcastle-upon-Tyne,2:1,,,
233,Benita Robbel,Female,07/01/1990,brobbel6g@ustream.tv,Kingston,5 Bunker Hill Park,DT10,+44 300 230 1855,Middlesex University,1st,30,May 2019,Sunny Sladefield
234,Teodor Pattlel,Male,19/08/1999,tpattlel6h@redcross.org,Linton,31698 Upham Crossing,BD23,+44 610 896 8367,ifs University College,2:2,07,May 2019,Stacey Broad
235,Bondon Smethurst,,26/11/1997,bsmethurst6i@ifeng.com,Horton,7 Upham Alley,BS37,+44-227-805-4195,"School of Oriental and African Studies, University of London",1st,07,May 2019,Rupert Ripple
236,Sloane Philbrook,Male,23/03/1991,sphilbrook6j@blogger.com,Edinburgh,22 Rutledge Pass,EH9,+44 601 445 6742,Kingston University,3rd,28,May 2019,Fifi Etton
237,Darya Tayt,Female,10/01/1997,dtayt6k@constantcontact.com,Whitchurch,5634 Talisman Road,BS14,,University of Southampton,2:2,08,May 2019,Bruno Bellbrook
238,Melodee Klink,Female,24/03/1993,mklink6l@marriott.com,Thorpe,8712 Katie Drive,BD23,+44 246 582 6893,University of Sussex,2:1,14,May 2019,Fifi Etton
239,Daile Kitchinham,Female,24/01/1996,dkitchinham6m@goo.ne.jp,Kirkton,5 Alpine Street,KW10,,London Guildhall University,2:1,30,May 2019,Rupert Ripple
240,Clemmie Beach,Female,01/02/1999,cbeach6n@apple.com,Burnside,187 Lien Way,EH52,+44-229-843-4698,University of Hull,2:1,14,May 2019,Sunny Sladefield
241,Husein Etoile,Male,08/08/1993,hetoile6o@netvibes.com,Kinloch,519 Southridge Alley,PH43,+44-558-307-0642,University of York,2:1,08,May 2019,Stacey Broad
242,Tedman Fraser,Male,04/07/1997,tfraser6p@cbc.ca,West End,8460 Prentice Drive,DN36,+44 923 617 8079,London College of Science & Technology,2:1,22,May 2019,Gismo Tilling
243,Robby Arias,Male,04/09/1991,rarias6q@php.net,Newport,4 Donald Plaza,NR29,+44 969 937 0674,London Metropolitan University,3rd,29,May 2019,Rupert Ripple
244,Norry Nerney,Male,12/09/1999,nnerney6r@ca.gov,West End,78287 Toban Junction,DN36,+44-514-302-2775,Heriot-Watt University,2:1,22,May 2019,Fifi Etton
245,Shantee MacMichael,Female,04/11/1992,smacmichael6s@amazon.de,Edinburgh,58250 Homewood Parkway,EH9,+44-413-633-7366,"Birkbeck College, University of London",1st,21,May 2019,Doris Bellasis
246,Laurie Hoggan,Female,25/10/1996,lhoggan6t@dyndns.org,Liverpool,2962 Sachtjen Junction,L33,+44 730 917 7805,"Royal Free Hospital School of Medicine, University of London",1st,14,May 2019,Doris Bellasis
247,Stacee Points,Female,03/04/1995,spoints6u@feedburner.com,Seaton,4242 Washington Road,LE15,,University of Ulster,2:2,07,May 2019,Bruno Bellbrook
248,Petrina Zisneros,Female,20/07/1992,pzisneros6v@addtoany.com,Kirkton,6 Montana Center,KW10,+44 862 227 8018,Leeds Metropolitan University,2:1,,,
249,Garvin Ianizzi,Male,19/10/1999,gianizzi6w@google.pl,Upton,8225 Scofield Junction,WF9,+44 538 442 5046,Camberwell College of Arts,1st,15,May 2019,Doris Bellasis
250,Patin Storek,Male,,pstorek6x@discuz.net,Birmingham,32 Atwood Avenue,B40,+44-403-698-3366,British College of Osteopathic Medicine,2:2,16,May 2019,Rupert Ripple
251,Juliet Scottrell,Female,20/08/1998,jscottrell6y@opera.com,London,0150 Hintze Circle,SW1E,+44 851 270 2488,University of Exeter,2:1,01,May 2019,Gismo Tilling
252,Kizzee Oliva,Female,14/01/1993,koliva6z@freewebs.com,London,2 Granby Lane,WC2H,+44 (177) 942-2452,"London School of Hygiene & Tropical Medicine, University of London",2:2,02,May 2019,Rupert Ripple
253,Bee Becket,Female,13/09/1991,bbecket70@nih.gov,Kirkton,9 Magdeline Road,KW10,+44 954 824 9519,Richmond University - The American International University in London,3rd,14,May 2019,Stacey Broad
254,Alidia Govett,Female,10/12/1997,agovett71@dailymotion.com,East End,3 Shelley Trail,BH21,+44 596 533 2490,University of Bristol,2:2,16,May 2019,Bruno Belbrook
255,Jeana Schowenburg,Female,13/08/1992,jschowenburg72@constantcontact.com,Sutton,76 Valley Edge Street,RH5,+44 842 288 5749,London Metropolitan University,2:2,02,May 2019,Sunny Sladefield
256,Gage Vittel,Male,10/10/1991,gvittel73@opera.com,Merton,07657 Cody Center,SW19,+44 (655) 970-7601,University of Sheffield,2:2,22,May 2019,Gismo Tilling
257,Marysa Heathorn,Female,03/05/1995,mheathorn74@technorati.com,Horton,429 David Alley,BS37,+44 841 970 2242,University of Manchester,2:1,15,May 2019,Stacey Broad
258,Roland McMurray,Male,02/02/1990,rmcmurray75@is.gd,Newbiggin,80954 Saint Paul Place,NE46,+44 (920) 597-3264,University of Teesside,2:1,23,May 2019,Gismo Tilling
259,GANNIE BAREHEAD,Male,12/10/1995,gbarehead76@clickbank.net,Bristol,9505 Waywood Hill,BS41,+44 215 869 6409,University of Lincoln,3rd,01,May 2019,Rupert Ripple
260,Teddie Kemet,Male,18/03/1990,tkemet77@nih.gov,Normanton,42 Chinook Plaza,LE15,+44 554 710 6598,University of Edinburgh,2:1,22,May 2019,Bruno Bellbrook
261,Riki Sedcole,Female,11/06/1993,rsedcole78@e-recht24.de,Norton,5132 Hoffman Parkway,S8,+44-398-840-1244,Aston University,2:1,,,
262,Gunter Yokley,Male,20/01/1994,gyokley79@businessinsider.com,Merton,9684 Memorial Court,SW19,+44 341 113 5000,"Heythrop College, University of London",2:2,07,May 2019,Stacey Broad
263,Trumaine Chastney,Male,21/07/1996,tchastney7a@free.fr,Normanton,65241 Raven Parkway,LE15,+44 894 465 8638,"Saint George's Hospital Medical School, University of London",2:2,30,May 2019,Stacey Broad
264,Siouxie Tunstall,Female,08/02/1991,stunstall7b@geocities.com,Upton,985 Monterey Hill,WF9,+44-245-707-4088,"Institute of Latin American Studies, University of London",2:1,01,May 2019,Stacey Broad
265,Rhodia Valsler,Female,20/02/1991,rvalsler7c@storify.com,Burnside,87398 Old Shore Center,EH52,+44 (902) 591-1742,London Guildhall University,2:1,02,May 2019,Rupert Ripple
266,Cesaro Dodgshon,Male,22/06/1998,cdodgshon7d@webs.com,Seaton,056 Sage Park,LE15,+44-781-865-3526,University of East London,1st,30,May 2019,Bruno Bellbrook
267,Cherianne Zamora,Female,10/02/1992,czamora7e@bbb.org,Aston,29 La Follette Plaza,TF6,+44-997-138-0600,University of Sunderland,1st,21,May 2019,Rupert Ripple
268,Calhoun Rummin,Male,11/04/1993,crummin7f@vkontakte.ru,Kirkton,976 Arkansas Point,KW10,+44 342 690 0522,University of Birmingham,2:1,,,
269,Rickert Bradforth,Male,07/10/1996,rbradforth7g@biblegateway.com,Wootton,06517 Blue Bill Park Place,NN4,+44 (415) 259-6118,University of Sheffield,2:2,09,May 2019,Doris Bellasis
270,Keenan Stubbes,Male,20/01/1996,kstubbes7h@forbes.com,Norton,2 Dryden Street,S8,+44-715-552-2128,Napier University,1st,01,May 2019,Stacey Broad
271,Marius Soltan,Male,28/12/1998,msoltan7i@mapquest.com,Stapleford,09 Nelson Way,LN6,+44 (387) 579-5526,Liverpool Hope University College,2:2,30,May 2019,Rupert Ripple
272,Angelika Rubie,Female,11/11/1998,arubie7j@bravesites.com,Bradford,39 Sutteridge Court,BD7,+44-176-957-0508,"Queen Mary and Westfield College, University of London",2:1,,,
273,Auberon Hatter,Male,27/02/2000,ahatter7k@e-recht24.de,Denton,21652 Sommers Center,M34,+44-948-734-5628,Roehampton University of Surrey,2:1,07,May 2019,Doris Bellasis
274,Ludovico Orridge,Male,10/11/1998,lorridge7l@amazon.co.jp,Whitchurch,5868 Alpine Park,BS14,+44 278 556 8397,University of Teesside,2:1,02,May 2019,Stacey Broad
275,Ulrikaumeko Yeandel,Female,07/11/1999,uyeandel7m@zimbio.com,Bradford,486 Mcguire Terrace,BD7,+44 (151) 822-7917,University of Bath,2:1,30,May 2019,Stacey Broad
276,Sanford Larking,Male,13/08/1992,,Whitwell,292 Maywood Crossing,DL10,+44 967 251 7986,"University of Wales, Swansea",2:1,15,May 2019,Fifi Etton
277,Jdavie Frisby,Male,28/01/1994,jfrisby7o@cbc.ca,Norton,37493 1st Crossing,S8,+44 (123) 911-6024,University of East Anglia,2:1,14,May 2019,Bruno Bellbrook
278,Enoch Brigg,Male,24/03/1997,ebrigg7p@telegraph.co.uk,Linton,1436 Jana Alley,BD23,+44-811-116-6885,South Bank University,2:1,07,May 2019,Gismo Tilling
279,Samantha Evennett,Female,02/05/1995,sevennett7q@dailymail.co.uk,Church End,02436 Transport Avenue,N3,+44 (832) 725-8429,University of Nottingham,1st,22,May 2019,Doris Bellasis
280,Juieta Tellett,Female,01/02/1996,jtellett7r@about.com,Birmingham,106 Maple Wood Junction,B40,+44-203-526-2499,"London School of Economics and Political Science, University of London",2:2,16,May 2019,Sunny Sladefield
281,Kylie Murname,Female,14/02/1992,kmurname7s@wunderground.com,Whitchurch,30896 Moose Parkway,BS14,+44-483-795-4773,De Montfort University Leicester,2:1,08,May 2019,Doris Bellasis
282,Dalt Le Grand,Male,15/09/1991,dle7t@google.com.au,Upton,69723 Westend Pass,DN21,+44 (562) 784-4532,University of Huddersfield,2:1,15,May 2019,Bruno Bellbrook
283,Lee McIlmorow,Female,12/01/1991,lmcilmorow7u@timesonline.co.uk,Manchester,086 Commercial Circle,M14,+44 809 100 9928,Birmingham City University,2:1,28,May 2019,Rupert Ripple
284,Alison Tranckle,Female,28/06/1997,atranckle7v@de.vu,Linton,3259 Manufacturers Point,BD23,,Trinity College of Music,2:1,23,May 2019,Fifi Etton
285,Deonne Prott,Female,10/12/1991,dprott7w@geocities.jp,,,,+44 757 257 1973,University of Wales College of Medicine,2:2,30,May 2019,Rupert Ripple
286,Verney Skehan,Male,07/05/1993,vskehan7x@europa.eu,Tullich,9092 Ramsey Alley,AB55,+44-146-376-0036,Bournemouth University,2:2,01,May 2019,Sunny Sladefield
287,Christina Fumagalli,Female,31/12/1996,cfumagalli7y@bloomberg.com,Sheffield,6 Havey Point,S33,+44 314 587 6655,University of Lincoln,2:2,21,May 2019,Stacey Broad
288,Raquela Armand,Female,07/07/1996,rarmand7z@time.com,Preston,06739 Moulton Hill,PR1,+44 (525) 167-8695,"Institute of Classical Studies, University of London",2:1,14,May 2019,Rupert Ripple
289,Winifred Jandak,Female,11/06/1995,wjandak80@zimbio.com,Milton,453 Kings Alley,NG22,+44-925-175-5968,The Robert Gordon University,2:1,,,
290,Chantal Mailes,Female,18/09/1992,cmailes81@ftc.gov,Walton,266 Tennyson Street,CV35,+44-227-824-1808,Oxford Brookes University,2:2,02,May 2019,Bruno Bellbrook
291,Lambert Santori,Male,13/09/1991,lsantori82@biblegateway.com,Twyford,4361 Emmet Terrace,LE14,+44 348 773 8768,Napier University,2:1,09,May 2019,Doris Bellasis
292,Fonz Grzegorzewicz,Male,04/12/1997,fgrzegorzewicz83@ning.com,Pentre,01 Valley Edge Drive,SY4,+44 110 489 0857,London College of Science & Technology,3rd,16,May 2019,Gismo Tilling
293,Rainer Josefovic,Male,11/01/1997,rjosefovic84@msu.edu,London,7684 8TH CROSSING,W1F,+44-617-543-0549,University of Glasgow,1st,15,May 2019,Sunny Sladefield
294,Selestina McBean,Female,23/07/1998,smcbean85@google.com.hk,Milton,93663 Lotheville Trail,AB56,+44 976 698 3989,University of Greenwich,2:1,15,May 2019,Doris Bellasis
295,Raimundo Overland,Male,25/12/1999,roverland86@artisteer.com,London,58832 Starling Circle,EC1V,+44-973-961-6595,University of Hull,3rd,21,May 2019,Rupert Ripple
296,Gaylor Wildblood,Male,26/11/2000,gwildblood87@usa.gov,Normanton,38093 Calypso Parkway,LE15,+44 (919) 160-5340,"Institute of Commonwealth Studies, University of London",2:2,21,May 2019,Stacey Broad
297,Kerry Talman,Male,20/03/2000,ktalman88@instagram.com,Norton,25713 New Castle Point,NN11,+44-920-762-3662,"University of Halifax, Birmingham Campus",1st,22,May 2019,Bruno Bellbrook
298,Kelly Ganing,Male,07/03/1997,kganing89@cnbc.com,London,05968 Jana Circle,SW1E,+44 581 557 8756,Loughborough University,2:2,,,
299,Terrance Wolfinger,Male,23/11/1997,twolfinger8a@dagondesign.com,Liverpool,0 Bultman Avenue,L74,+44-308-282-0537,University of Newcastle-upon-Tyne,2:1,07,May 2019,Rupert Ripple
300,Marlyn Palleske,Female,04/10/1997,mpalleske8b@hexun.com,Leeds,429 Northland Street,LS6,+44 328 247 5613,Liverpool John Moores University,2:1,14,May 2019,Bruno Bellbrook
301,Jim Joint,Male,19/01/1998,,Charlton,3 Londonderry Hill,OX12,+44 336 569 5214,London School of Jewish Studies,2:1,28,May 2019,Doris Bellasis
302,Alain Peinton,Male,08/07/1993,apeinton8d@github.com,Denton,91 Loomis Pass,M34,+44-988-878-3235,University of Bradford,1st,15,May 2019,Bruno Bellbrook
303,Heindrick McKiddin,Male,16/09/1994,hmckiddin8e@oracle.com,Sheffield,10314 Forest Run Terrace,S33,+44 (623) 808-0683,The Queen's University Belfast,2:1,16,May 2019,Fifi Etton
304,Schuyler Connold,Male,22/07/1991,sconnold8f@zdnet.com,Kingston,022 Village Green Terrace,DT10,+44-960-121-3921,European School of Economics,3rd,09,May 2019,Bruno Bellbrook
305,Benedikt Scogings,Male,10/02/1996,bscogings8g@geocities.jp,Church End,16869 Mockingbird Road,N3,+44-560-775-5157,University of Warwick,3rd,16,May 2019,Sunny Sladefield
306,Davidson Biskupiak,Male,02/12/1995,dbiskupiak8h@skype.com,Sheffield,473 David Junction,S33,+44 517 219 3077,"United Medical and Dental Schools, University of London",3rd,16,May 2019,Sunny Sladefield
307,Oswell Burdis,Male,31/10/1990,oburdis8i@cnet.com,Thorpe,79 Heffernan Place,BD23,,Cranfield University,3rd,15,May 2019,Rupert Ripple
308,Sandor Atack,Male,22/08/1995,satack8j@walmart.com,Church End,455 Mariners Cove Terrace,CB4,+44 687 796 4291,William Gilbert College,2:2,29,May 2019,Gismo Tilling
309,Audrey Bossel,Female,24/01/1997,abossel8k@google.pl,Horton,370 Chinook Point,BS37,+44 (238) 213-8939,Sheffield Hallam University,1st,15,May 2019,Rupert Ripple
310,Abey Lightollers,Male,15/04/1994,alightollers8l@nifty.com,Charlton,99746 Bobwhite Park,OX12,+44-799-518-0679,University of Buckingham,3rd,16,May 2019,Gismo Tilling
311,Catina Huthart,Female,23/03/1996,chuthart8m@npr.org,Swindon,8 Nobel Plaza,SN1,+44 (638) 120-7282,University of Abertay Dundee,1st,,,
312,Gradeigh Starie,Male,16/11/2000,gstarie8n@forbes.com,Upton,342 Mallard Road,WF9,+44 (455) 190-6078,University of Northumbria at Newcastle,2:1,21,May 2019,Gismo Tilling
313,Nataline Candwell,Female,09/12/1992,ncandwell8o@epa.gov,West End,2469 Texas Lane,DN36,+44 786 782 6119,University of Bristol,2:1,21,May 2019,Stacey Broad
314,Brittney Reimer,Female,04/11/1990,breimer8p@xing.com,Normanton,98 Scott Place,LE15,,University of Chester,2:2,28,May 2019,Rupert Ripple
315,Renado Arnaldo,Male,28/11/1999,rarnaldo8q@is.gd,Kinloch,82 Calypso Circle,PH43,+44 803 193 9661,"Institute of Advanced Legal Studies, University of London",2:1,23,May 2019,Sunny Sladefield
316,Dean Burnup,Male,23/11/1998,dburnup8r@hatena.ne.jp,London,737 Stang Point,EC3M,+44-877-137-5162,University of St. Andrews,2:1,02,May 2019,Bruno Bellbrook
317,Lucian Luckin,Male,09/08/1994,lluckin8s@washingtonpost.com,Wirral,9739 Hansons Court,CH48,,,,23,May 2019,Sunny Sladefield
318,Janelle Forbear,Female,28/03/1996,jforbear8t@chron.com,Bristol,51664 Kingsford Court,BS41,+44 (707) 257-4952,London Guildhall University,2:1,30,May 2019,Rupert Ripple
319,Wanids Glidder,Female,27/10/1995,wglidder8u@bloomberg.com,Sheffield,72 Kipling Drive,S1,,"United Medical and Dental Schools, University of London",2:2,29,May 2019,Doris Bellasis
320,Alex Borkett,Male,09/04/1995,aborkett8v@vimeo.com,London,0916 Shoshone Lane,EC3M,+44-134-636-8815,South Bank University,2:2,28,May 2019,Doris Bellasis
321,JULIA LLORENS,Female,12/01/1994,jllorens8w@java.com,Eaton,12 Delaware Plaza,DN22,+44 535 358 1899,Cranfield University,2:1,09,May 2019,Fifi Etton
322,Willette Jowle,Female,18/06/1999,wjowle8x@princeton.edu,Sheffield,19 Eagan Pass,S1,+44-248-859-1362,London Guildhall University,1st,29,May 2019,Fifi Eton
323,Bernice Niblett,Female,16/01/1998,bniblett8y@miibeian.gov.cn,Belfast,84 Algoma Center,BT2,+44-844-563-2952,"King's College London, University of London",2:1,01,May 2019,Bruno Bellbrook
324,Dermot Yaneev,Male,25/09/1994,dyaneev8z@hud.gov,Carlton,58335 Sunfield Street,DL8,+44 217 394 8907,University of Surrey,3rd,,,
325,Morgen Keningham,Female,14/09/2000,mkeningham90@walmart.com,,,,+44 (684) 473-5933,London Guildhall University,2:1,15,May 2019,Doris Bellasis
326,Emile Vint,Male,29/10/1999,,Hatton,0 Vahlen Lane,CV35,+44 511 293 6098,University of Cambridge,3rd,22,May 2019,Doris Bellasis
327,Rina Soffe,Female,08/04/1996,rsoffe92@ox.ac.uk,Merton,005 Superior Center,SW19,+44-411-378-8108,Napier University,1st,09,May 2019,Bruno Bellbrook
328,Gerianne Bagge,Female,22/05/1996,gbagge93@newyorker.com,Belfast,52 Clarendon Plaza,BT2,+44 (434) 753-9140,International Colleges of Islamic Science,2:1,16,May 2019,Fifi Eton
329,Rickie Pengilley,Female,22/12/1993,rpengilley94@fda.gov,Wirral,7042 Division Plaza,CH48,+44-360-427-5649,University of Ulster,1st,,,
330,Auberon O'Quin,Male,31/07/2000,aoquin95@163.com,Edinburgh,347 Kedzie Junction,EH9,+44-785-807-9727,University of Bath,3rd,02,May 2019,Doris Bellasis
331,Rik Jurick,Male,17/04/1994,rjurick96@telegraph.co.uk,Tullich,3 Erie Drive,AB55,+44 (649) 293-4543,University of Sheffield,2:1,29,May 2019,Rupert Ripple
332,Herby Tomaini,Male,17/05/1990,htomaini97@last.fm,Kinloch,7990 Westerfield Alley,PH43,+44 (910) 289-6750,"Royal Academy of Music, University of London",1st,14,May 2019,Bruno Belbrook
333,Wilma Dagger,,26/04/1993,wdagger98@opera.com,Bradford,2771 Coolidge Park,BD7,,,,14,May 2019,Rupert Ripple
334,Gloria Hazlehurst,Female,16/11/1996,ghazlehurst99@wikia.com,Langley,8736 Twin Pines Crossing,SG4,+44 (851) 913-7590,Royal Holloway and Bedford New College,1st,09,May 2019,Sunny Sladefield
335,Tabor Veltman,Male,23/02/1993,tveltman9a@wired.com,London,76 Crownhardt Avenue,W1F,+44 (703) 391-6932,"University of Halifax, Birmingham Campus",2:1,23,May 2019,Stacey Broad
336,Rhys Yakebovich,Male,08/05/1992,ryakebovich9b@mayoclinic.com,Leeds,7981 Dovetail Lane,LS6,+44 177 683 7031,Falmouth University,2:1,02,May 2019,Fifi Eton
337,Lief Thornewill,Male,18/02/2000,lthornewill9c@cnbc.com,Eaton,42 Towne Alley,DN22,+44 (366) 314-2768,University of Derby,3rd,,,
338,Denny Enga,Female,14/06/1991,denga9d@so-net.ne.jp,London,49 BUHLER LANE,SW1E,+44 (234) 507-0454,London Business School,2:1,15,May 2019,Stacey Broad
339,Correy Moulds,Female,09/10/1996,cmoulds9e@dion.ne.jp,Swindon,9 Del Mar Circle,SN1,+44-945-711-2640,University of Exeter,2:1,29,May 2019,Doris Bellasis
340,Silvie Allderidge,Female,22/10/1994,sallderidge9f@zimbio.com,Thorpe,664 Warrior Alley,BD23,+44 (850) 749-1552,Royal College of Art,2:2,07,May 2019,Stacey Broad
341,Gilbertine Matteoni,Female,24/08/1991,gmatteoni9g@msn.com,Weston,8467 Messerschmidt Road,GU32,,University of Salford,2:2,02,May 2019,Fifi Eton
342,Rooney Crosston,Male,02/04/2000,rcrosston9h@npr.org,Whitchurch,4 Hallows Park,BS14,+44 (190) 516-7517,"University of Wales, Lampeter",2:1,09,May 2019,Sunny Sladefield
343,Hedwig Albutt,Female,16/11/1997,halbutt9i@github.com,Liverpool,00391 Utah Crossing,L33,+44-850-598-8353,,,29,May 2019,Sunny Sladefield
344,Bobine Brodie,Female,02/06/1995,bbrodie9j@gmpg.org,Norton,45 Judy Terrace,S8,+44-729-204-6606,University of Nottingham,2:1,09,May 2019,Doris Bellasis
345,Jeromy Fomichkin,Male,13/02/2000,jfomichkin9k@google.co.jp,Bristol,43 Meadow Ridge Place,BS41,+44 (525) 964-1398,"Warburg Institute, University of London",2:1,28,May 2019,Fifi Etton
346,Benedicto Hundey,Male,07/04/2000,bhundey9l@sourceforge.net,Aberdeen,517 Hazelcrest Center,AB39,+44 (372) 275-9803,London Institute of Management and Technology,2:1,21,May 2019,Bruno Bellbrook
347,Philip Hullbrook,Male,09/03/1992,phullbrook9m@ted.com,Liverpool,16406 Kedzie Place,L33,+44 (684) 873-4471,University of York,1st,08,May 2019,Doris Bellasis
348,Brandi Alvarado,Female,12/08/1991,balvarado9n@microsoft.com,Horton,86 Sachtjen Road,BS37,+44 705 891 3179,Buckinghamshire New University,1st,08,May 2019,Fifi Eton
349,Alix Pallatina,Male,18/05/1996,apallatina9o@jigsy.com,Middleton,1910 Sauthoff Circle,LE16,+44 823 197 6791,Cardiff University,2:1,,,
350,Robinson Stickles,Male,08/02/1996,rstickles9p@engadget.com,Burnside,29 2nd Junction,EH52,+44 (825) 355-0519,University of Aberdeen,2:2,28,May 2019,Stacey Broad
351,Dalis Gambles,Male,31/08/1997,dgambles9q@de.vu,Norton,7 Nevada Park,NN11,+44-578-455-2918,University of Wales College of Medicine,2:2,29,May 2019,Rupert Ripple
352,Sydney Pigot,Male,01/08/1999,spigot9r@ning.com,London,3209 Transport Crossing,EC1V,+44-152-192-5922,Birmingham City University,2:1,29,May 2019,Fifi Etton
353,Jemmie Boome,Female,10/06/1996,jboome9s@answers.com,Sheffield,2356 Prentice Way,S33,+44 161 800 4471,Thames Valley University,2:1,08,May 2019,Stacey Broad
354,Donal Mila,Male,20/09/1999,dmila9t@odnoklassniki.ru,Ashley,53087 Merrick Court,SN13,+44-751-438-2050,Kingston University,2:1,02,May 2019,Gismo Tilling
355,Nicolea Blazynski,Female,08/09/1998,nblazynski9u@canalblog.com,Seaton,6 Loomis Road,LE15,+44 992 381 4912,The Robert Gordon University,2:2,22,May 2019,Stacey Broad
356,Kizzee Pavlata,Female,03/08/1994,kpavlata9v@telegraph.co.uk,Kingston,12 Farmco Pass,DT10,+44 397 550 6570,"School of Pharmacy, University of London",3rd,,,
357,Susie Ciccoloi,Female,12/09/1991,sciccoloi9w@linkedin.com,Milton,8482 Di Loreto Way,NG22,+44 (376) 845-3599,British College of Osteopathic Medicine,2:2,01,May 2019,Bruno Bellbrook
358,Frank Hallward,Male,14/12/2000,fhallward9x@guardian.co.uk,Twyford,7 Hansons Lane,LE14,+44 (213) 496-3100,University of Plymouth,2:2,21,May 2019,Bruno Bellbrook
359,Sigmund Moulin,Male,,smoulin9y@lycos.com,Dean,7 Drewry Center,OX7,+44-226-566-7569,Sheffield Hallam University,2:2,23,May 2019,Bruno Bellbrook
360,Danya Collick,Female,06/09/1996,dcollick9z@mapquest.com,Upton,21426 Main Drive,WF9,+44 (128) 730-2348,Loughborough University,3rd,21,May 2019,Fifi Etton
361,Donalt Kincey,Male,03/05/1993,dkinceya0@europa.eu,East End,4043 Steensland Plaza,BH21,+44-501-566-7324,Sheffield Hallam University,2:1,29,May 2019,Sunny Sladefield
362,Essie Wisher,Female,16/10/1999,ewishera1@telegraph.co.uk,Church End,71543 Bonner Pass,CB4,+44-506-827-0730,University of Abertay Dundee,2:1,,,
363,Jedidiah Bennett,Male,24/09/1993,jbennetta2@infoseek.co.jp,Whitchurch,5 Susan Court,BS14,+44-152-350-2679,"Institute of Latin American Studies, University of London",2:1,22,May 2019,Gismo Tilling
364,Herby Gladdor,Male,11/02/1991,hgladdora3@ftc.gov,Newbiggin,4 Loomis Drive,NE46,+44 769 560 5083,"Institue of Historical Research, University of London",2:2,23,May 2019,Fifi Eton
365,Tessy Spurgeon,Female,30/03/1993,tspurgeona4@webnode.com,London,5 Cottonwood Drive,W1F,+44 841 983 5895,University of Bath,2:2,08,May 2019,Gismo Tilling
366,Karrah Chatters,Female,,,Norton,794 Badeau Hill,NN11,+44 (235) 685-5623,"United Medical and Dental Schools, University of London",2:2,14,May 2019,Fifi Eton
367,Filberto Annis,Male,17/06/1994,fannisa6@ibm.com,,,,+44 (814) 752-3539,University of Sunderland,2:2,16,May 2019,Fifi Eton
368,Burtie Garfitt,Male,30/10/1990,bgarfitta7@bloglovin.com,Newton,375 Oakridge Point,NG34,+44-404-127-2740,University of York,2:1,02,May 2019,Bruno Belbrook
369,Tab Shitliff,Male,07/09/1997,tshitliffa8@amazonaws.com,Glasgow,3966 Cascade Avenue,G4,+44-697-164-4486,University of Bedfordshire,2:2,14,May 2019,Gismo Tilling
370,Allistir Langrick,Male,19/09/1998,alangricka9@merriam-webster.com,London,304 Troy Trail,W1F,,William Gilbert College,2:1,30,May 2019,Stacey Broad
371,Ashley Harmant,Female,26/05/1994,aharmantaa@bandcamp.com,Newton,675 Dryden Plaza,IV1,+44 (719) 321-7292,"Queen Mary and Westfield College, University of London",3rd,14,May 2019,Sunny Sladefield
372,Loree Abbot,Female,08/09/1996,labbotab@plala.or.jp,Pentre,85 Lunder Center,SY4,+44-425-338-3655,"University of Wales, Swansea",2:2,07,May 2019,Fifi Etton
373,Augustus Korba,Male,19/09/1999,akorbaac@baidu.com,Milton,208 Roth Circle,AB56,+44 292 206 8227,University of North London,2:1,14,May 2019,Stacey Broad
374,Corney Kolinsky,Male,21/11/1998,ckolinskyad@google.com,Craigavon,0327 Harbort Crossing,BT66,+44-703-304-2078,University of Westminster,2:1,01,May 2019,Stacey Broad
375,Brooke Cridlin,Male,12/08/1999,bcridlinae@imageshack.us,Upton,527 Saint Paul Point,DN21,+44 220 234 6845,London Institute of Management and Technology,2:1,07,May 2019,Rupert Ripple
376,Haskel Oldroyde,Male,21/08/1998,holdroydeaf@utexas.edu,West End,32 Tennessee Terrace,DN36,+44 590 299 5279,Glasgow School of Art,2:1,29,May 2019,Gismo Tilling
377,Melanie Dawbury,Female,22/04/1991,mdawburyag@slashdot.org,Leeds,8691 Rigney Center,LS6,+44 283 731 3162,University of Wales,3rd,14,May 2019,Rupert Ripple
378,Burnard Antonsson,Male,06/09/1998,bantonssonah@cpanel.net,Charlton,463 Randy Trail,OX12,+44 117 876 5824,Cranfield University,2:2,02,May 2019,Doris Bellasis
379,Saree Schwand,Female,20/04/1996,sschwandai@nytimes.com,Sutton,86 Memorial Way,CT15,+44-844-605-9206,University of St. Andrews,3rd,02,May 2019,Stacey Broad
380,Darrin Perrelle,Male,03/05/2000,dperrelleaj@ucla.edu,London,3 Cody Drive,W1F,+44 (562) 708-7638,"Birkbeck College, University of London",2:1,29,May 2019,Fifi Etton
381,Roze Kyles,Female,24/09/1998,rkylesak@ow.ly,Newton,6469 Meadow Ridge Lane,IV1,+44 195 425 7035,Aga Khan University,2:1,07,May 2019,Rupert Ripple
382,Mylo Capner,Male,17/11/2000,mcapneral@eepurl.com,Normanton,157 Comanche Terrace,LE15,,University of Hull,3rd,,,
383,Janina Muncer,Female,25/05/1990,jmunceram@soup.io,Aberdeen,6 Columbus Way,AB39,+44 593 493 2822,"Institute of Education, University of London",2:2,30,May 2019,Fifi Etton
384,Errol Allderidge,Male,19/05/1990,,Dean,41351 Walton Crossing,OX7,+44-325-470-2811,The Manchester Metropolitan University,2:1,07,May 2019,Sunny Sladefield
385,Scarlett Ciccarello,Female,12/09/1991,,,,,+44-242-108-6774,"Institute of Classical Studies, University of London",2:1,02,May 2019,Doris Bellasis
386,Gun Barrable,Male,16/05/1990,gbarrableap@tinyurl.com,Craigavon,25 Fremont Way,BT66,+44-946-585-4678,,,,,
387,Benson Syncke,Male,27/11/2000,bsynckeaq@desdev.cn,Ford,3282 Ilene Parkway,GL54,+44 (585) 518-2123,University of Northumbria at Newcastle,2:1,01,May 2019,Fifi Eton
388,Halsey Broader,Male,06/08/2000,hbroaderar@t.co,Sheffield,3 CENTER COURT,S1,,University of Oxford,2:1,01,May 2019,Sunny Sladefield
389,Sukey Donisi,Female,16/06/1993,sdonisias@symantec.com,Newton,80 1st Avenue,IV1,+44 (161) 950-8446,"Saint George's Hospital Medical School, University of London",2:1,23,May 2019,Rupert Ripple
390,Marcy Treat,Female,07/03/1998,mtreatat@cdbaby.com,Newtown,53824 Park Meadow Circle,RG20,+44 709 407 5334,Heriot-Watt University,2:1,14,May 2019,Gismo Tilling
391,Yuma Dowry,Male,13/04/1991,ydowryau@theglobeandmail.com,West End,6697 Homewood Court,DN36,,American InterContinental University - London,2:2,02,May 2019,Gismo Tilling
