id,name,gender,dob,email,city,address,postcode,phone_number,uni,degree,invited_date,month,invited_by
1,Lina Arends,Female,11/12/1998,larends0@toplist.cz,Wirral,3 Schiller Way,CH48,+44 (685) 654-1289,University of East London,2:2,,,
2,Fredra Wealthall,Female,12/01/1995,fwealthall1@fda.gov,East End,92613 Dayton Way,BH21,+44 719 914 5888,Camberwell College of Arts,3rd,,,
3,Jedediah Goulter,Male,,jgoulter2@sitemeter.com,London,91570 Bunting Lane,EC3M,+44 176 906 9059,Imperial College School of Medicine,2:1,,,
4,Gabbey Caesman,Female,01/07/1990,gcaesman3@amazon.co.jp,Eaton,647 Hermina Place,DN22,+44 (758) 137-6210,Loughborough University,2:1,13,NOVEMBER 2019,Fifi Etton
5,Morley Battell,Male,10/11/1995,mbattell4@chron.com,Newport,19081 Kings Crossing,NR29,,Keele University,2:2,12,NOVEMBER 2019,Fifi Eton
6,Caryl Acklands,Male,02/01/1996,cacklands5@mayoclinic.com,London,525 Di Loreto Center,SW1E,+44 (657) 373-2236,University of Oxford,2:2,,,
7,Sidnee Hollows,Male,15/04/1993,shollows6@photobucket.com,Merton,03201 Gateway Center,SW19,+44 115 706 5195,,,12,NOVEMBER 2019,Fifi Eton
8,Dorie Speares,Male,21/11/1991,dspeares7@quantcast.com,Birmingham,3086 Brentwood Alley,B40,+44 365 470 8550,University of Plymouth,2:1,14,NOVEMBER 2019,Sunny Sladefield
9,Maurise Miere,Male,29/05/1995,mmiere8@de.vu,Denton,4 Summer Ridge Hill,M34,+44 569 634 3595,Loughborough University,2:1,,,
10,Nicolette Bonehill,Female,14/08/1999,neebee9@addthis.com,East End,589 Columbus Way,BH21,+44-364-359-2606,Cranfield University,2:1,19,NOVEMBER 2019,Rupert Ripple
11,Junie Jeanequin,Female,19/09/1990,jjeanequina@hubpages.com,Newtown,6 Summerview Plaza,RG20,+44 500 590 6974,"University of Wales, Newport",2:2,14,NOVEMBER 2019,Rupert Ripple
12,Cati Geane,Female,06/06/2000,cgeaneb@census.gov,Walton,1364 Bunting Street,CV35,,William Gilbert College,2:2,20,NOVEMBER 2019,Sunny Sladefield
13,Amalee Tomkin,Female,05/04/1994,atomkinc@forbes.com,Dean,2352 Susan Drive,OX7,+44 674 562 6324,"School of Oriental and African Studies, University of London",2:1,12,NOVEMBER 2019,Bruno Bellbrook
14,Dun Peachment,Male,23/04/1996,dpeachmentd@cisco.com,Glasgow,2339 Stoughton Hill,G4,+44-461-412-4107,University of Birmingham,3rd,21,NOVEMBER 2019,Bruno Bellbrook
15,Conny Samms,Female,25/07/1999,csammse@ebay.com,Ashley,41972 Sugar Plaza,SN13,+44 (403) 133-9871,London Metropolitan University,2:2,13,NOVEMBER 2019,Rupert Ripple
16,Mechelle Larkworthy,Female,06/09/1996,mlarkworthyf@altervista.org,Linton,62287 Rockefeller Trail,BD23,+44-843-772-7705,University of Buckingham,2:2,27,NOVEMBER 2019,Gismo Tilling
17,Hale Lazare,Male,09/11/1992,hlazareg@state.tx.us,Newbiggin,71933 Muir Alley,NE46,+44 (550) 307-6070,,,07,NOVEMBER 2019,Stacey Broad
18,Myrna Stiff,Female,31/01/1990,mstiffh@hugedomains.com,Kinloch,99 Prairie Rose Crossing,PH43,+44 434 127 9884,University of Chester,2:1,14,NOVEMBER 2019,Fifi Etton
19,Wyn Donaway,Male,24/09/1995,wdonawayi@about.com,London,4696 Hauk Road,WC1B,+44 (180) 723-2431,"School of Slavonic and East European Studies, University of London",2:1,,,
20,Pearla Trigwell,Female,09/09/1990,ptrigwellj@alexa.com,Wootton,1 Springs Center,NN4,+44-556-705-7136,Southampton Solent University,2:2,12,NOVEMBER 2019,Gismo Tilling
21,Meggie Minchindon,Female,09/08/1993,mminchindonk@ox.ac.uk,Swindon,37838 Welch Trail,SN1,+44 (147) 921-9624,Central Saint Martins College of Art & Design,2:1,,,
22,Monah Brimmacombe,Female,,mbrimmacombel@economist.com,Milton,3 Shopko Terrace,AB56,+44-775-573-2988,Heriot-Watt University,1st,13,NOVEMBER 2019,Gismo Tilling
23,Gaspar Moir,Male,23/03/1994,gmoirm@loc.gov,Tullich,1 Cardinal Parkway,AB55,+44 676 814 1554,Chelsea College of Art and Design,2:1,13,NOVEMBER 2019,Sunny Sladefield
24,Elle Totton,Female,17/06/1999,etottonn@sfgate.com,Weston,65321 Waxwing Road,GU32,+44 663 947 9657,University of London,3rd,21,NOVEMBER 2019,Rupert Ripple
25,Pieter Snozzwell,Male,21/04/2000,psnozzwello@wordpress.com,London,3666 Mandrake Avenue,SW1E,+44 432 150 2740,University of Gloucestershire,2:1,14,NOVEMBER 2019,Stacey Broad
26,Samantha Lanphere,Female,27/03/1991,slanpherep@dion.ne.jp,Preston,73757 Fieldstone Point,PR1,+44 (119) 890-7295,"Royal Free Hospital School of Medicine, University of London",1st,27,NOVEMBER 2019,Bruno Bellbrook
27,Anthiathia Guirau,Female,18/02/1993,aguirauq@mtv.com,Birmingham,71339 Melvin Trail,B40,+44 911 525 2196,Keele University,2:1,05,NOVEMBER 2019,Bruno Bellbrook
28,Farica Kohlert,Female,10/04/1992,fkohlertr@sogou.com,East End,75 North Avenue,BH21,+44-612-416-1231,"United Medical and Dental Schools, University of London",2:1,,,
29,Elfrida Drinan,Female,01/11/1999,edrinans@nih.gov,Leeds,6 Corscot Street,LS6,+44 759 265 1660,Canterbury Christ Church University,2:2,21,NOVEMBER 2019,Bruno Bellbrook
30,Jon McMenamy,Male,03/08/1997,jmcmenamyt@homestead.com,Halton,9 Westridge Alley,LS9,+44 (258) 311-9554,"Queen Mary and Westfield College, University of London",1st,13,NOVEMBER 2019,Gismo Tilling
31,Kimmi Graddell,Female,07/03/1998,kgraddellu@geocities.jp,Aston,912 Kinsman Drive,TF6,+44 (647) 920-1911,University of Hertfordshire,2:1,06,NOVEMBER 2019,Stacey Broad
32,Lindsey Anstey,Male,14/02/1999,lansteyv@intel.com,Belfast,9663 Service Court,BT2,+44 (371) 673-8000,Napier University,3rd,27,NOVEMBER 2019,Fifi Eton
33,Mona Orviss,Female,22/02/1996,morvissw@hubpages.com,Swindon,9319 Ilene Hill,SN1,+44-862-492-8189,"Institute of Latin American Studies, University of London",2:2,19,NOVEMBER 2019,Doris Bellasis
34,Chandler Grinov,Male,21/08/1993,cgrinovx@theglobeandmail.com,Church End,1571 Dahle Parkway,CB4,+44-437-296-2636,University of Greenwich,2:1,20,NOVEMBER 2019,Sunny Sladefield
35,Garry Nornasell,Male,18/03/1994,gnornaselly@meetup.com,Sutton,792 Debs Lane,CT15,+44 477 394 0296,University of Bolton,3rd,05,NOVEMBER 2019,Stacey Broad
36,Everett O'Clery,Male,14/12/1997,eocleryz@ifeng.com,Liverpool,87831 Myrtle Hill,L33,+44 (114) 491-4067,University of Cambridge,2:2,20,NOVEMBER 2019,Fifi Eton
37,Willabella Reddings,Female,12/12/1992,wreddings10@webmd.com,Liverpool,91218 Veith Way,L74,+44 945 323 2709,Glasgow School of Art,3rd,27,NOVEMBER 2019,Rupert Ripple
38,Nigel Gorelli,Male,23/03/1995,ngorelli11@google.nl,Edinburgh,6 Becker Way,EH9,+44 392 927 4062,University of Buckingham,3rd,07,NOVEMBER 2019,Gismo Tilling
39,Serge De Leek,Male,08/02/1998,sde12@liveinternet.ru,Liverpool,80 Randy Avenue,L74,+44 601 458 8445,South Bank University,2:2,26,NOVEMBER 2019,Bruno Bellbrook
40,Ezekiel Himsworth,Male,03/10/1998,ehimsworth13@netlog.com,Wootton,94760 Mockingbird Terrace,NN4,+44 (497) 886-2898,"Schiller International University, London",2:1,05,NOVEMBER 2019,Fifi Etton
41,Aggi Shilling,Female,13/08/1997,ashilling14@google.com,Dean,6447 Del Sol Way,OX7,+44-845-447-7255,De Montfort University Leicester,1st,21,NOVEMBER 2019,Rupert Ripple
42,Ximenes Beckers,Male,21/05/1995,xbeckers15@trellian.com,Sheffield,61 Meadow Vale Point,S1,+44 (760) 568-3022,University of Essex,2:1,06,NOVEMBER 2019,Bruno Bellbrook
43,Mabel Wattins,Female,13/02/1994,mwattins16@google.de,Sutton,116 Fulton Lane,CT15,+44-633-252-3328,Birmingham City University,2:2,27,NOVEMBER 2019,Bruno Bellbrook
44,Faun Cabrer,Female,02/05/1995,fcabrer17@google.ru,Belfast,980 Tennessee Alley,BT2,,Liverpool Hope University College,1st,,,
45,Saleem Whimper,Male,13/01/1991,swhimper18@amazon.de,Birmingham,865 Nevada Court,B40,+44 (238) 445-7024,London Institute of Management and Technology,2:1,07,NOVEMBER 2019,Rupert Ripple
46,Inigo Scholler,Male,04/04/1999,ischoller19@wiley.com,Milton,12 Orin Trail,NG22,+44-982-203-5295,Aga Khan University,2:1,07,NOVEMBER 2019,Doris Bellasis
47,Johannes Snarie,Male,25/07/1990,jsnarie1a@fc2.com,Bristol,7107 Hooker Center,BS41,+44 286 442 5327,University of Newcastle-upon-Tyne,2:1,,,
48,Isahella Swindells,,14/05/1995,iswindells1b@amazon.co.jp,Pentre,58 Hermina Road,SY4,+44 533 161 7794,The American University in London,3rd,19,NOVEMBER 2019,Rupert Ripple
49,Sim Baudains,Male,11/09/1993,sbaudains1c@gov.uk,Wootton,13 Becker Junction,NN4,+44 (131) 697-3892,Middlesex University,2:2,12,NOVEMBER 2019,Stacey Broad
50,Renae Mackerel,Female,14/05/1991,rmackerel1d@tripadvisor.com,Wirral,8 Donald Lane,CH48,+44 (116) 136-9720,University of Reading,1st,,,
51,Garvy Dinsdale,Male,17/10/1991,gdinsdale1e@nature.com,Ford,6712 Twin Pines Way,GL54,+44 586 195 8757,Oxford Brookes University,3rd,28,NOVEMBER 2019,Gismo Tilling
52,Benton Cullen,Male,19/02/1999,bcullen1f@ucoz.com,Newton,79 Emmet Way,IV1,+44 (715) 896-5861,Warnborough University,2:2,27,NOVEMBER 2019,Stacey Broad
53,Adria Raiker,Female,20/03/1995,araiker1g@trellian.com,Milton,4 Bay Road,NG22,+44 (621) 560-5326,International Centre for Isclamic Science,3rd,20,NOVEMBER 2019,Sunny Sladefield
54,Chrysa Guildford,Female,28/06/1994,cguildford1h@meetup.com,Whitchurch,49776 Tennessee Hill,BS14,+44 (890) 483-4412,"Institute of Classical Studies, University of London",2:2,05,NOVEMBER 2019,Rupert Ripple
55,Tadd Vallerine,Male,14/11/2000,tvallerine1i@networkadvertising.org,Ford,553 Monument Crossing,GL54,+44 100 475 5523,Keele University,2:1,27,NOVEMBER 2019,Gismo Tilling
56,Prince Benner,Male,27/01/1998,pbenner1j@facebook.com,Sheffield,33 Barnett Circle,S1,+44-446-844-5593,University of Plymouth,2:2,,,
57,Sharron Starling,Female,03/01/1992,sstarling1k@examiner.com,Horton,2290 Londonderry Street,BS37,+44 631 689 9456,Staffordshire University,2:1,26,NOVEMBER 2019,Sunny Sladefield
58,Charla Rillett,Female,27/05/1996,crillett1l@newyorker.com,Sheffield,1868 Sunnyside Park,S1,,University of London,1st,26,NOVEMBER 2019,Sunny Sladefield
59,Daffi Flaune,Female,14/03/1995,dflaune1m@mysql.com,,,,+44 694 334 7736,"Warburg Institute, University of London",2:1,07,NOVEMBER 2019,Doris Bellasis
60,Melodie Parbrook,Female,06/08/1996,mparbrook1n@google.fr,Bradford,41 Fordem Hill,BD7,+44-909-966-3730,"Warburg Institute, University of London",3rd,,,
61,Pooh Greatrex,Female,28/09/2000,pgreatrex1o@biblegateway.com,Horton,10 Manley Trail,BS37,+44-262-593-2373,Sotheby´s Institute of Art - London,2:2,20,NOVEMBER 2019,Bruno Bellbrook
62,Bethany Challicum,Female,28/01/1991,bchallicum1p@pbs.org,Walton,5 Grover Trail,CV35,+44-897-562-9109,International Centre for Isclamic Science,1st,21,NOVEMBER 2019,Doris Bellasis
63,Nancie Jameson,Female,14/03/1990,njameson1q@businesswire.com,Aston,70 Holy Cross Place,TF6,+44-149-426-4988,University of Plymouth,1st,21,NOVEMBER 2019,Sunny Sladefield
64,Sheff Gabbett,Male,18/02/1997,sgabbett1r@howstuffworks.com,Manchester,5765 Mariners Cove Road,M14,+44 922 706 7637,Brunel University Uxbridge,2:1,,,
65,Leann Owbridge,Female,11/11/1996,lowbridge1s@biblegateway.com,Newtown,7867 School Court,RG20,+44-729-268-9812,Canterbury Christ Church University,3rd,,,
66,Maegan Chadd,Female,10/07/1991,mchadd1t@adobe.com,Kirkton,75 Birchwood Road,KW10,+44-441-498-2197,Royal Holloway and Bedford New College,2:1,26,NOVEMBER 2019,Fifi Etton
67,Claudelle Vasnetsov,Female,05/11/1992,cvasnetsov1u@home.pl,Upton,09439 Heffernan Circle,WF9,+44-349-232-1624,University of Bath,2:1,27,NOVEMBER 2019,Gismo Tilling
68,Clari Fawke,Female,,cfawke1v@cafepress.com,Milton,628 Shelley Lane,AB56,+44 (482) 228-8283,University of Bradford,2:2,,,
69,Ulrick Swane,Male,07/05/1990,uswane1w@ca.gov,Norton,518 Dexter Place,NN11,+44 (689) 765-8501,Huron University USA in London,2:1,26,NOVEMBER 2019,Bruno Bellbrook
70,Arne Dybell,Male,,adybell1x@nsw.gov.au,Newton,58 Kensington Hill,NG34,+44-648-592-9567,University of Hull,2:2,20,NOVEMBER 2019,Stacey Broad
71,Meade Isakovic,Male,05/12/1993,misakovic1y@engadget.com,Newport,773 Charing Cross Avenue,NR29,+44 (903) 142-3566,Imperial College School of Medicine,2:1,21,NOVEMBER 2019,Sunny Sladefield
72,Waring Ilsley,Male,07/05/1995,wilsley1z@abc.net.au,Brampton,8 Northwestern Terrace,NR34,,"University of the West of England, Bristol",2:1,06,NOVEMBER 2019,Sunny Sladefield
73,Lindy Croyden,Male,24/01/1990,lcroyden20@webmd.com,Burnside,95 Fairfield Point,EH52,+44-744-294-0274,Aga Khan University,2:2,14,NOVEMBER 2019,Fifi Etton
74,Rebekah Sugge,Female,11/12/2000,rsugge21@alexa.com,Birmingham,59154 Kim Pass,B40,+44-260-745-8860,,,19,NOVEMBER 2019,Rupert Ripple
75,Lorne Farrand,Male,21/10/1992,lfarrand22@independent.co.uk,Kinloch,303 Jackson Way,PH43,+44-160-915-6658,University of Birmingham,1st,07,NOVEMBER 2019,Doris Bellasis
76,Frasco Ekkel,Male,,fekkel23@toplist.cz,Linton,6 Superior Hill,BD23,+44 (308) 232-4665,,,05,NOVEMBER 2019,Fifi Eton
77,Kylie Dalmon,Female,23/10/1992,kdalmon24@tripod.com,Seaton,83 Merchant Avenue,LE15,+44 (449) 564-8678,London Institute of Management and Technology,2:2,27,NOVEMBER 2019,Gismo Tilling
78,Chancey Parton,Male,10/02/1992,cparton25@shinystat.com,Sheffield,63 Russell Pass,S33,+44 (357) 516-1473,University of East Anglia,2:2,05,NOVEMBER 2019,Gismo Tilling
79,Annora Mensler,Female,30/06/1991,amensler26@craigslist.org,Sheffield,12 MILWAUKEE CIRCLE,S33,+44-700-730-9330,"Birkbeck College, University of London",2:2,20,NOVEMBER 2019,Rupert Ripple
80,Hallie Bentke,Female,06/03/2000,hbentke27@clickbank.net,Upton,4254 Anhalt Circle,DN21,+44 (127) 486-1421,Glasgow School of Art,1st,12,NOVEMBER 2019,Bruno Bellbrook
81,Trudie Syers,Female,27/06/1999,tsyers28@digg.com,Burnside,37312 Loeprich Trail,EH52,+44 (205) 912-9196,Roehampton University of Surrey,1st,14,NOVEMBER 2019,Sunny Sladefield
82,Heidie Zanetto,Female,10/07/1995,hzanetto29@privacy.gov.au,Linton,00 Butterfield Crossing,BD23,+44 915 818 1963,University of Lincoln,2:2,12,NOVEMBER 2019,Gismo Tilling
83,Lezley Pelerin,Male,05/05/2000,lpelerin2a@qq.com,Newport,13820 Mesta Trail,NR29,+44 (725) 291-9263,"Queen Mary and Westfield College, University of London",1st,14,NOVEMBER 2019,Stacey Broad
84,ABBI MULVIHILL,Female,15/11/1999,,,,,+44 (478) 587-7925,Huron University USA in London,1st,06,NOVEMBER 2019,Stacey Broad
85,Konstanze Trynor,Female,10/01/1992,ktrynor2c@storify.com,Buckland,654 JOHNSON PARK,CT16,+44 423 984 2278,University of Dundee,1st,27,NOVEMBER 2019,Sunny Sladefield
86,Giff Dukes,Male,30/01/1990,gdukes2d@nba.com,Kirkton,449 Troy Plaza,KW10,+44 135 288 4395,University of Central Lancashire,2:2,26,NOVEMBER 2019,Rupert Ripple
87,Costanza Hissett,Female,03/12/1998,chissett2e@jalbum.net,Upton,24789 Bunker Hill Pass,DN21,+44-809-242-0131,"Institute of Latin American Studies, University of London",1st,,,
88,Rory Decent,Male,06/08/2000,rdecent2f@ocn.ne.jp,Halton,22072 Fisk Pass,LS9,+44 (764) 398-8645,Chelsea College of Art and Design,3rd,,,
89,Hashim Jollye,Male,27/04/1994,hjollye2g@digg.com,Newton,94714 Lakewood Gardens Crossing,IV1,+44 (300) 334-4076,University of Manchester,3rd,20,NOVEMBER 2019,Bruno Bellbrook
90,Gaile Mallabund,Male,08/02/1994,gmallabund2h@senate.gov,Buckland,29051 Pawling Pass,CT16,,University of Cambridge,3rd,,,
91,Dorisa Gerrit,Female,,dgerrit2i@cyberchimps.com,Buckland,826 Morningstar Hill,CT16,,London School of Jewish Studies,2:1,07,NOVEMBER 2019,Doris Bellasis
92,Will Cossum,Male,25/05/1993,,Birmingham,88 Westport Street,B40,+44 977 124 3095,Buckinghamshire New University,2:1,27,NOVEMBER 2019,Doris Bellasis
93,Livvie Schneidau,Female,21/10/1998,lschneidau2k@trellian.com,Norton,029 Cody Park,S8,+44 (104) 703-8949,University of Dundee,2:2,20,NOVEMBER 2019,Gismo Tilling
94,Yvon Fry,Male,13/11/1997,yfry2l@bloglines.com,Kirkton,77 Northland Court,KW10,,Thames Valley University,2:2,14,NOVEMBER 2019,Doris Bellasis
95,Christa Troughton,Female,,ctroughton2m@google.fr,Pentre,43501 Crownhardt Junction,SY4,+44-462-814-1091,University of Chester,2:1,13,NOVEMBER 2019,Sunny Sladefield
96,Consuelo Pengelley,Female,13/09/1996,cpengelley2n@noaa.gov,Norton,790 Westport Alley,NN11,+44 371 243 2513,University of Derby,2:2,27,NOVEMBER 2019,Sunny Sladefield
97,Jourdain Bertlin,Male,30/11/1997,jbertlin2o@fda.gov,Milton,6 Golf Parkway,NG22,+44-328-236-8366,"Heythrop College, University of London",2:1,20,NOVEMBER 2019,Stacey Broad
98,Ansel Randerson,Male,19/07/1990,aranderson2p@dell.com,London,9322 North Terrace,W1F,+44 (112) 706-2553,University of Glasgow,2:2,07,NOVEMBER 2019,Fifi Eton
99,Madison Getch,Male,02/04/1992,mgetch2q@google.com,Tullich,203 Carberry Parkway,AB55,+44 510 715 5077,University of Huddersfield,3rd,12,NOVEMBER 2019,Fifi Etton
100,Aube Benkhe,Male,10/11/1999,abenkhe2r@t-online.de,Middleton,3559 Crownhardt Court,LE16,+44-327-335-0761,University of Glasgow,2:1,28,NOVEMBER 2019,Gismo Tilling
101,Koralle Bartocci,Female,06/05/1994,kbartocci2s@twitpic.com,Upton,361 Haas Avenue,WF9,+44 (739) 476-7384,University of Newcastle-upon-Tyne,3rd,27,NOVEMBER 2019,Rupert Ripple
102,Aimee Pedrazzi,Female,16/02/1992,apedrazzi2t@pcworld.com,Horton,177 Clove Point,BS37,+44-181-836-0536,Nottingham Trent University,2:2,14,NOVEMBER 2019,Sunny Sladefield
103,Elbert Nightingale,Male,,enightingale2u@netvibes.com,Pentre,325 Anniversary Parkway,SY4,,Imperial College School of Medicine,2:1,27,NOVEMBER 2019,Rupert Ripple
104,Aaron Bowers,Male,08/05/2000,abowers2v@umn.edu,Kinloch,01676 Mockingbird Street,PH43,+44 857 587 5195,"Institute of Germanic Studies, University of London",2:2,,,
105,Kermy Allsep,Male,26/04/1993,kallsep2w@creativecommons.org,Kingston,350 Pierstorff Trail,DT10,+44-969-863-9438,University of Stirling,1st,,,
106,Zea Bruni,Female,28/02/1995,zbruni2x@hexun.com,Tullich,83644 Elmside Crossing,AB55,+44 741 216 6160,City University,1st,,,
107,Bibbie Gosford,Female,08/04/1995,bgosford2y@etsy.com,Linton,618 Mosinee Place,BD23,+44 782 193 3612,"University of Halifax, Birmingham Campus",2:2,27,NOVEMBER 2019,Rupert Ripple
108,Horatia Durham,Female,21/03/1994,hdurham2z@last.fm,East End,32 Vidon Hill,BH21,+44-644-602-4337,"King's College London, University of London",1st,,,
109,Fin Lung,Male,25/02/1992,flung30@pbs.org,Craigavon,54341 Oxford Alley,BT66,+44-403-859-5011,University of Bath,2:2,28,NOVEMBER 2019,Stacey Broad
110,Mordy Karlsson,Male,01/04/1995,mkarlsson31@umich.edu,Upton,35 Sage Junction,WF9,+44 (662) 694-8203,Cardiff University,2:1,20,NOVEMBER 2019,Rupert Ripple
111,Emmalee Peaple,Female,07/08/1992,epeaple32@google.ru,Birmingham,6037 Stoughton Road,B40,+44 818 255 0675,City University,2:1,13,NOVEMBER 2019,Sunny Sladefield
112,Tabbatha Dendon,Female,06/01/1991,tdendon33@archive.org,Milton,82 Dovetail Junction,NG22,+44 584 628 0611,University of Wales,2:2,21,NOVEMBER 2019,Fifi Eton
113,Lorita Litchmore,Female,28/09/1997,llitchmore34@naver.com,Linton,719 Truax Road,BD23,+44 (384) 282-4814,University Campus Suffolk,1st,14,NOVEMBER 2019,Sunny Sladefield
114,Palmer Monsey,Male,17/04/1993,pmonsey35@ovh.net,Seaton,4 Bunting Place,LE15,+44 165 480 1876,"University of Wales, Newport",1st,,,
115,Cinnamon Rowe,Female,22/01/1991,crowe36@mac.com,Ford,36814 Sunfield Center,GL54,+44 328 912 1587,University of Portsmouth,2:2,26,NOVEMBER 2019,Bruno Bellbrook
116,Priscella Akaster,Female,29/09/1993,pakaster37@nifty.com,Buckland,06 Erie Lane,CT16,+44 (568) 228-2817,Leeds Metropolitan University,1st,27,NOVEMBER 2019,Bruno Bellbrook
117,Stewart Lock,Male,22/03/1995,slock38@skyrock.com,Weston,992 Hoepker Court,GU32,+44-827-768-8475,University of Essex,2:1,06,NOVEMBER 2019,Fifi Eton
118,Shandie Muir,Female,06/07/1992,smuir39@alexa.com,Bristol,9 Forest Hill,BS41,,Warnborough University,2:1,28,NOVEMBER 2019,Doris Bellasis
119,Trixie MacMechan,Female,23/05/1991,tmacmechan3a@mit.edu,Aston,71075 Red Cloud Court,TF6,+44 395 417 6184,The American University in London,1st,20,NOVEMBER 2019,Bruno Bellbrook
120,Dwain Busby,Male,03/04/1997,dbusby3b@oakley.com,Charlton,890 Waywood Junction,OX12,+44-579-922-9597,Middlesex University,2:1,20,NOVEMBER 2019,Bruno Bellbrook
121,Reinhard Lapworth,Male,31/03/1992,rlapworth3c@studiopress.com,Wootton,4772 Sheridan Pass,NN4,+44-181-815-4451,"Institute of Advanced Legal Studies, University of London",1st,,,
122,Florinda Eakle,Female,11/10/1992,feakle3d@issuu.com,Halton,0 Nova Place,LS9,+44 503 633 4201,University of Leeds,2:1,06,NOVEMBER 2019,Bruno Bellbrook
123,Teirtza Docharty,Female,31/10/2000,tdocharty3e@plala.or.jp,Merton,6483 Forest Dale Court,SW19,+44-148-836-6079,"Schiller International University, London",2:1,19,NOVEMBER 2019,Sunny Sladefield
124,Si Warry,Male,21/12/1994,swarry3f@infoseek.co.jp,Norton,4 Little Fleur Hill,S8,+44 (972) 564-4093,Anglia Ruskin University,2:2,,,
125,Pollyanna Meak,Female,11/01/1998,pmeak3g@nhs.uk,Hatton,742 Valley Edge Hill,CV35,+44 (565) 850-4704,William Gilbert College,1st,14,NOVEMBER 2019,Sunny Sladefield
126,Murvyn Aers,Male,15/03/1999,maers3h@washingtonpost.com,Sutton,64064 Clarendon Trail,CT15,+44 554 978 1376,University of Greenwich,2:2,12,NOVEMBER 2019,Fifi Eton
127,Silvana Chatainier,Female,08/06/1991,schatainier3i@artisteer.com,Charlton,397 Tennessee Plaza,OX12,+44 (290) 948-8385,"University of Wales, Newport",2:1,,,
128,Vincents Prigg,Male,17/09/1999,vprigg3j@indiegogo.com,Aston,44743 Monument Place,TF6,+44 (966) 858-6548,Wimbledon School of Art,3rd,14,NOVEMBER 2019,Gismo Tilling
129,Nappy Vasilmanov,Male,08/05/2000,nvasilmanov3k@hao123.com,Edinburgh,67 Anhalt Court,EH9,+44 (706) 997-3846,Sheffield Hallam University,2:1,,,
130,Marshal Darycott,Male,23/05/1997,mdarycott3l@dion.ne.jp,Upton,67068 Monterey Court,DN21,+44 359 824 6533,"Institue of Historical Research, University of London",2:2,05,NOVEMBER 2019,Doris Bellasis
131,Aggie Reinmar,Female,,areinmar3m@webnode.com,Seaton,9 Mesta Place,LE15,+44 935 672 3062,University of Westminster,2:2,14,NOVEMBER 2019,Stacey Broad
132,Rosy Osband,Female,05/07/2000,rosband3n@flavors.me,Ashley,60131 Hazelcrest Crossing,SN13,+44 398 259 0258,Cardiff University,1st,07,NOVEMBER 2019,Stacey Broad
133,Phebe Benfield,Female,30/04/1996,pbenfield3o@whitehouse.gov,Belfast,94731 Montana Center,BT2,+44 (113) 353-6040,University of Manchester,2:2,14,NOVEMBER 2019,Fifi Etton
134,Bamby Halksworth,,18/04/1998,bhalksworth3p@nsw.gov.au,Manchester,8 Sunnyside Court,M14,+44-998-676-2403,University of Strathclyde,3rd,21,NOVEMBER 2019,Fifi Etton
135,GRIFF CHAD,Male,30/09/1997,gchad3q@walmart.com,Buckland,5865 Sage Plaza,CT16,,University of Northampton,1st,,,
136,Eduardo Felgate,Male,10/10/2000,efelgate3r@walmart.com,Weston,70 Artisan Plaza,GU32,+44 153 769 0643,University of Edinburgh,2:1,,,
137,Elvyn Lyburn,Male,09/05/2000,elyburn3s@omniture.com,Bristol,1363 Warrior Alley,BS41,+44 (255) 751-0135,University of Lancaster,2:2,13,NOVEMBER 2019,Doris Bellasis
138,Carola Andrews,Female,14/07/1990,candrews3t@blogtalkradio.com,Pentre,363 Shelley Plaza,SY4,+44 (264) 836-0969,Imperial College School of Medicine,2:1,06,NOVEMBER 2019,Stacey Broad
139,Bil Pears,Male,06/12/1999,bpears3u@cmu.edu,Horton,27 Hooker Junction,BS37,+44 377 563 7363,Newport International University,2:1,27,NOVEMBER 2019,Fifi Etton
140,Manfred Dmitrovic,Male,26/04/1992,mdmitrovic3v@bizjournals.com,Liverpool,72175 4th Street,L33,+44-267-974-8218,Napier University,2:1,13,NOVEMBER 2019,Gismo Tilling
141,Jolyn Bromilow,Female,01/06/2000,jbromilow3w@washingtonpost.com,Twyford,4465 Northfield Drive,LE14,+44 (755) 804-0918,Napier University,2:1,07,NOVEMBER 2019,Fifi Eton
142,Latashia Brampton,Female,01/02/2000,lbrampton3x@diigo.com,Merton,9 Brentwood Parkway,SW19,+44 640 626 9610,University of Exeter,2:2,28,NOVEMBER 2019,Stacey Broad
143,Ingamar Mackrell,Male,13/05/2000,imackrell3y@illinois.edu,Norton,4 Little Fleur Avenue,NN11,+44 (141) 226-9317,University of Liverpool,2:1,13,NOVEMBER 2019,Bruno Bellbrook
144,Lamont Gon,Male,03/02/1992,lgon3z@hubpages.com,Kirkton,27247 Namekagon Junction,KW10,+44-295-222-3565,Glasgow School of Art,2:1,,,
145,Reynolds Braiden,Male,11/01/1995,rbraiden40@mozilla.com,Middleton,2622 Dunning Avenue,LE16,+44 (207) 889-9827,University of Huddersfield,2:1,07,NOVEMBER 2019,Doris Bellasis
146,Desirae Yashnov,Female,17/08/1995,dyashnov41@scientificamerican.com,Norton,75 Barnett Street,S8,+44 (826) 362-4005,Sheffield Hallam University,3rd,,,
147,Tabitha Pickavance,Female,20/12/1990,tpickavance42@chicagotribune.com,Ashley,935 Sunfield Alley,SN13,+44 (936) 799-3170,"School of Oriental and African Studies, University of London",2:1,,,
148,Lib Halliburton,Female,,lhalliburton43@moonfruit.com,Belfast,5 Canary Plaza,BT2,+44-424-730-3558,University of Derby,2:1,28,NOVEMBER 2019,Doris Bellasis
149,Nathanael Demaid,Male,07/09/1992,ndemaid44@uol.com.br,Ford,286 Fallview Center,GL54,+44-781-894-2613,Central Saint Martins College of Art & Design,1st,20,NOVEMBER 2019,Rupert Ripple
150,Selma O'Brogane,Female,11/03/1999,sobrogane45@1688.com,Newbiggin,8911 Northfield Crossing,NE46,+44 (878) 472-0426,,,12,NOVEMBER 2019,Gismo Tilling
151,Woody Swyer-Sexey,Male,05/03/1998,wswyersexey46@qq.com,Newton,34222 Hovde Drive,NG34,+44 (144) 122-5465,Swansea Metropolitan University,1st,14,NOVEMBER 2019,Rupert Ripple
152,Archibold Spikeings,Male,12/11/1994,aspikeings47@baidu.com,Newport,48 Stang Center,NR29,+44-347-943-2501,University of Southampton,3rd,06,NOVEMBER 2019,Stacey Broad
153,Patricio Dyter,Male,03/01/1993,pdyter48@ted.com,Eaton,20039 Roth Alley,DN22,+44 851 780 3181,Staffordshire University,3rd,27,NOVEMBER 2019,Doris Bellasis
154,Murray Armfirld,Male,09/09/2000,marmfirld49@ocn.ne.jp,Milton,323 Truax Way,NG22,+44 309 324 7308,University of Plymouth,2:1,12,NOVEMBER 2019,Rupert Ripple
155,Michele Bristowe,Female,12/06/1995,,Pentre,1099 Moland Lane,SY4,+44 (473) 951-8471,Coventry University,2:1,27,NOVEMBER 2019,Fifi Etton
156,Yuma Mishow,Male,,ymishow4b@homestead.com,Swindon,5 NOBEL CROSSING,SN1,+44 875 425 2584,University of Southampton,2:2,,,
157,Zilvia Byrcher,Female,03/09/1999,zbyrcher4c@over-blog.com,Weston,3695 Mandrake Pass,GU32,+44-890-299-4662,University of Paisley,2:1,05,NOVEMBER 2019,Sunny Sladefield
158,Rosalinda Clutten,Female,08/12/1990,,Newton,2 Laurel Trail,NG34,+44-281-804-4237,Open University,2:1,06,NOVEMBER 2019,Bruno Bellbrook
159,Donalt Pinkstone,Male,30/01/1995,dpinkstone4e@cnn.com,Milton,2534 Pierstorff Terrace,AB56,+44 857 921 8990,University of Bristol,2:1,28,NOVEMBER 2019,Bruno Bellbrook
160,Mose Bolle,Male,,mbolle4f@surveymonkey.com,Walton,52160 Northridge Circle,CV35,,"Institute of Classical Studies, University of London",2:2,06,NOVEMBER 2019,Rupert Ripple
161,Rafaelia Cowe,Female,02/01/1997,rcowe4g@baidu.com,Liverpool,2637 Messerschmidt Way,L33,+44-377-809-7586,Camberwell College of Arts,2:2,28,NOVEMBER 2019,Bruno Bellbrook
162,Silvano Snap,Male,,ssnap4h@weibo.com,Stapleford,1388 Russell Parkway,LN6,+44 460 901 9553,University of Northumbria at Newcastle,2:2,20,NOVEMBER 2019,Fifi Etton
163,Alyse Thiese,Female,29/08/1997,athiese4i@netscape.com,Whitwell,498 Delladonna Park,DL10,+44 963 722 6243,"Royal Free Hospital School of Medicine, University of London",3rd,07,NOVEMBER 2019,Sunny Sladefield
164,Gamaliel Riccardo,Male,15/07/1994,griccardo4j@youku.com,Stapleford,61 Thierer Lane,LN6,+44 (941) 828-6785,University of Bradford,2:1,,,
165,La verne Shasnan,Female,27/03/1994,lverne4k@bloglines.com,Kirkton,65517 Badeau Street,KW10,+44-286-601-2976,Liverpool Hope University College,2:2,,,
166,Channa Piser,Female,22/08/1996,cpiser4l@canalblog.com,Sheffield,7 Bobwhite Alley,S33,+44-116-673-4718,University of Central Lancashire,2:2,21,NOVEMBER 2019,Stacey Broad
167,Kanya Jobling,Female,21/12/1997,kjobling4m@bing.com,Craigavon,2851 Blue Bill Park Place,BT66,+44 (834) 501-4260,University of Durham,3rd,26,NOVEMBER 2019,Doris Bellasis
168,Jaquith Itschakov,Female,09/05/1996,jitschakov4n@github.io,Pentre,1 Huxley Street,SY4,+44-921-853-5808,Warnborough University,2:2,,,
169,Lucias Haggarty,Male,21/05/1991,lhaggarty4o@drupal.org,Upton,655 Parkside Place,WF9,+44-332-365-5002,"St.Patrick's International College, London",2:1,12,NOVEMBER 2019,Doris Bellasis
170,Yevette Rubega,Female,29/04/1999,yrubega4p@blinklist.com,Pentre,0110 Arapahoe Plaza,SY4,+44 183 621 2956,Glasgow School of Art,3rd,,,
171,Tuckie Postgate,Male,09/08/1997,tpostgate4q@yandex.ru,Burnside,7 Farmco Court,EH52,+44 285 900 1133,Loughborough University,2:2,28,NOVEMBER 2019,Sunny Sladefield
172,Maitilde Blabey,Female,08/12/1990,,Craigavon,5 Mifflin Drive,BT66,+44 840 199 2679,University of Bolton,2:2,26,NOVEMBER 2019,Doris Bellasis
173,Murvyn Blakeborough,Male,19/05/2000,mblakeborough4s@biglobe.ne.jp,London,669 Surrey Avenue,W1F,+44 (345) 714-0777,Central Saint Martins College of Art & Design,2:1,21,NOVEMBER 2019,Gismo Tilling
174,Bev Ferri,Male,28/12/1999,bferri4t@harvard.edu,Ford,2 Valley Edge Street,GL54,+44-585-184-0278,The American University in London,2:2,19,NOVEMBER 2019,Stacey Broad
175,Alexei Grubbe,Male,12/08/1996,agrubbe4u@meetup.com,Aston,215 Hoepker Street,TF6,+44 (169) 547-6186,London Business School,2:2,20,NOVEMBER 2019,Bruno Bellbrook
176,Angeli Meran,Male,05/03/1991,ameran4v@ftc.gov,Craigavon,03589 STUART JUNCTION,BT66,+44-210-946-2531,Cranfield University,2:2,,,
177,Garrick Yakobovicz,Male,09/02/1993,gyakobovicz4w@sina.com.cn,London,8381 Atwood Lane,EC3M,+44 (681) 689-5946,Royal Holloway and Bedford New College,2:2,07,NOVEMBER 2019,Gismo Tilling
178,Efren Dumbleton,Male,07/01/1996,edumbleton4x@trellian.com,Upton,11586 Nancy Plaza,DN21,+44 655 906 2733,University of Westminster,2:1,,,
179,Rois Tames,Female,20/03/1998,rtames4y@ycombinator.com,Newton,3 Valley Edge Avenue,IV1,+44 674 193 7889,Camberwell College of Arts,2:1,27,NOVEMBER 2019,Gismo Tilling
180,DERBY MCGLASHAN,Male,08/05/1994,dmcglashan4z@amazon.com,Carlton,04 Goodland Alley,DL8,+44-578-329-7911,University of Ulster,2:1,20,NOVEMBER 2019,Fifi Eton
181,Pall McCluin,Male,22/03/1995,pmccluin50@irs.gov,Pentre,9 Heath Place,SY4,,University of Plymouth,2:2,21,NOVEMBER 2019,Doris Bellasis
182,Ludvig La Grange,Male,03/04/1995,lla51@google.it,Norton,0 Anthes Park,NN11,+44 (355) 738-6723,University of Sunderland,2:1,12,NOVEMBER 2019,Rupert Ripple
183,Juliane Jacobssen,Female,04/12/2000,jjacobssen52@fc2.com,Liverpool,11 Logan Hill,L74,+44-179-945-7822,University of Paisley,2:1,14,NOVEMBER 2019,Rupert Ripple
184,Vivianne Folliss,Female,12/09/1999,vfolliss53@mapquest.com,Sutton,6147 Iowa Point,RH5,+44 674 659 8938,Nottingham Trent University,3rd,26,NOVEMBER 2019,Rupert Ripple
185,Junie Rammell,Female,02/06/1993,jrammell54@cdc.gov,Kirkton,13458 Ilene Hill,KW10,+44 (193) 275-8369,"Birkbeck College, University of London",2:2,13,NOVEMBER 2019,Sunny Sladefield
186,Carrie Jacquemard,Female,29/06/1996,cjacquemard55@springer.com,Birmingham,7300 Randy Road,B12,,University of St. Andrews,1st,27,NOVEMBER 2019,Stacey Broad
187,Joice Stennet,Female,10/04/1994,jstennet56@hubpages.com,Ford,7 Farmco Circle,GL54,+44 (986) 722-0715,"School of Slavonic and East European Studies, University of London",2:1,05,NOVEMBER 2019,Stacey Broad
188,Audie Pearman,Female,05/04/1998,apearman57@ezinearticles.com,West End,2 Bayside Parkway,DN36,+44-643-374-8131,,,21,NOVEMBER 2019,Bruno Bellbrook
189,Horatia Tresise,Female,15/04/1997,htresise58@smugmug.com,Whitwell,8 Packers Plaza,DL10,+44-617-755-6603,University of Huddersfield,2:2,28,NOVEMBER 2019,Stacey Broad
190,Starlene Searchfield,Female,12/06/2000,ssearchfield59@zdnet.com,West End,6 Elka Terrace,DN36,+44 347 159 8539,University of Nottingham,2:1,,,
191,Shae Di Ruggiero,Female,22/03/1998,sdi5a@oaic.gov.au,Church End,180 Hudson Crossing,CB4,+44-541-642-8567,University of Reading,2:1,13,NOVEMBER 2019,Sunny Sladefield
192,Bald Mahaddie,Male,27/03/1991,bmahaddie5b@marketwatch.com,Liverpool,54668 Pepper Wood Road,L33,,University of Glamorgan,2:1,,,
193,Alexandro Van Hesteren,Male,31/03/1997,avan5c@toplist.cz,London,99 Upham Park,WC1B,+44 778 711 1157,University of Paisley,2:1,,,
194,Justino Di Biasi,Male,04/08/1990,jdi5d@ihg.com,Stapleford,4 Spaight Pass,LN6,+44 (594) 472-7347,"Institute of Education, University of London",3rd,07,NOVEMBER 2019,Rupert Ripple
195,Ferrell Iacobini,Male,21/08/1991,fiacobini5e@arstechnica.com,Milton,63811 Fairfield Parkway,NG22,+44 276 778 4108,University of Strathclyde,2:2,20,NOVEMBER 2019,Gismo Tilling
196,Cacilie Rewcassell,Female,04/09/1995,crewcassell5f@mayoclinic.com,Marston,73 Dwight Parkway,ST20,+44 842 279 0978,University of Ulster,2:2,19,NOVEMBER 2019,Doris Bellasis
197,Tyler Traynor,Male,11/11/1993,ttraynor5g@chicagotribune.com,Dean,14 Briar Crest Parkway,OX7,,"Institute of Education, University of London",3rd,05,NOVEMBER 2019,Stacey Broad
198,Kristin Bardill,Female,01/08/2000,kbardill5h@seesaa.net,Edinburgh,2936 Shoshone Road,EH9,+44 462 558 5311,University of Lancaster,2:2,07,NOVEMBER 2019,Sunny Sladefield
199,Elfrieda Becraft,Female,21/11/1998,ebecraft5i@ehow.com,Linton,507 Hanson Plaza,BD23,+44 (731) 638-2663,University of Sunderland,2:1,21,NOVEMBER 2019,Doris Bellasis
200,Ethyl Roon,Female,19/12/1994,eroon5j@cmu.edu,Upton,3 Surrey Road,WF9,+44 (171) 997-9157,"King's College London, University of London",2:1,,,
201,Jayme Lieber,Male,20/09/1990,jlieber5k@smh.com.au,Linton,50092 Sunfield Avenue,BD23,,,,12,NOVEMBER 2019,Doris Bellasis
202,Syman Guynemer,Male,02/03/1993,sguynemer5l@1688.com,East End,67 Sunbrook Hill,BH21,+44 731 622 0319,University of Kent at Canterbury,2:2,19,NOVEMBER 2019,Doris Bellasis
203,Bobbie Huxton,Male,12/12/1990,bhuxton5m@surveymonkey.com,Thorpe,3004 Macpherson Trail,BD23,+44 (500) 176-1259,The Robert Gordon University,1st,21,NOVEMBER 2019,Rupert Ripple
204,Kristofer Trundle,Male,14/01/1993,ktrundle5n@naver.com,Birmingham,23353 Coleman Crossing,B12,+44 (319) 291-1067,University of Edinburgh,3rd,28,NOVEMBER 2019,Bruno Bellbrook
205,Lannie McDonell,Male,17/04/1999,lmcdonell5o@dell.com,Belfast,6 Glendale Junction,BT2,,Heriot-Watt University,2:2,14,NOVEMBER 2019,Doris Bellasis
206,Jeremie Bompass,Male,01/11/1991,jbompass5p@indiegogo.com,Swindon,793 Forest Parkway,SN1,+44 (917) 295-3491,University of Liverpool,2:1,06,NOVEMBER 2019,Gismo Tilling
207,Jedd Inggall,Male,13/11/1991,jinggall5q@example.com,West End,0677 Bashford Center,DN36,+44 518 128 2736,"School of Slavonic and East European Studies, University of London",2:1,27,NOVEMBER 2019,Rupert Ripple
208,Cherrita Wingate,Female,18/08/1994,cwingate5r@cbc.ca,London,11 Melody Alley,WC2H,+44-135-342-3381,University of Bradford,1st,28,NOVEMBER 2019,Rupert Ripple
209,Timmie Knudsen,Male,28/08/1995,tknudsen5s@pbs.org,Norton,829 Prentice Junction,S8,+44 454 474 5338,University of Worcester,2:1,12,NOVEMBER 2019,Stacey Broad
210,Tobias Whithorn,Male,27/03/1994,twhithorn5t@yelp.com,London,1769 Stang Circle,WC1B,+44 (635) 390-7170,University of Liverpool,2:2,06,NOVEMBER 2019,Doris Bellasis
211,Marketa Patton,Female,27/05/1993,mpatton5u@addtoany.com,Sheffield,21 Warbler Street,S33,+44 (346) 121-0362,Napier University,2:1,20,NOVEMBER 2019,Stacey Broad
212,Say Kleinhausen,Male,19/12/1997,skleinhausen5v@forbes.com,Weston,9750 Fairview Alley,GU32,+44 915 257 0168,University of Essex,3rd,05,NOVEMBER 2019,Rupert Ripple
213,Lyndsey Relph,Female,04/06/2000,lrelph5w@webs.com,Weston,9 Doe Crossing Junction,GU32,+44 155 622 6599,Staffordshire University,2:1,05,NOVEMBER 2019,Doris Bellasis
214,Nicki Fullerlove,Female,03/11/1996,nfullerlove5x@netlog.com,Church End,96 Doe Crossing Court,N3,+44 (374) 577-4554,ifs University College,1st,,,
215,Chrisy Marklow,Male,23/06/1992,cmarklow5y@yale.edu,Leeds,27 Hayes Court,LS6,+44-515-286-3674,Cardiff University,2:2,07,NOVEMBER 2019,Doris Bellasis
216,Jeanelle Biesty,Female,20/07/1990,jbiesty5z@e-recht24.de,Normanton,01 Hauk Alley,LE15,+44 (534) 704-8084,University of Portsmouth,2:1,27,NOVEMBER 2019,Gismo Tilling
217,Gigi Layne,Female,20/06/1993,glayne60@photobucket.com,Belfast,2418 Tennyson Park,BT2,+44-762-888-8145,"University of Wales, Newport",1st,05,NOVEMBER 2019,Fifi Eton
218,PEGGY EARNSHAW,Female,12/10/1996,,Langley,3 Manufacturers Crossing,SG4,+44 265 970 1801,Trinity College of Music,2:2,14,NOVEMBER 2019,Stacey Broad
219,Viv Noonan,Female,06/06/1990,vnoonan62@wp.com,Buckland,73234 Luster Pass,CT16,+44-743-441-4231,University of Lancaster,2:1,,,
220,Amalea Harrell,Female,03/02/1996,aharrell63@msu.edu,Leeds,466 Nova Drive,LS6,+44-482-939-9541,Chelsea College of Art and Design,2:1,27,NOVEMBER 2019,Stacey Broad
221,Celisse Meriguet,Female,19/10/1992,cmeriguet64@vinaora.com,West End,78665 Lawn Circle,DN36,+44 987 822 4404,London Business School,2:2,28,NOVEMBER 2019,Doris Bellasis
222,Yale Lashley,Male,05/11/1990,ylashley65@shop-pro.jp,Kingston,82661 Iowa Point,DT10,+44 (916) 273-1401,"Schiller International University, London",2:2,27,NOVEMBER 2019,Doris Bellasis
223,Laurella Overy,Female,09/07/1992,lovery66@yandex.ru,London,5575 Warbler Circle,EC1V,+44 279 197 7930,University Campus Suffolk,2:2,,,
224,Virgina Tabary,Female,01/02/1997,vtabary67@psu.edu,London,77776 Bunting Crossing,EC3M,+44 967 422 7950,"University of Wales, Lampeter",1st,21,NOVEMBER 2019,Doris Bellasis
225,Hilton Vedstra,Male,29/05/1997,hvedstra68@lulu.com,Linton,36427 Sunfield Trail,BD23,+44-934-966-4504,City University,2:1,05,NOVEMBER 2019,Bruno Bellbrook
226,Edvard Kerford,Male,23/04/1996,ekerford69@ebay.com,Church End,83 Hudson Avenue,N3,+44 737 813 2547,Cardiff University,2:1,07,NOVEMBER 2019,Bruno Bellbrook
227,Evita Gisby,Female,09/10/1991,egisby6a@nytimes.com,Brampton,84 Pennsylvania Lane,NR34,+44-509-724-3081,"University of Halifax, Birmingham Campus",2:2,12,NOVEMBER 2019,Bruno Bellbrook
228,Ulick Kinane,Male,01/12/2000,ukinane6b@opera.com,Carlton,15 Merchant Parkway,DL8,+44 975 497 6534,European School of Economics,2:1,19,NOVEMBER 2019,Gismo Tilling
229,Kirsteni Loren,Female,01/09/1996,kloren6c@wired.com,Upton,5183 Meadow Valley Crossing,DN21,+44-198-821-0197,London Guildhall University,2:1,12,NOVEMBER 2019,Bruno Bellbrook
230,Linnie Esterbrook,Female,16/03/1996,lesterbrook6d@biblegateway.com,Preston,58 Moland Circle,PR1,+44-978-601-8241,"Courtauld Institute of Art, University of London",3rd,13,NOVEMBER 2019,Sunny Sladefield
231,Dick Brimley,Male,06/05/1996,dbrimley6e@webeden.co.uk,Norton,07 Jenna Lane,S8,+44 393 895 9116,,,14,NOVEMBER 2019,Gismo Tilling
232,Bianka Khristyukhin,Female,27/07/1992,bkhristyukhin6f@simplemachines.org,Twyford,0450 Autumn Leaf Road,LE14,+44 (328) 530-2277,Oxford Brookes University,2:1,,,
233,Sigismundo Shellibeer,Male,14/08/1991,sshellibeer6g@umn.edu,Newtown,436 Hansons Crossing,RG20,+44-953-172-8570,"University of Wales, Swansea",3rd,19,NOVEMBER 2019,Bruno Belbrook
234,Leicester Banker,Male,22/08/1991,lbanker6h@w3.org,Leeds,057 Kedzie Road,LS6,,Swansea Metropolitan University,1st,12,NOVEMBER 2019,Doris Bellasis
235,Nevins Murtagh,Male,23/03/2000,nmurtagh6i@t.co,Liverpool,16 Messerschmidt Center,L74,+44-829-756-2626,Buckinghamshire New University,2:2,,,
236,Robinett McPhate,Female,20/12/1996,rmcphate6j@joomla.org,Hatton,33674 Sundown Crossing,CV35,+44 (978) 512-1310,University of Lancaster,2:2,28,NOVEMBER 2019,Fifi Etton
237,Tallie Mortimer,Female,12/04/1992,tmortimer6k@admin.ch,Brampton,5624 Brickson Park Hill,NR34,+44 (904) 366-3577,Bournemouth University,2:2,19,NOVEMBER 2019,Fifi Eton
238,Emyle Byrth,Female,29/04/1998,ebyrth6l@noaa.gov,London,6 Quincy Lane,EC3M,+44 147 392 3386,University of Bolton,2:1,26,NOVEMBER 2019,Rupert Ripple
239,Kelli Twiddell,,26/12/1997,ktwiddell6m@forbes.com,Hatton,4 Di Loreto Street,CV35,+44 670 899 0406,University of Stirling,2:2,12,NOVEMBER 2019,Stacey Broad
240,Clementine Bradick,Female,23/08/1995,cbradick6n@acquirethisname.com,Ford,1 Rowland Way,GL54,+44 (526) 717-2633,Glasgow Caledonian University,1st,27,NOVEMBER 2019,Stacey Broad
241,Orton Vermer,Male,20/08/1996,overmer6o@drupal.org,Buckland,00776 Fair Oaks Lane,CT16,+44 (652) 783-7760,London Business School,2:1,26,NOVEMBER 2019,Doris Bellasis
242,Burk Mackilpatrick,Male,25/01/1991,bmackilpatrick6p@bbb.org,Ford,157 Del Sol Avenue,GL54,+44 587 228 7812,"Courtauld Institute of Art, University of London",2:1,19,NOVEMBER 2019,Stacey Broad
243,Britni Hedditch,Female,09/12/1994,bhedditch6q@usnews.com,Milton,63904 Glendale Trail,NG22,,"University College London, University of London",2:2,20,NOVEMBER 2019,Stacey Broad
244,Edin Bendle,Female,23/08/1990,ebendle6r@sfgate.com,Liverpool,92 Manitowish Terrace,L33,+44 (273) 733-9843,"University of Wales, Aberystwyth",2:1,07,NOVEMBER 2019,Stacey Broad
245,Jerrylee De Cruz,Female,20/05/1993,jde6s@home.pl,Whitchurch,7580 Lakewood Gardens Trail,BS14,+44 (854) 729-6107,"University of Wales, Lampeter",2:2,26,NOVEMBER 2019,Fifi Eton
246,Jessie Plampeyn,Male,21/04/1994,jplampeyn6t@cisco.com,Aston,888 Grim Crossing,TF6,+44-105-408-0752,University of Northampton,2:2,05,NOVEMBER 2019,Rupert Ripple
247,Cristobal Furnival,Male,07/08/1995,cfurnival6u@amazonaws.com,Craigavon,647 Pine View Drive,BT66,+44-636-778-9801,"School of Pharmacy, University of London",2:1,07,NOVEMBER 2019,Rupert Ripple
248,Emanuele Tatlowe,Male,29/10/2000,etatlowe6v@google.pl,Kirkton,71516 Gulseth Terrace,KW10,+44 511 134 3355,University of Glamorgan,2:2,,,
249,Brandi Fennessy,Female,07/09/1992,bfennessy6w@house.gov,Church End,2 Shopko Alley,CB4,+44-386-653-0547,Glasgow School of Art,3rd,13,NOVEMBER 2019,Bruno Bellbrook
250,Julie Elcy,Male,14/05/1999,jelcy6x@de.vu,Hatton,9027 Clyde Gallagher Avenue,CV35,+44 (349) 775-8034,University of Portsmouth,2:2,21,NOVEMBER 2019,Doris Bellasis
251,Ina Camoletto,Female,28/04/1997,icamoletto6y@privacy.gov.au,Whitchurch,31 Armistice Park,BS14,+44-556-325-9344,Chelsea College of Art and Design,2:2,,,
252,Rachelle Dregan,Female,11/05/1996,rdregan6z@newsvine.com,Glasgow,8 Hooker Road,G4,+44 874 931 5791,University of Teesside,1st,12,NOVEMBER 2019,Stacey Broad
253,Karyn Huortic,Female,09/07/1995,khuortic70@devhub.com,Swindon,80364 Mallory Terrace,SN1,+44 739 741 6534,University of Sussex,3rd,19,NOVEMBER 2019,Stacey Broad
254,Adan Gremane,Male,26/07/1996,agremane71@123-reg.co.uk,Craigavon,8 Kingsford Terrace,BT66,+44 (549) 898-7085,Glasgow Caledonian University,2:1,07,NOVEMBER 2019,Rupert Ripple
255,Herrick Rixon,Male,28/07/1996,hrixon72@google.de,Eaton,91 Upham Trail,DN22,+44 (965) 991-6268,"University of Halifax, Birmingham Campus",2:1,20,NOVEMBER 2019,Rupert Ripple
256,Tabb Morgans,Male,09/06/1998,tmorgans73@pagesperso-orange.fr,Kingston,730 Golf View Place,DT10,+44 296 643 4427,"Institute of Latin American Studies, University of London",2:1,14,NOVEMBER 2019,Doris Bellasis
257,Cirstoforo Kerslake,Male,27/08/1994,ckerslake74@istockphoto.com,Weston,55 3rd Avenue,GU32,+44 (986) 100-0931,University of Bradford,2:1,05,NOVEMBER 2019,Doris Bellasis
258,Brittaney Roskruge,Female,19/04/1993,broskruge75@patch.com,Dean,9 Shasta Crossing,OX7,+44-578-368-5247,University of Worcester,2:1,26,NOVEMBER 2019,Rupert Ripple
259,Muriel Bearcock,Female,15/01/1997,mbearcock76@bloglines.com,Burnside,7 Derek Avenue,EH52,+44 154 175 8051,University of Gloucestershire,2:1,06,NOVEMBER 2019,Rupert Ripple
260,Jesse Ten Broek,Female,05/02/1997,jten77@amazon.co.jp,Horton,89 Warner Parkway,BS37,+44 (252) 684-0937,University of Brighton,2:1,05,NOVEMBER 2019,Fifi Eton
261,Wendy Bennellick,Female,08/02/1992,wbennellick78@army.mil,Newtown,5 Meadow Ridge Parkway,RG20,,University of Ulster,2:1,21,NOVEMBER 2019,Rupert Ripple
262,Candace Seppey,Female,14/02/1995,cseppey79@eepurl.com,London,111 Arkansas Plaza,EC3M,+44-354-654-2657,University of Worcester,1st,20,NOVEMBER 2019,Sunny Sladefield
263,Clare Downey,Male,14/10/1999,cdowney7a@msn.com,Church End,5309 Debra Place,N3,+44-411-508-0518,Royal College of Art,2:1,20,NOVEMBER 2019,Sunny Sladefield
264,Tobie Filipczynski,Male,11/02/1994,tfilipczynski7b@fastcompany.com,Newbiggin,8284 Rutledge Drive,NE46,+44-900-651-3822,"Birkbeck College, University of London",1st,14,NOVEMBER 2019,Sunny Sladefield
265,Carmita Chillistone,Female,04/04/1996,cchillistone7c@canalblog.com,Sheffield,5 Lindbergh Way,S33,+44 (454) 726-6688,"Royal College of Music, University of London",2:1,19,NOVEMBER 2019,Gismo Tilling
266,Brenna McGroarty,Female,22/11/1991,bmcgroarty7d@chron.com,London,3989 Stuart Way,WC2H,+44-103-262-6377,"Queen Mary and Westfield College, University of London",2:1,06,NOVEMBER 2019,Fifi Etton
267,Richmound Foran,Male,,rforan7e@deviantart.com,Wirral,0102 Anthes Road,CH48,+44 (993) 442-8918,University of Lancaster,2:1,,,
268,Woodman Pietrusiak,Male,06/11/1994,wpietrusiak7f@goo.ne.jp,Liverpool,8694 Golf View Hill,L33,+44 493 209 3111,University of Kent at Canterbury,2:1,27,NOVEMBER 2019,Sunny Sladefield
269,Trumann Carillo,Male,04/10/1991,tcarillo7g@guardian.co.uk,Ashley,3508 Hoepker Point,SN13,+44 366 825 3738,Cranfield University,2:1,13,NOVEMBER 2019,Fifi Etton
270,Oralie Mussolini,Female,15/12/1993,omussolini7h@noaa.gov,Sutton,2399 American Ash Circle,CT15,+44-923-480-5523,"London School of Economics and Political Science, University of London",2:2,07,NOVEMBER 2019,Bruno Bellbrook
271,Brett Danieli,Female,09/06/2000,bdanieli7i@twitpic.com,Denton,0749 Del Mar Place,M34,+44 (818) 302-4423,"Goldsmiths College, University of London",3rd,14,NOVEMBER 2019,Bruno Bellbrook
272,Eunice Marguerite,Female,17/09/1995,emarguerite7j@cnbc.com,Eaton,87256 Warrior Avenue,DN22,+44-920-287-6956,University of Buckingham,2:1,13,NOVEMBER 2019,Doris Bellasis
273,Reginauld Pedroli,Male,21/06/1999,rpedroli7k@clickbank.net,Middleton,27 Jay Drive,LE16,+44-679-687-5495,University of Manchester,2:2,14,NOVEMBER 2019,Gismo Tilling
274,Cati Nucator,Female,20/04/1994,cnucator7l@spotify.com,Charlton,0973 Mayer Trail,OX12,+44 489 253 7066,Warnborough University,3rd,13,NOVEMBER 2019,Sunny Sladefield
275,Electra de Werk,Female,02/09/1993,ede7m@amazon.co.uk,Buckland,9055 Bultman Parkway,CT16,+44-216-798-5083,Sotheby´s Institute of Art - London,2:1,07,NOVEMBER 2019,Bruno Bellbrook
276,Ainsley Gogerty,Female,17/01/1996,agogerty7n@tumblr.com,Whitwell,2 Hanover Center,DL10,+44-351-380-2320,"Warburg Institute, University of London",2:1,27,NOVEMBER 2019,Rupert Ripple
277,Frayda Crickmoor,Female,26/12/1997,fcrickmoor7o@example.com,Thorpe,4336 Tony Lane,BD23,+44-220-190-2627,University of Leeds,2:2,28,NOVEMBER 2019,Doris Bellasis
278,Skelly Glewe,Male,24/10/1993,sglewe7p@hud.gov,Milton,2 Red Cloud Parkway,NG22,,London School of Business & Finance,3rd,26,NOVEMBER 2019,Sunny Sladefield
279,Suzanna Dunstall,Female,13/09/1995,sdunstall7q@usnews.com,Newton,0187 Nova Avenue,NG34,,,,28,NOVEMBER 2019,Rupert Ripple
280,Hall Bleackley,Male,26/09/2000,hbleackley7r@oakley.com,Bristol,18569 Toban Pass,BS41,+44 (569) 242-9780,Central Saint Martins College of Art & Design,2:2,,,
281,Courtney Raynham,Male,18/04/1990,craynham7s@independent.co.uk,Sheffield,26 International Crossing,S1,+44 (608) 127-2890,Liverpool Hope University College,2:1,28,NOVEMBER 2019,Fifi Etton
282,Alastair Filipowicz,Male,21/10/1993,afilipowicz7t@china.com.cn,London,220 Vermont Trail,SW1E,+44-818-545-2102,University of Bolton,2:1,27,NOVEMBER 2019,Bruno Bellbrook
283,Amble Dimitru,Male,,adimitru7u@cbsnews.com,Weston,5682 Truax Alley,GU32,+44 (470) 452-3695,,,07,NOVEMBER 2019,Rupert Ripple
284,Brander Vicent,Male,31/08/2000,,Norton,5090 John Wall Avenue,NN11,,University of Ulster,2:1,27,NOVEMBER 2019,Rupert Ripple
285,MICHEL GOUTH,Male,18/12/1999,mgouth7w@homestead.com,Twyford,6 Quincy Center,LE14,+44 (551) 615-1034,The Robert Gordon University,1st,05,NOVEMBER 2019,Fifi Eton
286,Staci Furlow,Female,21/06/1991,,London,77785 Homewood Center,WC1B,+44 569 297 2575,University of Bedfordshire,1st,13,NOVEMBER 2019,Sunny Sladefield
287,Hurleigh Segar,Male,22/07/1996,hsegar7y@storify.com,Liverpool,5383 Mesta Parkway,L74,+44 (942) 149-1480,University of Bath,1st,13,NOVEMBER 2019,Fifi Eton
288,Geneva Beldon,Female,07/12/1998,gbeldon7z@weebly.com,Newtown,33159 Shopko Hill,RG20,+44 (595) 808-6658,"Institue of Historical Research, University of London",3rd,27,NOVEMBER 2019,Rupert Ripple
289,Jacenta Couche,,24/05/1995,jcouche80@fastcompany.com,Aberdeen,54546 Manitowish Pass,AB39,+44 454 216 5951,Liverpool John Moores University,2:2,28,NOVEMBER 2019,Rupert Ripple
290,CAMMY CHEAVIN,Female,01/06/1990,,Liverpool,65 Heath Hill,L74,+44 308 419 3841,University of Nottingham,3rd,,,
291,Far Rapi,Male,06/03/2000,frapi82@istockphoto.com,Middleton,63337 Waubesa Parkway,LE16,+44-846-384-3437,International Colleges of Islamic Science,2:1,13,NOVEMBER 2019,Fifi Etton
292,Adams Lux,Male,08/04/1990,alux83@slideshare.net,Ashley,31433 Caliangt Road,SN13,+44 (381) 722-9872,Cardiff University,3rd,27,NOVEMBER 2019,Fifi Eton
293,Barr Abramovitch,Male,15/12/1999,babramovitch84@youku.com,Whitwell,1 Barby Hill,DL10,+44 462 647 6381,Bournemouth University,1st,,,
294,Jonie Getley,Female,23/08/1997,jgetley85@vimeo.com,Dean,41696 Tomscot Parkway,OX7,+44 (529) 375-9393,University Campus Suffolk,2:1,13,NOVEMBER 2019,Rupert Ripple
295,Gar Sill,Male,22/06/1999,gsill86@cpanel.net,Middleton,462 Autumn Leaf Center,LE16,+44 616 548 9615,American InterContinental University - London,2:1,26,NOVEMBER 2019,Sunny Sladefield
296,Adaline Warrender,Female,17/08/1991,awarrender87@virginia.edu,Ashley,1043 Messerschmidt Center,SN13,+44-112-325-0469,University of Plymouth,3rd,07,NOVEMBER 2019,Bruno Bellbrook
297,Ainslee Spurgin,Female,20/02/1994,aspurgin88@vimeo.com,Horton,0 Londonderry Plaza,BS37,+44 (306) 972-7458,De Montfort University Leicester,3rd,20,NOVEMBER 2019,Bruno Bellbrook
298,Flint Baine,Male,05/02/1996,fbaine89@goo.ne.jp,London,397 Rigney Road,WC1B,+44 (605) 637-6796,"Goldsmiths College, University of London",2:2,13,NOVEMBER 2019,Fifi Etton
299,Tad Worsley,Male,25/08/1990,,Middleton,6055 Eggendart Trail,LE16,+44 859 326 9493,"Queen Mary and Westfield College, University of London",2:1,14,NOVEMBER 2019,Doris Bellasis
300,Orion Korneichuk,Male,18/04/1992,okorneichuk8b@oracle.com,Walton,15 Melby Street,CV35,+44 500 606 0297,Liverpool Hope University College,2:2,07,NOVEMBER 2019,Rupert Ripple
301,Damita Garfirth,Female,16/08/1990,,Weston,7 Springs Trail,GU32,+44 (505) 691-0345,University of Huddersfield,2:2,21,NOVEMBER 2019,Fifi Eton
302,Niven Cooling,Male,21/10/1998,ncooling8d@businessinsider.com,Halton,47 Bowman Junction,LS9,+44 469 786 1738,University of Manchester,2:1,12,NOVEMBER 2019,Bruno Bellbrook
303,Delphinia Manie,Female,19/02/1991,dmanie8e@forbes.com,Pentre,07945 Dapin Junction,SY4,+44-170-601-5284,University of Gloucestershire,2:1,07,NOVEMBER 2019,Bruno Bellbrook
304,Lanny Willingham,Female,08/05/1998,lwillingham8f@msu.edu,Merton,08 Homewood Center,SW19,+44-788-716-0859,William Gilbert College,2:2,28,NOVEMBER 2019,Bruno Bellbrook
305,Anthiathia Broad,Female,26/01/1993,abroad8g@dion.ne.jp,Church End,28 Center Circle,CB4,+44 (981) 693-0973,,,12,NOVEMBER 2019,Bruno Bellbrook
306,Ernestus Crilley,Male,,,Walton,7 Pepper Wood Circle,CV35,+44 166 998 2307,University of Reading,1st,20,NOVEMBER 2019,Fifi Eton
307,Jessalyn Prewett,Female,25/02/1991,jprewett8i@ehow.com,Twyford,67703 Acker Trail,LE14,+44-534-642-9936,"Institute of Commonwealth Studies, University of London",2:2,26,NOVEMBER 2019,Gismo Tilling
308,Lawton Howley,Male,12/05/1996,lhowley8j@nytimes.com,Thorpe,70 Daystar Center,BD23,+44 562 932 9043,,,19,NOVEMBER 2019,Fifi Etton
309,Friedrick Yeates,Male,23/12/1997,fyeates8k@fda.gov,Seaton,9201 Division Street,LE15,+44 792 127 7311,University of Huddersfield,2:2,05,NOVEMBER 2019,Doris Bellasis
310,Alair Patey,Male,,apatey8l@pen.io,Walton,639 Onsgard Way,CV35,+44-691-219-1204,University of Bedfordshire,1st,19,NOVEMBER 2019,Sunny Sladefield
311,Susannah Bengough,Female,21/12/1993,sbengough8m@businesswire.com,Dean,5 Maple Street,OX7,+44 666 162 1170,The Robert Gordon University,2:1,12,NOVEMBER 2019,Stacey Broad
312,Farrand Wilkowski,Female,07/11/1997,fwilkowski8n@stanford.edu,,,,+44-493-237-4567,University of Hull,1st,,,
313,Iggie Haslum,Male,05/11/1997,,Manchester,0 Sullivan Pass,M14,,,,07,NOVEMBER 2019,Rupert Ripple
314,Jed Durram,Male,31/12/1999,jdurram8p@delicious.com,East End,0 Muir Drive,BH21,+44 (195) 285-1108,Imperial College London,2:2,14,NOVEMBER 2019,Sunny Sladefield
315,Olga Pykett,Female,21/11/1995,opykett8q@irs.gov,London,38885 4th Hill,WC2H,+44 674 147 7116,University of Kent at Canterbury,2:2,26,NOVEMBER 2019,Doris Bellasis
316,Ronica Martynikhin,Female,16/06/1994,rmartynikhin8r@geocities.com,Merton,7 Truax Pass,SW19,+44 417 300 0829,Buckinghamshire New University,2:2,05,NOVEMBER 2019,Gismo Tilling
317,Milton Piers,Male,06/10/1991,mpiers8s@parallels.com,Bradford,661 Anderson Alley,BD7,+44 (571) 696-0805,"Queen Mary and Westfield College, University of London",2:1,26,NOVEMBER 2019,Gismo Tilling
318,Johnath Tufts,Female,19/06/1999,jtufts8t@mac.com,Edinburgh,4 Sutherland Alley,EH9,,,,06,NOVEMBER 2019,Fifi Etton
319,Brander Wynrahame,Male,30/01/1995,bwynrahame8u@people.com.cn,Bradford,3964 Bluestem Parkway,BD7,+44-935-147-5237,,,,,
320,Robina MacCostye,Female,19/02/1997,rmaccostye8v@com.com,Birmingham,47 Morrow Road,B40,+44 (530) 735-1076,University of Aberdeen,2:2,26,NOVEMBER 2019,Rupert Ripple
321,Giacopo Kyndred,Male,23/05/2000,gkyndred8w@youtu.be,Twyford,69570 Ilene Street,LE14,+44 (178) 138-7176,Canterbury Christ Church University,2:2,26,NOVEMBER 2019,Sunny Sladefield
322,Cesare Baylay,Male,04/10/1992,cbaylay8x@home.pl,Liverpool,23 Golf Course Plaza,L74,+44 932 490 3592,Aga Khan University,2:1,27,NOVEMBER 2019,Stacey Broad
323,Mannie Zanassi,Male,06/04/1994,mzanassi8y@cnbc.com,London,936 Graedel Plaza,W1F,+44 237 787 0861,"Schiller International University, London",1st,,,
324,Garrick Campes,Male,10/01/1991,gcampes8z@newsvine.com,Birmingham,35710 Heffernan Road,B40,+44 631 122 6624,University of Brighton,2:2,,,
325,Rosmunda Brimicombe,Female,04/06/1991,rbrimicombe90@oracle.com,Newbiggin,926 New Castle Junction,NE46,+44 209 445 8349,University of London,1st,27,NOVEMBER 2019,Stacey Broad
326,Alexandra Belbin,Female,23/06/1997,,Thorpe,4048 Talisman Junction,BD23,+44 (514) 133-8387,Keele University,2:2,13,NOVEMBER 2019,Rupert Ripple
327,Luther Aimeric,,13/01/1992,laimeric92@amazon.co.jp,Milton,1 Kedzie Crossing,AB56,+44 (974) 135-1520,Cardiff University,3rd,26,NOVEMBER 2019,Gismo Tilling
328,Thayne Tunnick,Male,15/04/1999,ttunnick93@yandex.ru,Carlton,3598 Monica Road,DL8,+44-184-789-6773,Camberwell College of Arts,2:1,05,NOVEMBER 2019,Sunny Sladefield
329,Anatole Burston,Male,28/09/1993,aburston94@cargocollective.com,Milton,10597 Swallow Circle,NG22,+44 698 818 6803,"Institute of Germanic Studies, University of London",2:1,12,NOVEMBER 2019,Sunny Sladefield
330,Meridith Alonso,Female,16/07/1998,malonso95@google.cn,Seaton,8553 Di Loreto Court,LE15,+44 321 768 8978,"Institute of Classical Studies, University of London",1st,06,NOVEMBER 2019,Fifi Etton
331,Tatum Jeannet,Female,18/01/1999,tjeannet96@dion.ne.jp,Kirkton,216 Sherman Road,KW10,+44 (595) 969-9116,"Goldsmiths College, University of London",2:1,27,NOVEMBER 2019,Gismo Tilling
332,Augustus Clowney,,22/03/1998,aclowney97@networksolutions.com,Birmingham,2331 Tennyson Way,B12,+44 721 629 4957,"Institute of Commonwealth Studies, University of London",3rd,21,NOVEMBER 2019,Fifi Etton
333,Stephannie Tichner,Female,,stichner98@goo.ne.jp,Liverpool,120 Gerald Street,L74,+44 734 267 1098,University of Hertfordshire,2:1,27,NOVEMBER 2019,Stacey Broad
334,Franklin Purshouse,Male,20/04/1997,fpurshouse99@acquirethisname.com,Glasgow,18549 Sycamore Lane,G4,+44 (666) 577-6235,Imperial College London,2:1,06,NOVEMBER 2019,Bruno Bellbrook
335,Christan Mityashin,Female,05/03/2000,cmityashin9a@indiegogo.com,Whitwell,2 Tony Place,DL10,+44 184 160 9129,University of Dundee,3rd,19,NOVEMBER 2019,Rupert Ripple
336,Veronica Petroff,Female,05/01/1992,,Merton,5572 Shopko Trail,SW19,,University of Buckingham,2:2,12,NOVEMBER 2019,Sunny Sladefield
337,Shepherd Egalton,Male,12/01/1997,segalton9c@typepad.com,,,,+44 182 239 6403,University of Ulster,3rd,07,NOVEMBER 2019,Stacey Broad
338,Farlie Bukowski,Male,17/11/1999,fbukowski9d@geocities.jp,London,83227 Summerview Way,EC3M,+44-134-166-6771,University of Sunderland,2:1,05,NOVEMBER 2019,Bruno Bellbrook
339,Carlie Huck,Male,24/12/1991,chuck9e@360.cn,Whitwell,14 Becker Drive,DL10,+44 222 453 9601,"Schiller International University, London",2:2,26,NOVEMBER 2019,Rupert Ripple
340,Clari Fredson,Female,03/10/1990,cfredson9f@yahoo.com,Brampton,28578 Mendota Court,NR34,+44-961-106-9101,Richmond University - The American International University in London,3rd,26,NOVEMBER 2019,Doris Bellasis
341,Irwinn Goaks,Male,06/11/1996,igoaks9g@cpanel.net,Manchester,280 Canary Place,M14,+44-864-930-0847,Kingston University,3rd,19,NOVEMBER 2019,Gismo Tilling
342,Harriot Tolchard,Female,15/01/2000,htolchard9h@studiopress.com,Ford,881 West Place,GL54,+44 (166) 874-7153,University of Central Lancashire,2:1,05,NOVEMBER 2019,Rupert Ripple
343,Morton Trump,Male,15/09/1994,mtrump9i@hostgator.com,Bradford,3 Maple Wood Lane,BD7,+44 (320) 444-7923,University of Derby,2:2,20,NOVEMBER 2019,Doris Bellasis
344,Wenonah Relph,Female,21/02/2000,wrelph9j@abc.net.au,Twyford,3304 Rusk Drive,LE14,+44-852-109-7448,Glasgow School of Art,3rd,12,NOVEMBER 2019,Sunny Sladefield
345,Leigh Ajean,,01/02/1991,lajean9k@issuu.com,Birmingham,88 Starling Trail,B12,+44 573 545 9703,ifs University College,2:2,20,NOVEMBER 2019,Bruno Bellbrook
346,Ruy Moxham,Male,10/12/1995,rmoxham9l@biblegateway.com,Middleton,00 Red Cloud Lane,LE16,+44-658-295-0199,University of Glasgow,2:2,21,NOVEMBER 2019,Doris Bellasis
347,Arny Dobrowolny,Male,08/12/1993,adobrowolny9m@imgur.com,Middleton,55 Luster Avenue,LE16,+44-914-478-3575,University of St. Andrews,2:2,19,NOVEMBER 2019,Bruno Bellbrook
348,Marvin Grannell,Male,01/02/1997,mgrannell9n@so-net.ne.jp,Normanton,6 Birchwood Park,LE15,+44-291-740-5772,"University of Wales Institute, Cardiff",2:2,,,
349,Laverna Mordey,Female,12/07/1991,lmordey9o@hud.gov,Walton,1904 Kipling Drive,CV35,+44 (264) 973-9245,Imperial College London,2:2,,,
350,Mada Pieche,Female,05/02/2000,,Craigavon,2 Loomis Park,BT66,+44-858-585-0623,University of London,2:1,,,
351,Elva Boldero,Female,13/05/2000,eboldero9q@blogtalkradio.com,Whitchurch,195 Ridgeway Parkway,BS14,+44-706-656-1389,The Queen's University Belfast,2:1,05,NOVEMBER 2019,Sunny Sladefield
352,Darill Drane,Male,10/06/2000,ddrane9r@cdbaby.com,London,0901 Monterey Terrace,EC1V,+44 (472) 190-6561,"Schiller International University, London",2:1,27,NOVEMBER 2019,Stacey Broad
353,Paulette Lundbeck,Female,14/03/1996,plundbeck9s@prnewswire.com,Langley,8204 Kenwood Junction,SG4,+44-848-915-6735,University of Edinburgh,2:1,26,NOVEMBER 2019,Fifi Eton
354,Marja Morfield,Female,,mmorfield9t@tinypic.com,Langley,70 Granby Pass,SG4,+44-141-442-7121,"University of Wales Institute, Cardiff",1st,28,NOVEMBER 2019,Sunny Sladefield
355,Moira Rodenhurst,Female,09/03/1991,mrodenhurst9u@parallels.com,Thorpe,783 Namekagon Trail,BD23,+44-826-830-6557,"Goldsmiths College, University of London",2:1,07,NOVEMBER 2019,Bruno Bellbrook
356,Sollie Spindler,Male,22/06/1991,sspindler9v@diigo.com,Hatton,118 Dahle Crossing,CV35,+44-222-476-9611,"Institute of Classical Studies, University of London",2:1,27,NOVEMBER 2019,Rupert Ripple
357,Madelyn Petrenko,Female,05/08/1994,mpetrenko9w@sakura.ne.jp,Liverpool,3228 Raven Road,L33,+44 (893) 241-6617,University of Westminster,2:1,28,NOVEMBER 2019,Sunny Sladefield
358,Pammi Shrieves,Female,15/07/1995,pshrieves9x@com.com,Birmingham,128 Amoth Park,B40,+44 (464) 115-8785,Trinity College of Music,1st,,,
359,Fredrick Giller,Male,01/03/1999,fgiller9y@mozilla.org,Bristol,2057 Browning Way,BS41,+44-101-610-1104,City University,2:2,05,NOVEMBER 2019,Gismo Tilling
360,Theobald Geerling,Male,09/08/1990,tgeerling9z@nydailynews.com,Manchester,2 Novick Street,M14,+44-750-892-2531,University of Nottingham,1st,06,NOVEMBER 2019,Rupert Ripple
