id,name,gender,dob,email,city,address,postcode,phone_number,uni,degree,invited_date,month,invited_by
1,Dixie O' Flaherty,Female,06/05/2000,do0@vistaprint.com,Middleton,669 Union Street,LE16,+44 (573) 176-9427,"Institute of Germanic Studies, University of London",2:2,08,OCTOBER 2019,Bruno Belbrook
2,Ivor Quogan,Male,11/02/1993,iquogan1@hud.gov,Aberdeen,4942 Cordelia Drive,AB39,+44 (103) 335-7143,"Institute of Germanic Studies, University of London",2:1,15,OCTOBER 2019,Rupert Ripple
3,Sukey Benedicto,Female,,sbenedicto2@51.la,Sheffield,10 Washington Plaza,S33,+44 482 799 6929,"Institute of Education, University of London",2:1,29,OCTOBER 2019,Gismo Tilling
4,Floria Keunemann,Female,,fkeunemann3@histats.com,Church End,7060 Tony Terrace,CB4,+44 858 573 8256,British College of Osteopathic Medicine,2:2,23,OCTOBER 2019,Sunny Sladefield
5,Raffaello Byneth,Male,14/05/1999,rbyneth4@kickstarter.com,Aston,9412 Forster Junction,TF6,+44 (354) 484-1819,University of Glamorgan,2:2,23,OCTOBER 2019,Fifi Etton
6,Adlai Ferns,Male,19/04/1991,aferns5@soup.io,Preston,422 Killdeer Street,PR1,+44-772-884-8059,University of Greenwich,2:1,29,OCTOBER 2019,Bruno Bellbrook
7,Thibaut Edbrooke,Male,11/07/1996,tedbrooke6@yahoo.co.jp,Newport,12 Jackson Lane,NR29,+44 (870) 398-5010,"Institue of Historical Research, University of London",2:1,15,OCTOBER 2019,Rupert Ripple
8,Any Shotbolt,Male,29/04/1990,ashotbolt7@booking.com,Milton,66 Moose Pass,NG22,+44-330-839-6580,"Institue of Historical Research, University of London",2:1,17,OCTOBER 2019,Rupert Ripple
9,Korry Kenworth,,19/09/1998,kkenworth8@github.com,London,7040 Holy Cross Trail,SW1E,+44 442 961 0863,University of Bolton,1st,17,OCTOBER 2019,Stacey Broad
10,Bekki Leyman,Female,03/11/1999,bleyman9@telegraph.co.uk,Birmingham,785 Esch Way,B12,+44-981-534-0983,University of Essex,2:1,,,
11,Barnebas Uttridge,Male,01/03/1998,buttridgea@behance.net,Normanton,744 Carioca Plaza,LE15,,"University of Halifax, Birmingham Campus",2:1,09,OCTOBER 2019,Stacey Broad
12,Curry Dunnan,Male,05/02/1990,cdunnanb@wufoo.com,Walton,4 Cascade Parkway,CV35,+44 955 790 6581,Cranfield University,2:1,30,OCTOBER 2019,Stacey Broad
13,Stephie Boorne,Female,11/08/1996,sboornec@github.com,Charlton,26 Rockefeller Avenue,OX12,+44 836 164 2632,"Goldsmiths College, University of London",2:1,17,OCTOBER 2019,Rupert Ripple
14,Chickie Dickens,Female,26/04/1991,cdickensd@ftc.gov,Manchester,69983 Amoth Hill,M14,+44 496 869 4619,American InterContinental University - London,1st,02,OCTOBER 2019,Sunny Sladefield
15,Morie Beer,Male,02/09/1998,mbeere@purevolume.com,Kingston,051 Twin Pines Point,DT10,+44 401 599 2813,University of Ulster,2:2,23,OCTOBER 2019,Fifi Etton
16,Virginia Fatkin,Female,24/08/1991,vfatkinf@ameblo.jp,Bristol,83 Colorado Avenue,BS41,+44-972-859-3023,Birmingham City University,2:2,,,
17,Ferdinand Adlard,Male,22/01/1993,fadlardg@de.vu,Weston,91 Debs Way,GU32,+44 (305) 545-7348,University of Dundee,3rd,29,OCTOBER 2019,Stacey Broad
18,Peggi Andreutti,Female,28/07/1991,pandreuttih@google.it,Aberdeen,74 Drewry Junction,AB39,+44 174 845 2691,London School of Business & Finance,2:1,,,
19,Vic Massot,Male,12/08/1996,vmassoti@scientificamerican.com,Glasgow,38 Darwin Avenue,G4,+44 (723) 873-6860,University of Gloucestershire,2:1,23,OCTOBER 2019,Bruno Bellbrook
20,Konstantine Giacomoni,Male,11/04/1995,kgiacomonij@mozilla.org,Newton,653 Burning Wood Parkway,IV1,+44-635-543-2805,Birmingham City University,3rd,01,OCTOBER 2019,Bruno Bellbrook
21,Malachi Radwell,Male,29/01/1996,mradwellk@harvard.edu,Swindon,4869 Barby Trail,SN1,+44-459-749-6835,University of Newcastle-upon-Tyne,2:2,,,
22,Don Mickleborough,Male,12/06/1994,,Ashley,63 Golf Course Crossing,SN13,+44 (210) 245-8794,University of Cambridge,2:1,,,
23,Ruby Batecok,Female,31/12/1997,rbatecokm@yale.edu,Twyford,0124 Village Road,LE14,+44 766 406 1976,,,24,OCTOBER 2019,Bruno Bellbrook
24,Lorain Pyser,Female,30/03/1996,lpysern@privacy.gov.au,Norton,841 Dorton Junction,S8,+44-206-151-2594,University of East London,2:2,,,
25,Mil Goodday,Female,28/09/1998,mgooddayo@sun.com,Church End,1 Dryden Park,CB4,+44 (324) 103-0250,University of Newcastle-upon-Tyne,2:2,08,OCTOBER 2019,Fifi Etton
26,Willabella Lanchberry,Female,18/02/2000,wlanchberryp@chicagotribune.com,Thorpe,3 Knutson Court,BD23,+44-473-424-1261,Swansea Metropolitan University,1st,30,OCTOBER 2019,Rupert Ripple
27,Gwyn Chaffer,Female,18/09/1997,gchafferq@vistaprint.com,Dean,3 Reindahl Road,OX7,+44-944-778-0422,Heriot-Watt University,2:2,,,
28,Rosetta Alton,Female,03/01/1992,raltonr@economist.com,Thorpe,26202 Hanson Avenue,BD23,+44 735 303 2619,ifs University College,2:1,,,
29,Laurens Routham,Male,27/12/1996,lrouthams@npr.org,Newtown,8914 Orin Drive,RG20,+44 (570) 811-5024,University of Exeter,2:1,23,OCTOBER 2019,Stacey Broad
30,Luigi Methley,Male,12/10/1994,lmethleyt@lulu.com,London,366 Holmberg Point,W1F,+44 114 504 3760,The Manchester Metropolitan University,2:1,22,OCTOBER 2019,Doris Bellasis
31,Ashely Brittles,Female,01/09/1991,abrittlesu@samsung.com,Church End,306 Delladonna Parkway,CB4,+44-627-560-3507,,,17,OCTOBER 2019,Bruno Bellbrook
32,Janna Wiffield,Female,22/04/1994,jwiffieldv@theglobeandmail.com,Craigavon,2544 Independence Park,BT66,+44-746-427-8222,De Montfort University Leicester,2:1,31,OCTOBER 2019,Sunny Sladefield
33,Gaile Carpenter,Male,10/12/2000,gcarpenterw@feedburner.com,Buckland,95966 Kingsford Point,CT16,+44 (193) 252-6422,University of Bristol,2:1,30,OCTOBER 2019,Bruno Bellbrook
34,Chancey Bitten,Male,08/11/1994,cbittenx@vkontakte.ru,Newbiggin,924 Bay Plaza,NE46,+44-544-305-1926,"King's College London, University of London",3rd,15,OCTOBER 2019,Stacey Broad
35,Carita Fenech,Female,20/03/1995,cfenechy@cam.ac.uk,Craigavon,3551 Mccormick Junction,BT66,+44 159 376 4776,"University of Wales, Lampeter",2:1,23,OCTOBER 2019,Bruno Bellbrook
36,Danella Leisk,Female,13/01/1995,dleiskz@pen.io,Norton,0 Prairie Rose Plaza,S8,+44 (250) 524-6445,Southampton Solent University,2:1,23,OCTOBER 2019,Fifi Etton
37,Augusta Gilfoy,Female,25/11/1995,agilfoy10@istockphoto.com,Birmingham,4204 Tomscot Way,B12,+44 (438) 554-8442,Thames Valley University,1st,29,OCTOBER 2019,Bruno Bellbrook
38,Noland Origin,Male,12/09/1993,norigin11@washingtonpost.com,Newport,8433 High Crossing Center,NR29,+44 (511) 300-8479,"University of the West of England, Bristol",2:2,15,OCTOBER 2019,Doris Bellasis
39,Kasey Mattacks,Female,21/07/1997,kmattacks12@examiner.com,Kingston,3 Main Crossing,DT10,+44-474-691-8929,University of Durham,2:1,30,OCTOBER 2019,Stacey Broad
40,Sammie Beams,Male,24/05/1991,sbeams13@livejournal.com,Milton,92029 Jackson Parkway,AB56,+44-710-552-5462,Heriot-Watt University,2:1,17,OCTOBER 2019,Fifi Eton
41,Jeffrey Rollitt,Male,14/01/1998,jrollitt14@walmart.com,Whitwell,8 Elka Center,DL10,+44 699 661 8162,British College of Osteopathic Medicine,3rd,,,
42,Sutherland McGilben,Male,04/09/1995,smcgilben15@mlb.com,Merton,87944 Sommers Hill,SW19,+44 (655) 604-5631,Warnborough University,2:2,09,OCTOBER 2019,Bruno Bellbrook
43,Clay Perillo,Male,08/03/1998,cperillo16@theatlantic.com,London,3 Merrick Avenue,WC2H,+44 298 299 0832,Swansea Metropolitan University,1st,16,OCTOBER 2019,Gismo Tilling
44,Ola Geldeard,Female,09/06/1995,ogeldeard17@foxnews.com,London,07 Dayton Point,EC3M,+44-740-765-7118,De Montfort University Leicester,1st,09,OCTOBER 2019,Doris Bellasis
45,Maurise Pawfoot,Male,21/07/1994,mpawfoot18@harvard.edu,Kirkton,78306 Amoth Hill,KW10,+44 (772) 352-2074,University of Bath,2:2,02,OCTOBER 2019,Bruno Bellbrook
46,Ramsey Divall,Male,06/05/1994,rdivall19@macromedia.com,Newbiggin,9 Judy Avenue,NE46,+44 463 847 2410,University of Reading,2:2,10,OCTOBER 2019,Sunny Sladefield
47,Lazare Yeskin,Male,22/10/1995,,Church End,89 Tennyson Trail,N3,+44-637-717-6595,Staffordshire University,2:2,,,
48,Guilbert Leet,Male,16/10/1997,,Thorpe,303 Anzinger Alley,BD23,+44 (612) 752-0593,University of Greenwich,2:2,02,OCTOBER 2019,Bruno Bellbrook
49,Agnesse Beeken,Female,03/07/1991,abeeken1c@cdbaby.com,,,,+44-396-718-3215,University of Worcester,2:2,30,OCTOBER 2019,Stacey Broad
50,Sam Mulvihill,Male,26/09/1992,smulvihill1d@nyu.edu,Birmingham,436 Butternut Pass,B12,+44-316-612-4974,American InterContinental University - London,2:2,03,OCTOBER 2019,Stacey Broad
51,Adda Bromont,Female,05/11/1994,abromont1e@goo.gl,Dean,138 Farragut Place,OX7,+44-599-632-7087,"University of the West of England, Bristol",2:1,17,OCTOBER 2019,Sunny Sladefield
52,Ferdy Dootson,Male,10/09/1996,fdootson1f@soup.io,Swindon,899 Brown Center,SN1,+44 569 128 5679,Cranfield University,2:2,03,OCTOBER 2019,Rupert Ripple
53,Gleda Giacomozzo,Female,13/02/1996,ggiacomozzo1g@over-blog.com,Whitchurch,6896 Eagan Drive,BS14,+44 (805) 316-9245,"Warburg Institute, University of London",2:1,29,OCTOBER 2019,Bruno Bellbrook
54,Tami Studdal,Female,29/11/1997,tstuddal1h@cargocollective.com,Normanton,16 Logan Court,LE15,+44 (165) 408-6013,Oxford Brookes University,1st,29,OCTOBER 2019,Rupert Ripple
55,Yvonne Bowick,Female,23/07/1996,ybowick1i@google.com.hk,Carlton,095 Maple Wood Alley,DL8,+44 (311) 111-7275,University of Gloucestershire,2:1,,,
56,Korrie Extall,Female,15/12/1999,kextall1j@shareasale.com,Belfast,474 Scott Avenue,BT2,+44-990-327-1958,University of Central Lancashire,3rd,,,
57,Sydelle Russo,Female,,srusso1k@trellian.com,Normanton,90 Reindahl Crossing,LE15,+44 (192) 662-8882,Aston University,2:2,02,OCTOBER 2019,Rupert Ripple
58,Cord Ankers,Male,27/06/1999,cankers1l@epa.gov,East End,536 Ohio Parkway,BH21,+44-757-638-4200,The Queen's University Belfast,3rd,,,
59,Sander Slixby,Male,14/10/1998,sslixby1m@e-recht24.de,Seaton,9982 Sullivan Junction,LE15,+44-353-486-4730,University of Bolton,2:1,08,OCTOBER 2019,Rupert Ripple
60,Belia Murrigans,Female,02/01/1993,bmurrigans1n@foxnews.com,Bristol,3 Redwing Plaza,BS41,+44 653 131 9824,University of Sunderland,3rd,03,OCTOBER 2019,Gismo Tilling
61,Hendrika MacLeod,Female,02/08/1999,hmacleod1o@simplemachines.org,Seaton,11 Fair Oaks Lane,LE15,+44-296-524-4172,Nottingham Trent University,2:1,29,OCTOBER 2019,Rupert Ripple
62,Karly Plunket,,27/01/1995,kplunket1p@discuz.net,Leeds,4 David Avenue,LS6,+44 (146) 611-9105,Thames Valley University,1st,,,
63,Evey Whiteland,Female,22/07/1993,ewhiteland1q@youtube.com,London,38 Utah Lane,SW1E,,Warnborough University,2:2,17,OCTOBER 2019,Gismo Tilling
64,Uri Spridgeon,Male,16/03/1999,uspridgeon1r@goodreads.com,Church End,944 Doe Crossing Pass,CB4,+44 (943) 810-5782,University of Southampton,3rd,,,
65,Ethan Brookwood,Male,16/11/1998,,,,,+44 548 927 7041,"School of Oriental and African Studies, University of London",2:2,08,OCTOBER 2019,Bruno Bellbrook
66,Mikaela Quaife,Female,23/04/1994,mquaife1t@gizmodo.com,Hatton,30310 Mifflin Terrace,CV35,+44 (666) 804-2077,William Gilbert College,2:1,02,OCTOBER 2019,Sunny Sladefield
67,Cathryn Leehane,Female,08/03/1994,cleehane1u@amazon.co.jp,London,7 Lake View Alley,SW1E,,University of Huddersfield,2:2,09,OCTOBER 2019,Sunny Sladefield
68,Carmelle Jado,Female,28/03/1996,cjado1v@wp.com,Sutton,9 Reindahl Park,RH5,+44 (432) 937-8823,Birmingham City University,2:1,01,OCTOBER 2019,Doris Bellasis
69,Margaretta Gedling,Female,17/11/1992,mgedling1w@wordpress.org,Linton,63699 Twin Pines Terrace,BD23,+44 (132) 102-2471,Central Saint Martins College of Art & Design,2:2,16,OCTOBER 2019,Fifi Etton
70,CLINT DRAPER,Male,22/09/1998,cdraper1x@ning.com,Twyford,180 VERMONT WAY,LE14,+44-981-763-3344,University of Essex,2:1,10,OCTOBER 2019,Sunny Sladefield
71,Verine Pickring,Female,15/10/1993,vpickring1y@gravatar.com,Wootton,91 Banding Alley,NN4,+44 (852) 826-7855,University of Northampton,2:1,17,OCTOBER 2019,Sunny Sladefield
72,Arlie Baynam,Female,17/07/1991,abaynam1z@wsj.com,Aberdeen,453 Spenser Trail,AB39,+44 827 869 2552,London School of Business & Finance,2:2,16,OCTOBER 2019,Sunny Sladefield
73,Kermit Sommerton,Male,13/05/1998,ksommerton20@printfriendly.com,Dean,959 Forster Lane,OX7,+44-317-789-4152,Falmouth University,2:1,,,
74,Cass Jenyns,Female,25/08/1991,cjenyns21@msn.com,,,,+44-368-846-6103,University of Warwick,2:2,31,OCTOBER 2019,Doris Bellasis
75,Eward Stanyard,Male,01/04/1995,estanyard22@hc360.com,London,8306 6th Court,SW1E,+44 (518) 840-2055,University of Paisley,2:1,01,OCTOBER 2019,Sunny Sladefield
76,Dalston Vescovini,Male,26/10/1990,dvescovini23@princeton.edu,Ashley,44 Lawn Lane,SN13,,European School of Economics,2:2,08,OCTOBER 2019,Rupert Ripple
77,Jasmina Perillo,Female,07/05/2000,jperillo24@utexas.edu,Dean,462 Sundown Circle,OX7,+44-377-732-5715,University of Aberdeen,2:2,22,OCTOBER 2019,Stacey Broad
78,Fair Lucia,Male,19/03/1994,flucia25@desdev.cn,Dean,7446 Service Park,OX7,+44 701 217 7896,University of Bolton,2:2,31,OCTOBER 2019,Fifi Etton
79,Ynez Turbard,Female,24/02/1998,yturbard26@xinhuanet.com,Glasgow,8115 Schurz Junction,G4,+44 (308) 931-1536,Aston University,1st,,,
80,Drucie Bianco,Female,21/02/1994,dbianco27@cbslocal.com,London,485 Grasskamp Alley,EC3M,+44 805 260 4614,University of Worcester,2:2,10,OCTOBER 2019,Sunny Sladefield
81,Odell Dwire,Male,24/07/1991,odwire28@wiley.com,Sheffield,389 Old Gate Hill,S1,+44 925 968 2321,Aga Khan University,2:1,24,OCTOBER 2019,Rupert Ripple
82,Powell Wank,Male,,pwank29@netvibes.com,Halton,16 Maple Lane,LS9,+44-790-823-5209,Heriot-Watt University,2:1,10,OCTOBER 2019,Rupert Ripple
83,Joete Gummory,Female,20/07/1993,jgummory2a@wikispaces.com,Upton,367 Badeau Way,DN21,+44 (769) 282-5315,University of Dundee,2:1,24,OCTOBER 2019,Stacey Broad
84,Homer Sebborn,Male,17/03/1998,hsebborn2b@miitbeian.gov.cn,Ford,5536 Stang Place,GL54,,University of Bradford,2:1,31,OCTOBER 2019,Bruno Bellbrook
85,Tonye Hearl,Female,07/03/1998,thearl2c@apple.com,Sheffield,40755 Huxley Plaza,S33,+44 931 258 8980,Wimbledon School of Art,1st,10,OCTOBER 2019,Sunny Sladefield
86,Sofia Cullivan,Female,28/04/1999,scullivan2d@fc2.com,Ashley,78 Red Cloud Center,SN13,+44-441-530-0451,Staffordshire University,2:1,22,OCTOBER 2019,Doris Bellasis
87,Walt Kirkby,Male,06/07/1996,wkirkby2e@google.com.au,Birmingham,651 West Court,B12,+44-440-174-4738,"Institute of Latin American Studies, University of London",2:1,17,OCTOBER 2019,Sunny Sladefield
88,Jens Tomaskunas,Male,15/11/2000,jtomaskunas2f@google.com.hk,Thorpe,38563 Knutson Way,BD23,+44 253 593 9756,Trinity College of Music,2:1,23,OCTOBER 2019,Rupert Ripple
89,Kingsly Emmer,Male,,kemmer2g@kickstarter.com,,,,+44 (177) 275-2562,The American University in London,2:2,17,OCTOBER 2019,Rupert Ripple
90,Esme Runsey,Female,16/06/1995,erunsey2h@shareasale.com,Manchester,28386 Upham Park,M14,+44 445 391 0290,University of Oxford,2:1,,,
91,Zarah Leeuwerink,Female,17/07/1994,zleeuwerink2i@tumblr.com,London,998 Fallview Terrace,SW1E,+44-391-168-4473,"University of Wales Institute, Cardiff",2:2,,,
92,Kathrine Sugar,Female,15/12/1995,,Church End,396 Stoughton Junction,CB4,+44-537-141-7610,University of Dundee,2:2,24,OCTOBER 2019,Fifi Eton
93,Lucho Shires,Male,13/08/1993,lshires2k@plala.or.jp,Belfast,2 Park Meadow Court,BT2,+44 788 943 4054,"Institue of Historical Research, University of London",2:1,22,OCTOBER 2019,Doris Bellasis
94,Jerrylee Koenen,Female,06/09/1993,,Kingston,0856 Pine View Avenue,DT10,+44-846-345-6085,University of Hertfordshire,2:1,30,OCTOBER 2019,Gismo Tilling
95,Ruttger Whitrod,Male,22/03/1995,,Craigavon,06011 Jackson Alley,BT66,+44 (900) 596-9080,British College of Osteopathic Medicine,1st,08,OCTOBER 2019,Sunny Sladefield
96,Haze Childes,Male,06/03/1994,,Sutton,3231 Loftsgordon Avenue,CT15,+44 (706) 178-1755,University of Durham,2:2,22,OCTOBER 2019,Rupert Ripple
97,Wallache Soldi,Male,12/12/1993,wsoldi2o@umn.edu,Kirkton,53 Onsgard Avenue,KW10,+44 (192) 503-4351,American InterContinental University - London,2:2,03,OCTOBER 2019,Bruno Belbrook
98,Lindon Mee,Male,21/05/2000,lmee2p@cloudflare.com,Whitchurch,0892 Debra Court,BS14,+44 630 900 2241,"Birkbeck College, University of London",1st,23,OCTOBER 2019,Gismo Tilling
99,Gardener Boundey,Male,05/09/1992,gboundey2q@reuters.com,Halton,50686 Schmedeman Pass,LS9,+44 607 780 3632,American InterContinental University - London,2:1,10,OCTOBER 2019,Rupert Ripple
100,Kori Ismail,Female,07/04/1999,kismail2r@nyu.edu,Upton,2232 Northport Plaza,DN21,,"Warburg Institute, University of London",2:1,,,
101,Bear Birrane,Male,19/05/1993,bbirrane2s@hud.gov,Swindon,97 Surrey Way,SN1,+44-947-634-7721,Buckinghamshire New University,2:2,08,OCTOBER 2019,Bruno Bellbrook
102,Edgardo Lidyard,Male,31/01/1998,elidyard2t@discuz.net,Birmingham,60365 Morrow Hill,B12,+44 128 726 5860,Huron University USA in London,2:1,01,OCTOBER 2019,Bruno Bellbrook
103,Cliff Knowlton,Male,04/05/1998,cknowlton2u@huffingtonpost.com,London,223 Esch Center,SW1E,+44 214 590 2568,South Bank University,2:2,10,OCTOBER 2019,Rupert Ripple
104,Martita Hugle,Female,06/07/1992,mhugle2v@japanpost.jp,Sheffield,79 Northfield Lane,S33,+44 (238) 560-1268,Brunel University Uxbridge,2:2,23,OCTOBER 2019,Gismo Tilling
105,Claudia May,Female,,cmay2w@ow.ly,East End,4 Reinke Way,BH21,+44-595-182-3196,"University of Wales, Newport",2:1,01,OCTOBER 2019,Sunny Sladefield
106,Mic Wilshire,Male,15/09/1990,mwilshire2x@psu.edu,London,13 Elka Junction,WC1B,+44 (849) 408-1592,University of Leicester,2:2,30,OCTOBER 2019,Doris Bellasis
107,Levi Savary,Male,30/08/1991,lsavary2y@creativecommons.org,Glasgow,2 Fuller Drive,G4,+44 784 174 6515,"Goldsmiths College, University of London",2:1,22,OCTOBER 2019,Bruno Bellbrook
108,Lew Bartlomieczak,Male,09/09/1997,lbartlomieczak2z@dropbox.com,Wirral,84 Monica Hill,CH48,+44 514 286 1866,British College of Osteopathic Medicine,2:1,10,OCTOBER 2019,Stacey Broad
109,CORRENA SUTHEREL,Female,04/10/1996,csutherel30@g.co,Thorpe,5916 Nancy Drive,BD23,+44-919-481-3449,University of Manchester,2:2,15,OCTOBER 2019,Bruno Bellbrook
110,Bartholomeo Keatley,Male,21/10/1994,bkeatley31@skype.com,Charlton,440 Hansons Hill,OX12,+44 421 961 4483,,,10,OCTOBER 2019,Doris Bellasis
111,Damiano Petrusch,,15/02/1991,dpetrusch32@hao123.com,Tullich,334 Red Cloud Parkway,AB55,+44 (533) 106-4105,Falmouth University,2:1,17,OCTOBER 2019,Rupert Ripple
112,Adel Kinrade,Female,02/03/1996,akinrade33@soup.io,Bradford,88213 Hagan Lane,BD7,+44 103 876 3834,,,10,OCTOBER 2019,Bruno Bellbrook
113,Phillip Headech,Male,04/07/1993,pheadech34@tinypic.com,Thorpe,435 Randy Way,BD23,+44-265-995-8339,"University of Wales, Lampeter",2:1,31,OCTOBER 2019,Sunny Sladefield
114,Rossie Caitlin,Male,02/10/1996,rcaitlin35@cargocollective.com,Ford,05 Prairieview Parkway,GL54,+44 (389) 109-6616,University of St. Andrews,2:2,09,OCTOBER 2019,Stacey Broad
115,Dina McGookin,Female,11/12/1991,dmcgookin36@zimbio.com,East End,6403 Crownhardt Lane,BH21,+44-560-523-7692,University of Abertay Dundee,2:1,17,OCTOBER 2019,Bruno Bellbrook
116,Lanie Romeuf,Female,20/02/1996,lromeuf37@ning.com,Liverpool,18568 Badeau Parkway,L74,+44 401 997 6242,University of Northampton,1st,24,OCTOBER 2019,Gismo Tilling
117,Warner Harse,Male,15/03/1997,wharse38@umn.edu,Sheffield,3268 Helena Drive,S33,+44 (433) 491-4547,University of Lancaster,2:2,08,OCTOBER 2019,Stacey Broad
118,Christos Fagan,Male,10/12/1996,cfagan39@dot.gov,Preston,7671 Jana Circle,PR1,+44 314 585 8768,"United Medical and Dental Schools, University of London",2:1,03,OCTOBER 2019,Bruno Bellbrook
119,Horace Scotford,Male,31/01/1999,hscotford3a@51.la,West End,8 Judy Drive,DN36,+44 923 581 1393,,,08,OCTOBER 2019,Stacey Broad
120,Gavin Dougill,Male,20/05/1993,gdougill3b@hatena.ne.jp,Aston,93591 Eagan Pass,TF6,+44 295 127 6566,Newport International University,2:2,24,OCTOBER 2019,Fifi Etton
121,Patten Tinman,Male,23/12/1999,ptinman3c@blogger.com,Normanton,5760 Hayes Way,LE15,+44-322-153-9269,"University College London, University of London",2:2,17,OCTOBER 2019,Doris Bellasis
122,Farlay Pitman,Male,14/06/1997,fpitman3d@cnn.com,London,08938 Green Ridge Trail,WC2H,+44 (980) 729-0839,Cardiff University,3rd,24,OCTOBER 2019,Gismo Tilling
123,Lanni Arrowsmith,Female,18/10/1992,,Milton,160 Drewry Crossing,AB56,+44 710 603 3705,"Warburg Institute, University of London",2:2,30,OCTOBER 2019,Doris Bellasis
124,Deana Lynds,Female,12/03/1999,,Church End,01 Park Meadow Lane,CB4,+44-300-964-3562,University of York,2:1,16,OCTOBER 2019,Rupert Ripple
125,Manuel Brownsword,Male,17/08/1992,mbrownsword3g@japanpost.jp,Birmingham,40064 Fair Oaks Court,B40,+44 895 172 8202,London Business School,2:1,09,OCTOBER 2019,Rupert Ripple
126,Rogerio Woollhead,Male,13/04/1996,rwoollhead3h@pcworld.com,Denton,4 Aberg Point,M34,+44 (241) 301-8169,"London School of Economics and Political Science, University of London",2:1,09,OCTOBER 2019,Rupert Ripple
127,Gerladina Reynolds,Female,03/09/1993,greynolds3i@who.int,Liverpool,9 Pleasure Park,L33,+44-253-929-1781,University of Worcester,2:1,30,OCTOBER 2019,Rupert Ripple
128,Nefen Wolton,Male,07/11/1994,nwolton3j@4shared.com,,,,+44 273 222 8027,University of Dundee,2:1,30,OCTOBER 2019,Doris Bellasis
129,Kameko Wilmore,Female,05/06/1993,kwilmore3k@blinklist.com,London,325 Nova Crossing,WC1B,+44-482-548-5209,The Robert Gordon University,2:2,23,OCTOBER 2019,Sunny Sladefield
130,Perla Haibel,Female,06/11/1994,phaibel3l@canalblog.com,Sutton,35 Blaine Park,CT15,+44 (141) 646-6676,University of Bath,2:1,02,OCTOBER 2019,Fifi Etton
131,Parrnell Wroe,Male,08/08/1994,pwroe3m@diigo.com,Bradford,09 Bobwhite Crossing,BD7,,"School of Pharmacy, University of London",2:1,10,OCTOBER 2019,Sunny Sladefield
132,Carrie Fitzhenry,Female,14/03/1998,cfitzhenry3n@samsung.com,Church End,801 Arizona Hill,CB4,,University of Salford,2:1,23,OCTOBER 2019,Gismo Tilling
133,Stephi Duckering,Female,15/02/1995,sduckering3o@163.com,Birmingham,0202 Blackbird Place,B40,+44 422 326 2463,Wimbledon School of Art,3rd,29,OCTOBER 2019,Stacey Broad
134,Casper Willcott,Male,20/04/1996,cwillcott3p@nsw.gov.au,Kingston,1218 Paget Park,DT10,+44 (674) 249-1827,University of Salford,2:1,31,OCTOBER 2019,Stacey Broad
135,Paloma Gislebert,Female,02/09/1992,pgislebert3q@imageshack.us,Linton,0 Aberg Hill,BD23,+44 592 907 6656,"Schiller International University, London",2:1,22,OCTOBER 2019,Doris Bellasis
136,Reuven Kneaphsey,Male,25/07/1993,rkneaphsey3r@eventbrite.com,,,,+44-535-749-6980,The Robert Gordon University,2:2,23,OCTOBER 2019,Sunny Sladefield
137,Alexis Adess,Male,05/09/1991,aadess3s@sbwire.com,Twyford,733 Summit Avenue,LE14,+44 (387) 609-4025,University of Liverpool,3rd,10,OCTOBER 2019,Stacey Broad
138,Nelie Chate,Female,15/01/1992,nchate3t@wordpress.org,Thorpe,84203 Orin Hill,BD23,,University of York,2:1,23,OCTOBER 2019,Stacey Broad
139,Hatty Kinner,Female,03/01/1991,hkinner3u@about.com,Marston,7 Fisk Trail,ST20,+44 931 888 7789,"London School of Hygiene & Tropical Medicine, University of London",2:1,23,OCTOBER 2019,Bruno Bellbrook
140,Betty Frensch,Female,24/09/1993,bfrensch3v@mozilla.org,Dean,3 Gerald Court,OX7,+44 628 990 7610,University of Derby,2:1,31,OCTOBER 2019,Bruno Bellbrook
141,Jamey Longley,Male,01/10/1998,jlongley3w@joomla.org,,,,+44 (852) 570-4176,University of Bradford,1st,,,
142,Chucho Kegan,Male,07/07/1999,ckegan3x@taobao.com,Birmingham,6863 Rockefeller Court,B12,+44 (765) 812-0750,University of Exeter,2:1,16,OCTOBER 2019,Sunny Sladefield
143,Ev Buncom,Male,07/11/1995,ebuncom3y@creativecommons.org,London,8 Londonderry Pass,WC1B,+44 598 646 4096,Heriot-Watt University,2:1,,,
144,Pauly Rebbeck,Female,,prebbeck3z@ebay.com,Church End,231 Scoville Plaza,N3,+44 (934) 642-6940,University of Northumbria at Newcastle,3rd,10,OCTOBER 2019,Doris Bellasis
145,Malvin Penrith,Male,04/02/1994,mpenrith40@forbes.com,Twyford,171 Pierstorff Junction,LE14,+44-863-909-1718,Thames Valley University,2:2,10,OCTOBER 2019,Gismo Tilling
146,Leontyne Cowoppe,Female,06/01/1999,lcowoppe41@mysql.com,Leeds,17730 Crescent Oaks Drive,LS6,+44-869-100-6290,University of Bolton,1st,,,
147,Nora Leyes,Female,10/07/1992,nleyes42@youtu.be,West End,4 Nevada Street,DN36,+44 (913) 833-3496,University of Portsmouth,2:2,23,OCTOBER 2019,Doris Bellasis
148,Ginevra Kops,Female,22/05/1999,gkops43@instagram.com,Linton,372 American Ash Court,BD23,+44-326-176-9265,De Montfort University Leicester,2:2,01,OCTOBER 2019,Bruno Bellbrook
149,Lambert Fortnon,Male,28/10/1994,lfortnon44@spiegel.de,Burnside,26 Luster Trail,EH52,+44-927-758-7663,,,01,OCTOBER 2019,Rupert Ripple
150,Banky McHaffy,Male,10/10/1997,bmchaffy45@wordpress.com,Bristol,46564 Vidon Junction,BS41,+44 230 924 0592,University of Leeds,2:1,24,OCTOBER 2019,Fifi Eton
151,Alicia Timmis,Female,13/03/1998,atimmis46@wordpress.com,Preston,36 Eastlawn Plaza,PR1,+44-575-534-1228,University of Edinburgh,2:1,29,OCTOBER 2019,Bruno Bellbrook
152,Kristian Girhard,Male,02/08/2000,kgirhard47@dyndns.org,Twyford,17 1st Terrace,LE14,+44 410 287 4627,London Metropolitan University,1st,31,OCTOBER 2019,Stacey Broad
153,Elliot Chetwynd,Male,09/09/1995,echetwynd48@hugedomains.com,Sutton,07132 Fair Oaks Trail,RH5,+44 (767) 435-8682,Southampton Solent University,2:1,22,OCTOBER 2019,Gismo Tilling
154,Fabio Cattemull,Male,05/10/2000,fcattemull49@cloudflare.com,Sutton,97 Sullivan Junction,RH5,+44 (551) 763-8598,University of Lincoln,2:1,17,OCTOBER 2019,Doris Bellasis
155,Vinita Ilchenko,Female,11/07/2000,vilchenko4a@linkedin.com,Birmingham,8 Golf Road,B40,+44-760-691-3782,"University of Wales, Swansea",3rd,22,OCTOBER 2019,Gismo Tilling
156,Alasteir Cootes,Male,24/07/1996,acootes4b@ucoz.com,London,1491 Susan Crossing,WC1B,+44 (755) 813-8158,University of Chester,2:2,02,OCTOBER 2019,Fifi Etton
157,Marianna Casa,Female,09/08/1996,mcasa4c@oakley.com,Newport,5 John Wall Junction,NR29,+44-700-459-3211,University of Bath,2:2,31,OCTOBER 2019,Sunny Sladefield
158,Eugene Tomlinson,Male,22/03/1990,etomlinson4d@jimdo.com,East End,8686 Pierstorff Plaza,BH21,+44-739-964-0668,University of Newcastle-upon-Tyne,2:1,08,OCTOBER 2019,Stacey Broad
159,Mariejeanne Seatter,Female,01/01/1999,mseatter4e@comcast.net,Hatton,44 Birchwood Trail,CV35,+44 384 381 1313,"Queen Mary and Westfield College, University of London",2:1,22,OCTOBER 2019,Bruno Bellbrook
160,De witt O'Dowd,Male,31/05/1996,dwitt4f@jalbum.net,Ford,694 Meadow Vale Circle,GL54,+44 (532) 829-4501,University of East Anglia,2:1,29,OCTOBER 2019,Bruno Bellbrook
161,Eleni Alyukin,Female,02/07/1997,,Belfast,85 Kingsford Plaza,BT2,+44 987 729 8261,University of Westminster,2:1,22,OCTOBER 2019,Stacey Broad
162,Doretta Hallor,Female,31/07/1990,dhallor4h@gmpg.org,Upton,0791 Fieldstone Road,WF9,+44-853-436-5816,Thames Valley University,1st,15,OCTOBER 2019,Gismo Tilling
163,Nariko Robelin,Female,27/07/1994,,Preston,6891 Bunker Hill Lane,PR1,+44 384 555 9975,University of Paisley,3rd,10,OCTOBER 2019,Bruno Bellbrook
164,Olly Aitkenhead,Female,26/08/1993,oaitkenhead4j@newsvine.com,Bristol,7554 Hoffman Avenue,BS41,+44 (797) 800-6849,Trinity College Carmarthen,1st,16,OCTOBER 2019,Bruno Bellbrook
165,Wallie Pecha,Female,24/01/1991,wpecha4k@usnews.com,Liverpool,73170 Parkside Lane,L33,+44-618-690-7363,Brunel University Uxbridge,3rd,10,OCTOBER 2019,Gismo Tilling
166,Pru Bilbee,Female,21/07/2000,,Normanton,9971 Warner Lane,LE15,+44-925-905-6886,Wimbledon School of Art,2:2,08,OCTOBER 2019,Doris Bellasis
167,Dudley Whiles,Male,26/06/1990,dwhiles4m@ehow.com,Norton,153 Leroy Terrace,S8,+44 957 196 5419,University of Hull,1st,17,OCTOBER 2019,Bruno Bellbrook
168,Toby Frossell,Female,09/01/1997,tfrossell4n@histats.com,Pentre,6 Schlimgen Way,SY4,+44-236-791-2931,Newport International University,2:2,23,OCTOBER 2019,Bruno Bellbrook
169,Vaughan Borchardt,Male,08/02/1997,vborchardt4o@home.pl,Seaton,71656 Shasta Road,LE15,+44 (518) 229-0771,University of Wolverhampton,2:1,29,OCTOBER 2019,Gismo Tilling
170,Reg Vanshin,Male,29/11/1993,rvanshin4p@yandex.ru,Thorpe,327 Stuart Alley,BD23,+44-833-509-0352,University of Ulster,2:2,29,OCTOBER 2019,Bruno Bellbrook
171,Tabbatha Kullmann,Female,02/10/1996,tkullmann4q@dyndns.org,Glasgow,1 Pawling Place,G4,+44 (586) 140-0811,Wimbledon School of Art,3rd,09,OCTOBER 2019,Gismo Tilling
172,Teirtza Ghion,Female,29/03/1997,tghion4r@wisc.edu,Newtown,50 Trailsway Lane,RG20,+44 693 669 4324,University of Oxford,2:2,17,OCTOBER 2019,Stacey Broad
173,Mary Darnbrough,Female,15/12/1998,mdarnbrough4s@wufoo.com,Kirkton,6373 Derek Avenue,KW10,,Sheffield Hallam University,3rd,30,OCTOBER 2019,Gismo Tilling
174,Maiga Griffin,Female,16/03/2000,mgriffin4t@cafepress.com,Hatton,765 Troy Avenue,CV35,+44-637-522-2762,University of Portsmouth,2:2,24,OCTOBER 2019,Rupert Ripple
175,Far Lubeck,Male,,flubeck4u@chicagotribune.com,Newbiggin,9 Daystar Way,NE46,+44 (885) 793-9678,University of Dundee,2:1,01,OCTOBER 2019,Bruno Bellbrook
176,Addi Larter,Female,14/05/1993,alarter4v@sogou.com,Wirral,91423 Golden Leaf Plaza,CH48,+44 121 487 9223,Camberwell College of Arts,3rd,15,OCTOBER 2019,Fifi Etton
177,Tamas Stendall,Male,18/11/1998,tstendall4w@yolasite.com,Ashley,28504 Carpenter Lane,SN13,+44 (384) 933-4941,"London School of Economics and Political Science, University of London",1st,03,OCTOBER 2019,Stacey Broad
178,Markos Orwin,Male,22/12/1993,morwin4x@zdnet.com,Aston,20 Leroy Junction,TF6,+44-551-561-5292,"Institue of Historical Research, University of London",1st,22,OCTOBER 2019,Stacey Broad
179,Tierney Twatt,Female,27/05/2000,ttwatt4y@multiply.com,Horton,099 Sundown Circle,BS37,+44-617-752-2256,Glasgow School of Art,3rd,15,OCTOBER 2019,Doris Bellasis
180,Noel Dabnot,Female,30/12/1994,ndabnot4z@discovery.com,Swindon,037 Red Cloud Plaza,SN1,+44 952 593 4476,University of Bradford,2:1,08,OCTOBER 2019,Rupert Ripple
181,Alice Vickery,Female,02/03/1996,avickery50@free.fr,Birmingham,5 Saint Paul Place,B12,+44 674 974 2137,"Royal College of Music, University of London",1st,17,OCTOBER 2019,Fifi Etton
182,Kala Bock,Female,07/03/1991,kbock51@psu.edu,Norton,9399 Myrtle Junction,S8,,London Institute of Management and Technology,3rd,09,OCTOBER 2019,Stacey Broad
183,Audrye Knightley,Female,11/01/1994,aknightley52@intel.com,Belfast,30402 Grayhawk Place,BT2,+44 627 723 9231,University of Cambridge,2:1,02,OCTOBER 2019,Rupert Ripple
184,Ashley Woodvine,Male,24/11/1993,,Newbiggin,505 Ilene Parkway,NE46,+44-837-815-4504,University of Wolverhampton,2:2,29,OCTOBER 2019,Gismo Tilling
185,Tiffany Laugherane,Female,03/02/1996,tlaugherane54@alibaba.com,London,98 Killdeer Park,EC3M,+44 (195) 453-4419,University of Sheffield,1st,24,OCTOBER 2019,Rupert Ripple
186,Daphene Barkly,Female,21/10/1995,dbarkly55@nps.gov,Kinloch,84607 Jenna Point,PH43,+44 414 529 9521,University of Newcastle-upon-Tyne,1st,30,OCTOBER 2019,Gismo Tilling
187,Meredith Craufurd,Male,26/01/1997,mcraufurd56@shutterfly.com,Merton,0 Dawn Point,SW19,+44-170-946-8058,"Schiller International University, London",3rd,10,OCTOBER 2019,Doris Bellasis
188,Janna Houlaghan,Female,22/05/1994,jhoulaghan57@prnewswire.com,Newtown,1 Algoma Road,RG20,+44 195 953 0151,"University of Wales Institute, Cardiff",2:1,30,OCTOBER 2019,Rupert Ripple
189,Florella Boays,Female,05/02/1992,fboays58@goo.gl,Ford,7830 Ridgeway Parkway,GL54,+44 (609) 496-1019,"Warburg Institute, University of London",2:1,30,OCTOBER 2019,Sunny Sladefield
190,Karita Crissil,Female,10/01/1996,kcrissil59@nymag.com,Horton,5 Meadow Valley Alley,BS37,+44-941-594-0835,London School of Jewish Studies,2:2,24,OCTOBER 2019,Gismo Tilling
191,Demetra Darmody,Female,05/01/1998,ddarmody5a@exblog.jp,Leeds,29 Jenna Alley,LS6,+44-243-416-8262,Liverpool Hope University College,2:1,29,OCTOBER 2019,Gismo Tilling
192,Stanly Rickert,Male,14/02/1991,,Tullich,0619 Artisan Crossing,AB55,+44 (750) 376-9311,University of Oxford,2:1,03,OCTOBER 2019,Bruno Bellbrook
193,Bobine Advani,Female,12/06/1993,badvani5c@google.co.uk,Walton,79996 Charing Cross Pass,CV35,,University of Southampton,2:2,10,OCTOBER 2019,Stacey Broad
194,Adey Bramwell,Female,19/12/1999,abramwell5d@php.net,Birmingham,21090 Declaration Junction,B40,+44-354-897-4136,"Royal Free Hospital School of Medicine, University of London",1st,16,OCTOBER 2019,Sunny Sladefield
195,Lazarus Varley,Male,09/07/1998,lvarley5e@prlog.org,Birmingham,5694 Carey Trail,B40,+44 881 378 2397,American InterContinental University - London,2:1,31,OCTOBER 2019,Doris Bellasis
196,Nalani Petz,Female,25/11/1991,npetz5f@sun.com,Dean,47989 Rieder Parkway,OX7,+44 (986) 721-7925,Royal Holloway and Bedford New College,2:1,24,OCTOBER 2019,Bruno Bellbrook
197,Gail Basso,Male,26/05/1996,gbasso5g@smugmug.com,Church End,2489 Grover Way,CB4,+44 549 418 2977,University of Surrey,2:1,02,OCTOBER 2019,Fifi Etton
198,Nonnah Gentreau,Female,01/03/1998,ngentreau5h@disqus.com,Aston,901 Thierer Hill,TF6,+44-160-696-0682,University of Cambridge,2:2,02,OCTOBER 2019,Doris Bellasis
199,Benedetta Butteris,,15/10/1997,bbutteris5i@mayoclinic.com,Merton,87 Warner Court,SW19,+44 915 545 3214,South Bank University,3rd,,,
200,Toinette Hallut,Female,29/09/2000,,Whitwell,660 Dwight Plaza,DL10,+44-672-771-9044,"St.Patrick's International College, London",2:2,10,OCTOBER 2019,Stacey Broad
201,Emalia Naile,Female,27/02/1990,,Church End,0591 Gerald Way,CB4,+44 817 308 1327,Trinity College Carmarthen,2:1,29,OCTOBER 2019,Gismo Tilling
202,Vikki Norrie,Female,10/08/2000,vnorrie5l@posterous.com,Newport,9 Esch Hill,NR29,+44 (736) 790-2515,"Institute of Advanced Legal Studies, University of London",2:1,,,
203,Orella Calcraft,Female,25/02/1997,ocalcraft5m@tamu.edu,Sutton,50700 Raven Road,CT15,+44 (898) 495-8883,"Birkbeck College, University of London",2:1,,,
204,Wileen Gartenfeld,Female,04/11/1996,wgartenfeld5n@simplemachines.org,Aston,06 Kropf Plaza,TF6,+44 614 484 6764,"London School of Hygiene & Tropical Medicine, University of London",2:2,15,OCTOBER 2019,Stacey Broad
205,Aleksandr Lean,Male,25/08/1998,alean5o@godaddy.com,Kingston,68 Hovde Terrace,DT10,+44 901 661 4337,ifs University College,2:2,10,OCTOBER 2019,Bruno Bellbrook
206,Lucas Duthie,Male,19/09/1993,lduthie5p@chicagotribune.com,Newport,38 Ohio Center,NR29,+44-225-334-6855,University of Lancaster,2:1,31,OCTOBER 2019,Bruno Bellbrook
207,Gaston Kunc,Male,15/01/1999,gkunc5q@cloudflare.com,Seaton,5590 Tennessee Plaza,LE15,+44-150-144-9234,Swansea Metropolitan University,2:2,24,OCTOBER 2019,Fifi Eton
208,Abdel Shovel,Male,28/12/1999,,Horton,86532 Stang Place,BS37,+44-771-304-7732,Southampton Solent University,2:1,30,OCTOBER 2019,Doris Bellasis
209,Ileane Margarson,Female,11/04/2000,imargarson5s@gov.uk,Aberdeen,995 Anthes Trail,AB39,+44 (913) 200-3411,"London School of Economics and Political Science, University of London",3rd,15,OCTOBER 2019,Rupert Ripple
210,Thaxter Vanyushin,Male,18/09/1998,tvanyushin5t@slideshare.net,Craigavon,497 Acker Place,BT66,+44 (441) 399-1125,Brunel University Uxbridge,2:2,24,OCTOBER 2019,Bruno Bellbrook
211,Barny Cannicott,Male,27/05/1995,bcannicott5u@sciencedaily.com,Craigavon,86061 Maple Park,BT66,+44 (616) 808-1126,University of Leeds,2:1,22,OCTOBER 2019,Sunny Sladefield
212,Marquita Gatehouse,Female,13/09/1996,mgatehouse5v@joomla.org,Bristol,4902 Chinook Avenue,BS41,+44 (654) 160-7288,University of Leicester,2:2,09,OCTOBER 2019,Rupert Ripple
213,Gordan Delgadillo,Male,,gdelgadillo5w@amazon.co.uk,Edinburgh,15133 Fulton Circle,EH9,+44 630 977 7084,Southampton Solent University,2:2,03,OCTOBER 2019,Stacey Broad
214,Mateo Hanburry,Male,18/09/2000,mhanburry5x@friendfeed.com,Brampton,3001 Nova Crossing,NR34,+44 (831) 124-9238,University of Sussex,1st,15,OCTOBER 2019,Fifi Eton
215,Joann Aspinwall,Female,23/10/1996,jaspinwall5y@patch.com,Weston,2768 Del Mar Plaza,GU32,+44-447-868-5941,University of Bristol,2:2,01,OCTOBER 2019,Sunny Sladefield
216,Jordain Offen,Female,13/08/1997,joffen5z@utexas.edu,London,99 Kipling Terrace,EC1V,+44 258 932 2136,,,16,OCTOBER 2019,Rupert Ripple
217,Barnie Jersh,Male,27/11/1992,bjersh60@un.org,Sutton,900 Fallview Circle,RH5,,Anglia Ruskin University,3rd,10,OCTOBER 2019,Rupert Ripple
218,Elie Lidgett,Female,05/02/1996,elidgett61@diigo.com,London,5844 Truax Parkway,EC3M,+44 (145) 275-1503,University of Central Lancashire,1st,08,OCTOBER 2019,Doris Bellasis
219,Edouard Gunbie,Male,,egunbie62@cnn.com,Sutton,288 Claremont Circle,CT15,+44 (193) 593-3854,Napier University,2:2,,,
220,Ferdie Mullinger,Male,08/12/1990,fmullinger63@vkontakte.ru,Upton,41828 Eagle Crest Alley,WF9,+44 902 148 3207,"Institute of Latin American Studies, University of London",3rd,03,OCTOBER 2019,Doris Bellasis
221,Gisela Andrea,Female,,gandrea64@chicagotribune.com,Leeds,4 Homewood Trail,LS6,,"Institute of Commonwealth Studies, University of London",3rd,29,OCTOBER 2019,Fifi Etton
222,Decca Rayburn,Male,15/04/1997,drayburn65@fda.gov,Stapleford,05 Lyons Lane,LN6,+44 803 732 2393,"University of Wales, Lampeter",2:2,08,OCTOBER 2019,Sunny Sladefield
223,Lonnard Wetton,Male,27/07/1991,lwetton66@dropbox.com,Sheffield,700 Meadow Ridge Pass,S1,+44-519-944-9070,"University of Wales, Bangor",3rd,24,OCTOBER 2019,Sunny Sladefield
224,Antony Eckert,Male,30/04/1995,aeckert67@hexun.com,London,344 Hooker Place,EC1V,+44 505 533 1045,University of Sheffield,3rd,02,OCTOBER 2019,Stacey Broad
225,Pryce Playden,Male,24/02/1996,pplayden68@topsy.com,Dean,602 School Hill,OX7,+44 (598) 341-5383,ifs University College,1st,02,OCTOBER 2019,Rupert Ripple
226,Vanny Grimsditch,Female,03/03/1990,vgrimsditch69@skype.com,London,2 Oriole Terrace,WC2H,+44 (297) 616-6429,"Royal Academy of Music, University of London",3rd,24,OCTOBER 2019,Rupert Ripple
227,Blondy Docker,Female,19/06/1992,bdocker6a@123-reg.co.uk,Newton,056 Maple Wood Lane,NG34,+44-800-912-3128,Swansea Metropolitan University,2:1,02,OCTOBER 2019,Doris Bellasis
228,Aveline Andrzej,Female,05/03/1996,aandrzej6b@wp.com,East End,706 Pennsylvania Place,BH21,+44-794-175-2542,"Queen Mary and Westfield College, University of London",2:1,02,OCTOBER 2019,Doris Bellasis
229,Patrice Hawkshaw,Female,15/06/1995,phawkshaw6c@about.me,London,549 Springs Center,EC3M,+44 371 553 1140,"Institute of Commonwealth Studies, University of London",2:2,02,OCTOBER 2019,Sunny Sladefield
230,Sallyann Jacobi,Female,11/09/1996,sjacobi6d@163.com,Sheffield,72033 Straubel Avenue,S33,+44-797-802-0724,Chelsea College of Art and Design,2:2,01,OCTOBER 2019,Sunny Sladefield
231,Jori Riseley,Female,28/05/2000,jriseley6e@g.co,Birmingham,17 Pearson Parkway,B40,+44 716 180 7734,University of Liverpool,3rd,24,OCTOBER 2019,Doris Bellasis
232,Robbie Vizor,Male,11/02/1992,rvizor6f@symantec.com,Church End,804 Ridge Oak Pass,CB4,+44 518 817 2546,Loughborough University,2:1,29,OCTOBER 2019,Stacey Broad
233,Corny O'Tuohy,Male,30/08/1992,cotuohy6g@reverbnation.com,Bristol,9822 Hoard Place,BS41,+44-852-708-3807,"Institue of Historical Research, University of London",2:2,24,OCTOBER 2019,Sunny Sladefield
234,Tory Aireton,Female,28/04/1998,taireton6h@mozilla.com,Halton,5 Di Loreto Hill,LS9,+44 817 914 4843,Royal College of Art,1st,23,OCTOBER 2019,Bruno Bellbrook
235,Kelly Coneybeer,Male,21/02/1997,kconeybeer6i@4shared.com,Twyford,15016 Ridge Oak Trail,LE14,+44 447 431 2046,University of Stirling,2:1,24,OCTOBER 2019,Rupert Ripple
236,Tomaso Filppetti,Male,14/07/1995,tfilppetti6j@tmall.com,Liverpool,91707 Tomscot Alley,L33,,University of Abertay Dundee,2:1,,,
237,Tucky Henstridge,Male,,thenstridge6k@auda.org.au,Kinloch,80411 Ronald Regan Circle,PH43,+44 (784) 335-1332,Loughborough University,2:1,17,OCTOBER 2019,Gismo Tilling
238,Hale Severns,Male,12/01/1992,hseverns6l@acquirethisname.com,Milton,5 Spaight Crossing,AB56,+44-455-504-0530,Liverpool John Moores University,2:1,31,OCTOBER 2019,Doris Bellasis
239,Idalina Nesby,Female,12/11/1995,inesby6m@sun.com,Newport,458 Anzinger Trail,NR29,+44 934 663 1326,University of Northampton,2:1,08,OCTOBER 2019,Fifi Etton
240,Mart Petroff,Male,06/05/1994,mpetroff6n@surveymonkey.com,Linton,122 Hanover Circle,BD23,+44 916 681 9143,International Colleges of Islamic Science,2:1,,,
241,Luisa Griffe,Female,06/05/2000,lgriffe6o@scribd.com,Sutton,8 Mendota Parkway,RH5,+44-964-358-7507,University of Hull,1st,30,OCTOBER 2019,Gismo Tilling
242,Abner Devo,Male,30/07/1991,adevo6p@cam.ac.uk,Glasgow,787 Farragut Alley,G4,+44-921-245-6924,"Royal Academy of Music, University of London",3rd,24,OCTOBER 2019,Fifi Eton
243,Gibbie Creyke,Male,10/01/1993,gcreyke6q@skype.com,Kinloch,7124 Nancy Avenue,PH43,+44-165-379-1398,Falmouth University,2:1,08,OCTOBER 2019,Doris Bellasis
244,Peterus Wraith,Male,,,Liverpool,04 Lakewood Parkway,L33,+44 594 632 2339,British College of Osteopathic Medicine,2:1,10,OCTOBER 2019,Doris Bellasis
245,Ros Hamerton,Female,24/04/1997,rhamerton6s@topsy.com,Sheffield,0512 Walton Junction,S33,+44 720 308 2221,,,02,OCTOBER 2019,Stacey Broad
246,Agustin Boog,Male,03/01/1998,aboog6t@behance.net,Dean,0 Ludington Parkway,OX7,+44 (619) 262-1107,Loughborough University,2:2,01,OCTOBER 2019,Rupert Ripple
247,Hogan Raffan,Male,06/07/1998,hraffan6u@nih.gov,Manchester,2 Montana Trail,M14,+44 (949) 583-2864,University of Greenwich,2:1,15,OCTOBER 2019,Gismo Tilling
248,Evelina Owens,,04/06/1997,eowens6v@theglobeandmail.com,London,2595 Eagan Point,EC1V,+44-640-591-4816,Open University,2:2,02,OCTOBER 2019,Bruno Bellbrook
249,Fiann Parmeter,Female,13/11/1995,fparmeter6w@baidu.com,Edinburgh,7 Monterey Point,EH9,+44-234-985-7943,Wimbledon School of Art,2:2,01,OCTOBER 2019,Fifi Etton
250,Ambros Dionsetto,Male,18/02/1998,adionsetto6x@yahoo.co.jp,Whitwell,0903 Anzinger Trail,DL10,+44-915-901-3071,Chelsea College of Art and Design,2:2,23,OCTOBER 2019,Sunny Sladefield
251,Hildy Todd,Female,18/06/1996,htodd6y@google.de,Upton,9498 Barby Drive,WF9,+44 (149) 699-8905,"University of Wales, Aberystwyth",3rd,17,OCTOBER 2019,Bruno Bellbrook
252,Englebert Hedman,Male,09/12/1996,ehedman6z@about.com,Sutton,523 Farragut Point,CT15,+44 (212) 370-7458,Loughborough University,1st,16,OCTOBER 2019,Sunny Sladefield
253,Linette Gilhoolie,Female,02/10/1995,,Tullich,4267 Larry Hill,AB55,+44 367 978 7524,Buckinghamshire New University,3rd,01,OCTOBER 2019,Sunny Sladefield
254,Ame O'Keaveny,Female,06/09/1993,aokeaveny71@cnn.com,Halton,82429 Anzinger Pass,LS9,+44 672 947 1655,Leeds Metropolitan University,2:1,22,OCTOBER 2019,Doris Bellasis
255,Karney Woodcraft,Male,02/03/1993,kwoodcraft72@cbc.ca,Wootton,855 Superior Junction,NN4,,Middlesex University,2:2,,,
256,Sheff Waleworke,Male,22/03/1997,swaleworke73@weather.com,Church End,80999 Huxley Alley,CB4,+44 (377) 255-3580,The Robert Gordon University,2:2,22,OCTOBER 2019,Fifi Eton
257,Gabby Mayor,Male,20/02/1993,gmayor74@epa.gov,,,,+44 658 102 5202,"Courtauld Institute of Art, University of London",1st,02,OCTOBER 2019,Doris Bellasis
258,Leese Tuffey,Female,,ltuffey75@psu.edu,Marston,8408 Mallard Trail,ST20,+44 487 336 3982,European School of Economics,2:1,22,OCTOBER 2019,Doris Bellasis
259,Mona Herreros,Female,27/10/1993,mherreros76@umich.edu,Twyford,1240 Morning Circle,LE14,+44-253-108-0244,Leeds Metropolitan University,2:2,,,
260,Gery Tilio,Male,03/04/1990,gtilio77@ning.com,Birmingham,7 Melvin Avenue,B40,+44-953-612-5753,University of Greenwich,1st,02,OCTOBER 2019,Bruno Bellbrook
261,Almeda Jeppe,Female,04/10/1990,,Liverpool,9 High Crossing Crossing,L33,+44 (818) 281-2905,University of Gloucestershire,2:2,24,OCTOBER 2019,Bruno Bellbrook
262,Xerxes Limpertz,Male,06/09/1991,xlimpertz79@blogtalkradio.com,Norton,8036 Sachs Drive,S8,,"Courtauld Institute of Art, University of London",2:1,,,
263,Celesta Linturn,Female,09/05/2000,clinturn7a@engadget.com,Newbiggin,2149 Mallard Circle,NE46,+44 (414) 180-6858,University of Huddersfield,2:2,23,OCTOBER 2019,Doris Bellasis
264,Caterina Szwandt,Female,14/12/1994,cszwandt7b@e-recht24.de,London,72643 Mesta Court,EC1V,,"School of Pharmacy, University of London",3rd,09,OCTOBER 2019,Bruno Bellbrook
265,Kalvin Matuskiewicz,Male,17/06/1991,kmatuskiewicz7c@posterous.com,Church End,96429 Mockingbird Terrace,N3,+44 934 560 0953,University of Ulster,2:2,,,
266,Ban Craze,Male,04/10/1991,bcraze7d@theatlantic.com,Preston,0 Bellgrove Point,PR1,+44 (889) 931-6068,"Royal Free Hospital School of Medicine, University of London",2:2,10,OCTOBER 2019,Stacey Broad
267,Heddi Vernay,Female,26/12/1995,hvernay7e@sakura.ne.jp,West End,8 La Follette Park,DN36,+44 684 475 4006,"Birkbeck College, University of London",2:1,22,OCTOBER 2019,Sunny Sladefield
268,Sandy Droogan,Male,30/01/1995,sdroogan7f@hud.gov,Liverpool,3014 Superior Crossing,L74,+44 965 768 0779,London Guildhall University,1st,17,OCTOBER 2019,Fifi Eton
269,Elvera Gorman,Female,24/03/1996,egorman7g@infoseek.co.jp,Buckland,0 North Parkway,CT16,+44-920-955-5146,University of Glamorgan,2:1,16,OCTOBER 2019,Doris Bellasis
270,Harwilll Weildish,Male,18/05/1992,hweildish7h@hud.gov,Newtown,72 Glendale Terrace,RG20,+44 (572) 127-0555,University of Central Lancashire,2:1,09,OCTOBER 2019,Doris Bellasis
271,Giselbert Scarborough,Male,23/08/2000,gscarborough7i@devhub.com,Preston,5371 Del Mar Court,PR1,+44 (208) 964-8432,Staffordshire University,1st,22,OCTOBER 2019,Rupert Ripple
272,Drucy Adolthine,Female,08/06/2000,dadolthine7j@yahoo.com,Belfast,01 Quincy Parkway,BT2,+44-162-369-3631,London School of Business & Finance,3rd,17,OCTOBER 2019,Rupert Ripple
273,Nevile Clelle,Male,02/10/1998,nclelle7k@yolasite.com,Burnside,1 Talmadge Drive,EH52,+44-349-729-6099,"Institute of Advanced Legal Studies, University of London",2:2,08,OCTOBER 2019,Bruno Bellbrook
274,Reider Note,Male,01/10/1994,rnote7l@accuweather.com,Weston,90 Bultman Hill,GU32,+44 (596) 189-8991,"London School of Economics and Political Science, University of London",3rd,22,OCTOBER 2019,Bruno Bellbrook
275,Jacklin Kupka,Female,08/09/1994,jkupka7m@google.pl,Ashley,5 Prairieview Court,SN13,+44-334-825-3427,,,09,OCTOBER 2019,Doris Bellasis
276,Brant Lindfors,Male,10/03/1991,blindfors7n@cnet.com,Preston,31006 Kedzie Parkway,PR1,+44 726 144 5810,"Institute of Germanic Studies, University of London",2:1,08,OCTOBER 2019,Stacey Broad
277,BARRIE BAUMLER,Female,02/09/1996,bbaumler7o@taobao.com,Langley,72 Sullivan Center,SG4,+44-259-364-9204,University of Northampton,2:2,22,OCTOBER 2019,Sunny Sladefield
278,Othilia Hutton,Female,30/01/1997,ohutton7p@miibeian.gov.cn,Brampton,700 Upham Pass,NR34,+44-271-506-2014,De Montfort University Leicester,1st,22,OCTOBER 2019,Stacey Broad
279,Dyna Cristofano,Female,24/08/1998,dcristofano7q@mozilla.com,,,,,University of Paisley,2:1,17,OCTOBER 2019,Rupert Ripple
280,Corri Ferencz,Female,14/07/1997,cferencz7r@ameblo.jp,Upton,51604 Mayer Drive,WF9,+44 146 521 1879,London School of Business & Finance,2:2,,,
281,Creighton Estrella,Male,20/01/1993,cestrella7s@purevolume.com,Weston,071 Milwaukee Hill,GU32,+44 903 879 5671,University of St. Andrews,2:1,15,OCTOBER 2019,Stacey Broad
282,Aland Houchin,Male,26/08/1994,ahouchin7t@dion.ne.jp,Wirral,502 Arapahoe Point,CH48,+44 (642) 758-9166,University of St. Andrews,2:1,16,OCTOBER 2019,Stacey Broad
283,Amandy Bails,Female,28/04/1995,abails7u@webnode.com,Norton,72788 Oriole Crossing,S8,+44 866 612 9038,"University of Wales, Bangor",2:2,,,
284,Kaycee Mattusevich,Female,05/01/1992,,Marston,506 Warrior Terrace,ST20,+44-924-907-5607,Chelsea College of Art and Design,3rd,30,OCTOBER 2019,Fifi Eton
285,Bryna Delle,Female,16/04/1998,bdelle7w@fc2.com,Birmingham,6838 Basil Way,B40,+44-672-613-9906,University of Oxford,3rd,15,OCTOBER 2019,Rupert Ripple
286,Amos Chattell,Male,27/01/1992,achattell7x@mtv.com,Horton,09224 Grayhawk Circle,BS37,+44 (105) 343-5574,University of East Anglia,2:2,24,OCTOBER 2019,Doris Bellasis
287,Bob Stote,Male,12/02/1993,bstote7y@privacy.gov.au,Sutton,862 Southridge Plaza,RH5,+44 (709) 971-6124,University of Portsmouth,2:1,,,
288,Margarete Osburn,Female,24/05/1998,mosburn7z@topsy.com,London,43830 Loomis Court,SW1E,+44 (650) 869-9262,Keele University,2:1,09,OCTOBER 2019,Doris Bellasis
289,Rodrick MacNucator,Male,08/07/1991,rmacnucator80@ameblo.jp,Church End,9544 Toban Center,CB4,+44 (792) 120-7636,University of Nottingham,2:1,09,OCTOBER 2019,Sunny Sladefield
290,Arielle Donati,,09/06/1992,adonati81@yandex.ru,Dean,00075 Artisan Park,OX7,+44-200-681-8442,The American University in London,2:2,30,OCTOBER 2019,Stacey Broad
291,Cristy Rutledge,Female,15/05/1997,crutledge82@blinklist.com,Sutton,9 Claremont Point,RH5,+44-225-549-3186,"Royal College of Music, University of London",2:2,15,OCTOBER 2019,Fifi Eton
292,Amaleta Alred,Female,10/11/1999,aalred83@mysql.com,Thorpe,06 Evergreen Way,BD23,+44 (990) 442-8912,University of Dundee,2:1,02,OCTOBER 2019,Sunny Sladefield
293,Bartholemy O'Towey,Male,24/12/1996,botowey84@hubpages.com,Wootton,61 Gale Trail,NN4,+44 (253) 344-5259,"Courtauld Institute of Art, University of London",2:2,08,OCTOBER 2019,Fifi Etton
294,Daren Ouchterlony,Male,13/03/1998,douchterlony85@skype.com,Aston,020 West Way,TF6,+44 (580) 488-0491,Aston University,2:1,02,OCTOBER 2019,Rupert Ripple
295,Hyacinth Meron,Female,05/07/1991,hmeron86@sun.com,Craigavon,12 Loftsgordon Crossing,BT66,,University of Sunderland,3rd,17,OCTOBER 2019,Fifi Eton
296,Sibylle Thomazin,,22/04/1995,sthomazin87@netlog.com,Glasgow,9092 Bluejay Way,G4,+44-299-818-7788,Central Saint Martins College of Art & Design,3rd,30,OCTOBER 2019,Stacey Broad
297,Dru Pabel,Female,25/04/1994,dpabel88@engadget.com,Sheffield,70540 Oxford Street,S33,+44 313 511 1517,Open University,2:2,17,OCTOBER 2019,Sunny Sladefield
298,Arne Morando,Male,29/11/1996,amorando89@flavors.me,Edinburgh,68 Bunker Hill Plaza,EH9,+44 320 869 0016,Cranfield University,2:1,31,OCTOBER 2019,Rupert Ripple
299,Di Simonich,Female,03/11/1990,dsimonich8a@privacy.gov.au,Twyford,3034 Meadow Vale Place,LE14,+44-104-278-1051,University of Hertfordshire,2:2,30,OCTOBER 2019,Bruno Bellbrook
300,Robin Ballentime,Male,28/07/1994,rballentime8b@behance.net,Kingston,205 West Plaza,DT10,+44-593-965-3636,University of Worcester,2:1,,,
301,Kellina Shuter,Female,04/10/1999,,Newton,59 ANDERSON AVENUE,IV1,+44-930-861-0530,Buckinghamshire New University,2:1,22,OCTOBER 2019,Fifi Etton
302,Annadiana Lumsden,Female,11/06/2000,,London,16 Lukken Hill,EC3M,+44 245 712 9228,"University of Wales, Bangor",2:1,30,OCTOBER 2019,Sunny Sladefield
303,Justinian Luscott,Male,05/01/2000,jluscott8e@dell.com,Kirkton,422 Vermont Drive,KW10,+44-356-911-1801,University of Huddersfield,1st,02,OCTOBER 2019,Gismo Tilling
304,Otha Kimm,Female,04/02/1994,okimm8f@altervista.org,Brampton,70775 Center Trail,NR34,+44 987 149 8529,"Institue of Historical Research, University of London",2:1,29,OCTOBER 2019,Rupert Ripple
305,Chico Headley,Male,03/04/1999,cheadley8g@sciencedirect.com,Thorpe,0811 Graceland Road,BD23,+44-995-620-1587,Newport International University,1st,29,OCTOBER 2019,Gismo Tilling
306,Bren Tomei,Male,06/06/1991,btomei8h@domainmarket.com,Marston,3527 Warner Hill,ST20,+44 (988) 795-8440,University of Ulster,2:1,03,OCTOBER 2019,Sunny Sladefield
307,Izabel Masters,Female,24/01/2000,imasters8i@de.vu,Liverpool,6 Transport Court,L74,+44 (526) 617-0829,Roehampton University of Surrey,1st,03,OCTOBER 2019,Gismo Tilling
308,Codi Kear,Female,30/01/1990,ckear8j@admin.ch,London,87740 Haas Court,W1F,+44 203 257 9206,University of East Anglia,1st,15,OCTOBER 2019,Sunny Sladefield
309,Chrisy Kesey,Male,20/05/1992,ckesey8k@github.io,Aberdeen,6 Hovde Circle,AB39,+44 (518) 210-9832,University of Sheffield,2:2,10,OCTOBER 2019,Doris Bellasis
310,Michell Fishlock,Female,,mfishlock8l@wikia.com,Tullich,38 Anniversary Lane,AB55,+44 (742) 326-5179,Southampton Solent University,2:2,02,OCTOBER 2019,Stacey Broad
311,Griswold Ianilli,Male,20/11/1995,gianilli8m@biglobe.ne.jp,Sutton,0 Lillian Place,CT15,+44 599 956 0333,Liverpool Hope University College,2:2,,,
312,Jesus Keller,Male,01/02/1996,jkeller8n@webmd.com,Hatton,6 International Pass,CV35,+44 (858) 252-1111,American InterContinental University - London,1st,16,OCTOBER 2019,Rupert Ripple
313,Binnie Capnerhurst,Female,14/09/1991,bcapnerhurst8o@hibu.com,Preston,7618 Gina Place,PR1,+44-407-215-6642,Royal College of Art,2:2,10,OCTOBER 2019,Gismo Tilling
314,Madalyn Facey,Female,13/01/1993,mfacey8p@etsy.com,Halton,473 Paget Crossing,LS9,+44-222-228-1937,University of York,2:2,15,OCTOBER 2019,Sunny Sladefield
315,Engelbert Palatino,Male,30/11/1990,epalatino8q@shutterfly.com,Manchester,723 3rd Junction,M14,+44 (435) 678-4089,University of Hull,2:2,16,OCTOBER 2019,Sunny Sladefield
316,Zondra Lindgren,Female,04/08/1997,zlindgren8r@redcross.org,,,,+44 772 467 2913,London College of Science & Technology,3rd,16,OCTOBER 2019,Fifi Etton
317,Mariel Dei,Female,09/09/1999,mdei8s@aol.com,Middleton,95534 Elgar Park,LE16,+44-925-851-7254,"University of Wales, Bangor",2:1,02,OCTOBER 2019,Gismo Tilling
318,Odella Hurne,Female,11/06/1992,ohurne8t@ucoz.com,London,9 Mccormick Street,WC2H,+44 338 138 8092,Richmond University - The American International University in London,2:2,02,OCTOBER 2019,Stacey Broad
319,Rodolphe Brandrick,Male,23/02/1991,rbrandrick8u@eepurl.com,Belfast,46506 Kenwood Center,BT2,+44-849-445-0420,University of North London,2:1,,,
320,Terza Girdwood,Female,27/08/2000,tgirdwood8v@drupal.org,Milton,091 Forest Place,AB56,+44 (965) 919-5469,"Institute of Advanced Legal Studies, University of London",2:1,22,OCTOBER 2019,Doris Bellasis
321,Skyler Pendre,Male,,spendre8w@sciencedaily.com,Kinloch,8 Memorial Junction,PH43,+44 (723) 484-2156,The Robert Gordon University,2:1,08,OCTOBER 2019,Rupert Ripple
322,Nial Ipsly,Male,15/01/1998,nipsly8x@usgs.gov,Liverpool,917 Fisk Circle,L33,+44-371-332-7644,,,23,OCTOBER 2019,Stacey Broad
323,Alfonso Paschek,Male,17/09/1996,apaschek8y@webeden.co.uk,Wootton,24 Doe Crossing Avenue,NN4,+44-733-363-5166,"Schiller International University, London",2:1,23,OCTOBER 2019,Fifi Eton
324,Archambault Evanson,Male,06/11/1997,aevanson8z@irs.gov,Church End,1445 Blaine Park,N3,+44 834 945 4856,Wimbledon School of Art,2:1,31,OCTOBER 2019,Doris Bellasis
325,Caren Puig,Female,26/05/1994,cpuig90@army.mil,Aberdeen,9137 Duke Alley,AB39,+44 930 986 3817,Coventry University,2:1,16,OCTOBER 2019,Bruno Bellbrook
326,Ashlin Shone,Male,02/10/1991,ashone91@ning.com,East End,9 VEITH PLAZA,BH21,+44 502 234 3459,,,03,OCTOBER 2019,Bruno Belbrook
327,Marmaduke Kiefer,Male,21/07/1999,mkiefer92@cdbaby.com,West End,943 Fremont Place,DN36,+44 956 287 9034,University of Plymouth,1st,16,OCTOBER 2019,Rupert Ripple
328,Lola Ebsworth,Female,17/02/1991,lebsworth93@dell.com,Kirkton,5796 Havey Parkway,KW10,+44-327-882-8706,London Institute of Management and Technology,2:2,30,OCTOBER 2019,Gismo Tilling
329,Reinald Mateiko,Male,13/11/1992,rmateiko94@jugem.jp,Newton,8 Eliot Road,NG34,+44-716-534-8727,University of Edinburgh,3rd,,,
330,Gabi Fice,Female,13/11/1992,gfice95@stanford.edu,Stapleford,64 Shoshone Plaza,LN6,+44-807-822-9128,Bournemouth University,2:2,16,OCTOBER 2019,Sunny Sladefield
331,Heida Cossom,Female,08/10/1990,hcossom96@hibu.com,Preston,83922 Killdeer Parkway,PR1,+44-546-728-3800,University of Glasgow,2:2,03,OCTOBER 2019,Stacey Broad
332,Tildie Joselevitz,Female,05/07/1993,tjoselevitz97@livejournal.com,Norton,25079 7th Parkway,NN11,+44-134-604-5463,"Royal College of Music, University of London",1st,22,OCTOBER 2019,Sunny Sladefield
333,Lorin Jozef,Male,18/04/1998,ljozef98@cnet.com,London,79 West Lane,EC3M,+44-907-208-7903,South Bank University,2:2,17,OCTOBER 2019,Rupert Ripple
334,Tiffi Reddlesden,Female,04/11/1994,treddlesden99@baidu.com,Burnside,2 Holmberg Avenue,EH52,+44-498-319-0912,"Royal Free Hospital School of Medicine, University of London",3rd,16,OCTOBER 2019,Rupert Ripple
335,Nicola Lavall,Female,07/02/1996,nlavall9a@purevolume.com,East End,9 Sommers Trail,BH21,+44 175 484 9133,University of Bolton,3rd,08,OCTOBER 2019,Fifi Etton
336,Clair Prestland,Male,20/05/1996,cprestland9b@addthis.com,Belfast,0302 Thompson Trail,BT2,+44 (264) 693-4730,"Birkbeck College, University of London",2:2,23,OCTOBER 2019,Stacey Broad
337,Mortie Beadel,Male,20/07/1994,mbeadel9c@blogtalkradio.com,Norton,1512 Butternut Plaza,NN11,+44 (996) 966-8293,Trinity College of Music,2:2,23,OCTOBER 2019,Gismo Tilling
338,Mirabelle Tidder,Female,06/06/1995,mtidder9d@bloglovin.com,Sheffield,73526 Transport Lane,S33,+44 (315) 447-8123,London Guildhall University,2:2,16,OCTOBER 2019,Gismo Tilling
339,Oby Tomlin,Male,,otomlin9e@123-reg.co.uk,Buckland,71 Knutson Avenue,CT16,+44 (261) 959-6893,Canterbury Christ Church University,2:1,23,OCTOBER 2019,Rupert Ripple
340,Ron Fincke,Male,26/11/1991,rfincke9f@telegraph.co.uk,Norton,32187 Nobel Lane,NN11,+44 (348) 575-9836,"Courtauld Institute of Art, University of London",2:1,08,OCTOBER 2019,Stacey Broad
341,Lorrin Tremblot,Female,14/06/1999,ltremblot9g@springer.com,,,,+44 (703) 878-2460,University of Hertfordshire,1st,29,OCTOBER 2019,Gismo Tilling
342,Eadie Briddock,Female,22/02/1994,ebriddock9h@yellowpages.com,Bradford,1086 Ilene Center,BD7,+44 110 110 6724,University of Southampton,2:1,22,OCTOBER 2019,Rupert Ripple
343,Tymothy Titchard,Male,18/06/1990,ttitchard9i@cnbc.com,Middleton,866 Melby Hill,LE16,,"University of Wales, Bangor",2:1,15,OCTOBER 2019,Rupert Ripple
344,Yolane Lowsely,Female,26/04/1992,ylowsely9j@cdbaby.com,Eaton,6 Moulton Center,DN22,+44-567-573-0113,The American University in London,3rd,31,OCTOBER 2019,Rupert Ripple
345,Ammamaria Tassell,Female,27/11/2000,atassell9k@storify.com,Tullich,121 Menomonie Avenue,AB55,,Glasgow School of Art,2:1,10,OCTOBER 2019,Rupert Ripple
346,Jarret Bedberry,Male,18/12/1996,jbedberry9l@alexa.com,Carlton,53 Utah Lane,DL8,,,,,,
347,Misty Pitt,Female,23/03/1994,mpitt9m@canalblog.com,Birmingham,8709 Barnett Hill,B40,+44 576 236 2420,Warnborough University,2:2,17,OCTOBER 2019,Fifi Eton
348,Cammi McClarence,Female,21/07/1992,cmcclarence9n@1688.com,Marston,59217 Delaware Parkway,ST20,+44 (348) 700-9549,University of Sussex,2:1,,,
349,Evelyn Lukash,Male,28/05/1998,elukash9o@dedecms.com,Eaton,858 Roth Point,DN22,+44 (715) 379-0586,University of Bristol,2:2,16,OCTOBER 2019,Doris Bellasis
350,Godiva Andrew,Female,27/04/1991,,,,,+44-841-114-8261,University of Glasgow,2:1,09,OCTOBER 2019,Rupert Ripple
351,Vernor D'Almeida,Male,24/02/1996,vdalmeida9q@163.com,Kingston,6133 Bayside Trail,DT10,+44-671-333-0396,Imperial College School of Medicine,2:2,17,OCTOBER 2019,Sunny Sladefield
352,Janeen Pinney,Female,07/08/1995,jpinney9r@topsy.com,Liverpool,1398 Oak Pass,L33,+44 (575) 134-3853,Swansea Metropolitan University,2:2,15,OCTOBER 2019,Doris Bellasis
353,Brittan Mouat,Female,24/05/1993,bmouat9s@arizona.edu,Brampton,28 Rieder Trail,NR34,+44 803 855 6473,University of Portsmouth,2:2,17,OCTOBER 2019,Stacey Broad
354,Pearla Durtnell,Female,03/08/1996,pdurtnell9t@shareasale.com,London,47375 Clove Hill,WC2H,+44 643 237 6498,Canterbury Christ Church University,2:1,01,OCTOBER 2019,Stacey Broad
355,Waylan Gors,Male,27/12/1993,,Manchester,6910 Hoard Plaza,M14,+44-768-301-4126,University of Bath,2:2,24,OCTOBER 2019,Fifi Eton
356,Janos Shellsheere,Male,16/11/1993,jshellsheere9v@state.tx.us,,,,+44-899-410-4304,University of Leeds,2:2,30,OCTOBER 2019,Stacey Broad
357,Karolina Comini,Female,14/08/1993,kcomini9w@loc.gov,Wootton,08 Scott Street,NN4,+44 (332) 399-1769,Aga Khan University,3rd,10,OCTOBER 2019,Sunny Sladefield
358,Cortney Rudeyeard,Female,14/07/1999,crudeyeard9x@statcounter.com,Stapleford,8 Meadow Ridge Terrace,LN6,+44-766-630-2552,"Heythrop College, University of London",3rd,02,OCTOBER 2019,Rupert Ripple
359,Elita Foch,Female,12/02/1991,efoch9y@sfgate.com,Thorpe,8 Truax Plaza,BD23,+44 (537) 160-4406,"School of Oriental and African Studies, University of London",2:1,16,OCTOBER 2019,Doris Bellasis
360,Rurik Crimmins,Male,03/06/1993,rcrimmins9z@shop-pro.jp,Glasgow,25658 Pawling Pass,G4,+44 598 211 2776,University of Hertfordshire,2:2,30,OCTOBER 2019,Stacey Broad
361,Loralie Exroll,Female,20/06/1997,lexrolla0@sun.com,Weston,50547 Longview Drive,GU32,+44 (323) 121-3255,Swansea Metropolitan University,3rd,10,OCTOBER 2019,Bruno Bellbrook
362,Locke Lacelett,Male,08/07/1993,llaceletta1@parallels.com,Liverpool,68791 Victoria Plaza,L33,+44 (366) 738-4912,Glasgow Caledonian University,3rd,15,OCTOBER 2019,Doris Bellasis
363,Bebe Guyonneau,Female,03/04/1997,bguyonneaua2@technorati.com,Manchester,6565 Summer Ridge Place,M14,+44-212-951-5391,Brunel University Uxbridge,2:1,10,OCTOBER 2019,Sunny Sladefield
364,Abrahan Biggerdike,Male,25/01/1993,abiggerdikea3@hugedomains.com,Normanton,57259 Ridgeview Avenue,LE15,+44-593-200-7249,"Royal Academy of Music, University of London",1st,30,OCTOBER 2019,Bruno Bellbrook
365,Doralia Gapper,Female,31/01/1995,dgappera4@nature.com,London,4278 Cascade Pass,EC3M,+44 (146) 548-1508,Cranfield University,3rd,09,OCTOBER 2019,Doris Bellasis
366,Peter Sagerson,Male,05/01/1998,psagersona5@google.ru,Dean,0 Milwaukee Point,OX7,,University of Lancaster,2:1,22,OCTOBER 2019,Sunny Sladefield
367,Daren Windrum,Male,,dwindruma6@yellowpages.com,Marston,25424 Cardinal Street,ST20,+44-428-511-2887,Liverpool John Moores University,2:1,15,OCTOBER 2019,Gismo Tilling
368,Den Roman,Male,13/04/1994,dromana7@ezinearticles.com,Newton,5 Chinook Terrace,NG34,+44-254-653-4256,University of East London,2:2,17,OCTOBER 2019,Stacey Broad
369,Katleen Trunks,Female,09/09/1993,,Norton,208 La Follette Avenue,NN11,+44 (233) 108-9701,,,02,OCTOBER 2019,Sunny Sladefield
370,Katya Ausiello,Female,27/06/1992,kausielloa9@illinois.edu,Edinburgh,93 Anniversary Parkway,EH9,+44-735-632-3985,University of Leeds,3rd,22,OCTOBER 2019,Bruno Bellbrook
371,Romy Nother,Female,06/05/2000,rnotheraa@patch.com,Twyford,589 Melby Park,LE14,+44 (446) 708-6698,Royal College of Art,3rd,24,OCTOBER 2019,Fifi Etton
372,Constantine Jowers,Female,24/09/1999,cjowersab@ca.gov,Sutton,0643 Wayridge Road,RH5,+44-146-535-0782,University of Reading,2:1,,,
373,Caria Trillow,Female,28/02/1997,ctrillowac@google.com,London,9848 Atwood Pass,WC2H,+44 (455) 834-2198,Trinity College of Music,2:1,15,OCTOBER 2019,Gismo Tilling
374,Gail Paffot,Male,19/08/1992,gpaffotad@weibo.com,Newport,5 Emmet Court,NR29,+44-887-760-2666,Chelsea College of Art and Design,2:1,02,OCTOBER 2019,Gismo Tilling
375,Candie Senner,Female,19/03/1994,csennerae@list-manage.com,Bristol,76178 Dovetail Parkway,BS41,+44-878-674-1790,University of Cambridge,2:2,01,OCTOBER 2019,Sunny Sladefield
376,Vivia Belcher,Female,30/12/1998,vbelcheraf@ft.com,Brampton,541 Granby Place,NR34,+44 582 431 4936,"University of Wales, Aberystwyth",2:2,22,OCTOBER 2019,Doris Bellasis
377,Price Trevino,Male,24/10/1990,ptrevinoag@gravatar.com,Hatton,44 Schlimgen Trail,CV35,+44-174-900-6975,University of Sunderland,2:1,22,OCTOBER 2019,Doris Bellasis
378,Mitchel Ealden,Male,,mealdenah@yellowpages.com,Normanton,909 Birchwood Park,LE15,+44 741 338 8305,University of East London,2:1,22,OCTOBER 2019,Rupert Ripple
379,Doe Eisold,Female,21/10/2000,deisoldai@newsvine.com,Sheffield,7 Pennsylvania Crossing,S33,+44 933 513 8800,"University of Halifax, Birmingham Campus",2:1,09,OCTOBER 2019,Rupert Ripple
380,Judy Finders,Female,20/12/1996,jfindersaj@t.co,West End,751 Marcy Alley,DN36,+44-938-529-5678,"Queen Mary and Westfield College, University of London",1st,09,OCTOBER 2019,Gismo Tilling
381,Ezequiel Cotsford,Male,18/04/1994,ecotsfordak@microsoft.com,Ashley,01 Kedzie Junction,SN13,+44 420 756 0090,University of Teesside,2:1,17,OCTOBER 2019,Doris Bellasis
382,Franky McDunlevy,Female,24/11/2000,fmcdunlevyal@home.pl,Manchester,34 Michigan Court,M14,+44 (611) 230-1033,Cranfield University,2:1,,,
383,Adel Cranmor,Female,11/06/1994,acranmoram@wp.com,Milton,7 Hauk Hill,AB56,,"University of Wales, Newport",2:1,08,OCTOBER 2019,Bruno Belbrook
384,Joana Klyner,Female,25/07/1999,jklyneran@si.edu,London,7 Dexter Terrace,SW1E,+44 (751) 871-7948,University of Leeds,2:1,22,OCTOBER 2019,Fifi Eton
385,Freeland Hawford,Male,03/10/1997,fhawfordao@twitter.com,Sheffield,29729 Green Way,S33,+44-494-405-7376,Glasgow Caledonian University,2:1,02,OCTOBER 2019,Fifi Etton
386,Sher Saldler,Female,26/09/1991,ssaldlerap@merriam-webster.com,Stapleford,44 Sycamore Circle,LN6,+44-329-250-8731,"Institute of Latin American Studies, University of London",2:1,29,OCTOBER 2019,Bruno Bellbrook
387,Leopold Faier,Male,10/06/1991,lfaieraq@phoca.cz,Wirral,15 Ilene Point,CH48,+44 (100) 253-5807,Imperial College School of Medicine,2:1,,,
388,Graehme Seamer,Male,27/11/1990,,Whitwell,2500 Rockefeller Park,DL10,,Sothebys Institute of Art - London,2:2,30,OCTOBER 2019,Rupert Ripple
389,Kissee Strowthers,Female,12/07/1990,kstrowthersas@instagram.com,Upton,6 Magdeline Circle,WF9,+44 195 380 0742,University of Sunderland,2:1,23,OCTOBER 2019,Stacey Broad
390,Sadella Dufoure,Female,06/03/1991,sdufoureat@apple.com,London,41536 Monica Park,SW1E,+44 938 100 9361,"Institute of Germanic Studies, University of London",2:1,08,OCTOBER 2019,Sunny Sladefield
391,Hobard Gaynes,Male,31/01/2000,hgaynesau@amazon.co.jp,Preston,27 Anderson Lane,PR1,+44 (730) 849-6075,University of Glasgow,2:1,10,OCTOBER 2019,Stacey Broad
392,Mychal Bachelar,Male,22/09/1998,mbachelarav@wikipedia.org,Norton,772 Corben Alley,NN11,+44-297-340-6468,Chelsea College of Art and Design,2:2,01,OCTOBER 2019,Sunny Sladefield
393,Lelia Shingles,Female,,lshinglesaw@aboutads.info,Marston,1 Northland Alley,ST20,+44-509-720-4948,University of Manchester,2:2,23,OCTOBER 2019,Sunny Sladefield
394,Pier Spatig,Female,22/02/1999,pspatigax@oaic.gov.au,Wirral,781 David Street,CH48,+44 (686) 827-0801,University of York,2:1,30,OCTOBER 2019,Sunny Sladefield
395,Corby Cristofolini,Male,17/09/1991,ccristofoliniay@unicef.org,Newton,4 Harper Park,IV1,+44-902-126-4255,Imperial College School of Medicine,2:1,15,OCTOBER 2019,Rupert Ripple
396,Clevie Bowsher,Male,,cbowsheraz@cornell.edu,Preston,056 Buena Vista Court,PR1,+44 (522) 133-4018,The Manchester Metropolitan University,2:1,10,OCTOBER 2019,Bruno Bellbrook
397,Lorinda O'Crotty,Female,03/10/1996,locrottyb0@issuu.com,Milton,50 Almo Court,AB56,+44 (395) 793-8681,London School of Jewish Studies,2:2,09,OCTOBER 2019,Rupert Ripple
398,Cecil Lehrer,Male,27/10/1998,clehrerb1@wix.com,Kirkton,96588 Cordelia Plaza,KW10,+44-466-840-9505,De Montfort University Leicester,2:1,31,OCTOBER 2019,Fifi Eton
399,Winona Carlaw,Female,27/10/1991,wcarlawb2@google.pl,Halton,7788 Cody Drive,LS9,+44 546 944 8964,International Colleges of Islamic Science,2:2,16,OCTOBER 2019,Sunny Sladefield
