id,name,gender,dob,email,city,address,postcode,phone_number,uni,degree,invited_date,month,invited_by
1,Dukie Labrenz,Male,26/07/1999,dlabrenz0@google.co.uk,Newbiggin,64 Mcguire Terrace,NE46,+44 208 744 3006,London Metropolitan University,1st,,,
2,Dulcine Duffil,Female,20/09/1995,dduffil1@exblog.jp,Walton,75 Steensland Avenue,CV35,+44-774-884-9719,Buckinghamshire New University,2:2,04,SEPT 2019,Gismo Tilling
3,Paulita Simmonds,Female,27/11/1995,psimmonds2@wordpress.com,Norton,0333 Kinsman Pass,NN11,+44-805-854-0606,University of Teesside,3rd,18,SEPT 2019,Gismo Tilling
4,Sunshine Backshall,Female,29/11/1991,sbackshall3@un.org,Church End,67566 Mifflin Pass,CB4,+44-650-735-5309,"Royal College of Music, University of London",2:2,24,SEPT 2019,Fifi Etton
5,Faydra Bailiss,Female,24/01/1992,fbailiss4@zimbio.com,Sutton,7 Sunbrook Court,CT15,+44-123-798-4598,University of Buckingham,2:1,,,
6,Manon Clutterham,Female,,mclutterham5@symantec.com,Merton,047 Moulton Point,SW19,+44-308-710-8043,University of Buckingham,2:2,11,SEPT 2019,Sunny Sladefield
7,Baird Reynoollds,Male,15/01/1997,breynoollds6@sakura.ne.jp,Pentre,91 Oxford Drive,SY4,+44 (540) 403-3129,Swansea Metropolitan University,3rd,12,SEPT 2019,Gismo Tilling
8,Dorri McMillian,Female,02/08/1996,dmcmillian7@google.com.hk,London,887 Tennyson Hill,SW1E,+44 (817) 900-7615,University of Lancaster,2:2,19,SEPT 2019,Doris Bellasis
9,Conrad Ceillier,Male,24/04/1995,cceillier8@people.com.cn,Eaton,44503 La Follette Drive,DN22,+44-379-515-8294,University of Wales College of Medicine,2:1,17,SEPT 2019,Sunny Sladefield
10,Gifford Ganter,Male,25/07/1992,gganter9@digg.com,Newbiggin,3404 Anzinger Alley,NE46,+44 (789) 775-9588,"University of the West of England, Bristol",2:1,18,SEPT 2019,Rupert Ripple
11,Harry Frensch,Male,02/04/1998,hfrenscha@blogtalkradio.com,Ford,639 Morningstar Court,GL54,+44 252 676 2916,University of St. Andrews,3rd,,,
12,Rickie Burkert,Female,18/08/2000,rburkertb@a8.net,,,,+44 768 196 5128,The Manchester Metropolitan University,2:1,25,SEPT 2019,Stacey Broad
13,Shaw Tapply,Male,04/05/1990,stapplyc@cdbaby.com,Linton,931 Pepper Wood Center,BD23,+44-480-286-3297,University of Kent at Canterbury,2:2,,,
14,Eli Burnsides,Male,06/08/1997,,Liverpool,661 Algoma Road,L33,+44 419 711 2097,Imperial College London,2:1,26,SEPT 2019,Bruno Bellbrook
15,Demott Rohlf,Male,03/01/1995,drohlfe@nytimes.com,Sutton,328 Coleman Center,RH5,+44-164-273-0486,University of Dundee,2:2,18,SEPT 2019,Doris Bellasis
16,Ramon Hinchcliffe,Male,24/12/1992,rhinchcliffef@disqus.com,Burnside,1 Nancy Avenue,EH52,+44 473 645 6508,University of Hertfordshire,2:1,11,SEPT 2019,Fifi Etton
17,Vivian Syson,Female,11/02/1999,vsysong@mediafire.com,Birmingham,9 Alpine Way,B12,+44-486-855-6918,University of East London,3rd,04,SEPT 2019,Rupert Ripple
18,Linoel Adamsen,Male,28/07/1994,ladamsenh@imgur.com,Newton,70 Susan Way,IV1,+44-425-955-6410,"King's College London, University of London",2:1,,,
19,Parry Oswick,Male,07/01/1998,poswicki@wufoo.com,Upton,13346 Esker Lane,DN21,+44 719 287 9054,University of Liverpool,2:1,17,SEPT 2019,Gismo Tilling
20,Herta Stainer,Female,05/11/1994,hstainerj@addtoany.com,Aberdeen,274 Darwin Street,AB39,+44-543-297-2724,Royal Holloway and Bedford New College,3rd,04,SEPT 2019,Stacey Broad
21,Lanny Hartly,Male,23/08/1991,lhartlyk@comsenz.com,Buckland,9004 Dovetail Plaza,CT16,+44 194 697 5494,University of Glasgow,2:2,,,
22,Alejandro Broggetti,Male,10/05/1994,abroggettil@ox.ac.uk,Sheffield,89 Hooker Hill,S33,+44 (135) 997-2761,Roehampton University of Surrey,3rd,03,SEPT 2019,Doris Bellasis
23,Anjela Hultberg,Female,07/08/1990,ahultbergm@yelp.com,Stapleford,17545 Hanson Park,LN6,+44 (459) 446-0130,Buckinghamshire New University,1st,,,
24,Jenine Ivashkov,Female,29/05/1999,jivashkovn@admin.ch,Craigavon,58896 Golf Park,BT66,+44 (434) 310-8152,"Institute of Latin American Studies, University of London",2:1,11,SEPT 2019,Stacey Broad
25,Weylin Chong,Male,07/06/1995,wchongo@tripadvisor.com,West End,6801 Annamark Park,DN36,+44 778 627 9658,William Gilbert College,1st,18,SEPT 2019,Doris Bellasis
26,Duffie Hanscombe,Male,31/08/1990,dhanscombep@ycombinator.com,Milton,96808 Manufacturers Trail,NG22,+44 (427) 399-1700,"London School of Hygiene & Tropical Medicine, University of London",2:1,17,SEPT 2019,Bruno Bellbrook
27,Pebrook Eydel,Male,19/07/1993,peydelq@sina.com.cn,Newton,56734 Weeping Birch Pass,NG34,+44-126-715-5342,London Business School,2:1,11,SEPT 2019,Fifi Etton
28,Hi Matherson,Male,09/07/2000,hmathersonr@macromedia.com,Newport,773 Dorton Pass,NR29,+44 421 688 7058,Liverpool Hope University College,2:1,12,SEPT 2019,Rupert Ripple
29,Simonne Merman,Female,10/11/1997,smermans@reuters.com,Kinloch,4263 Corry Street,PH43,+44 (726) 966-8182,Trinity College of Music,1st,03,SEPT 2019,Fifi Eton
30,Demetre Coghlan,Male,27/07/1999,,Preston,085 Ilene Way,PR1,+44 (577) 560-7949,"University of Wales, Swansea",2:2,24,SEPT 2019,Doris Bellasis
31,Isacco Matuschek,Male,,imatuscheku@newsvine.com,Glasgow,47952 Morningstar Circle,G4,+44 (824) 977-1492,Leeds Metropolitan University,2:1,17,SEPT 2019,Stacey Broad
32,Dorice Slides,Female,05/02/1993,dslidesv@ucoz.com,London,65957 Raven Hill,SW1E,+44 463 792 0140,"London School of Economics and Political Science, University of London",3rd,18,SEPT 2019,Stacey Broad
33,Fernando Howchin,Male,17/04/1991,fhowchinw@toplist.cz,Stapleford,03 Burrows Pass,LN6,+44 350 114 6688,Thames Valley University,2:2,12,SEPT 2019,Fifi Etton
34,Sigfrid O'Leahy,Male,19/07/1994,soleahyx@pinterest.com,Pentre,392 Straubel Point,SY4,+44 128 851 8330,University of Surrey,2:2,,,
35,Omero Shill,Male,13/09/1998,oshilly@reverbnation.com,Glasgow,47 Daystar Crossing,G4,+44-511-115-2826,University of Hertfordshire,2:1,04,SEPT 2019,Bruno Bellbrook
36,Paten Bartelli,Male,03/09/1995,pbartelliz@51.la,Whitwell,45446 Duke Lane,DL10,+44 353 100 9168,University of Liverpool,1st,12,SEPT 2019,Stacey Broad
37,Zorah Grasser,Female,16/03/1993,zgrasser10@hao123.com,Swindon,39 Myrtle Way,SN1,+44-423-332-9884,University of Worcester,2:2,19,SEPT 2019,Doris Bellasis
38,Sumner Kop,Male,17/07/1991,skop11@virginia.edu,Brampton,892 Rutledge Avenue,NR34,+44-110-727-2154,"Queen Mary and Westfield College, University of London",3rd,18,SEPT 2019,Fifi Etton
39,Dana Boldra,Female,07/08/1991,dboldra12@oracle.com,Newton,98675 East Road,IV1,+44-268-757-9795,University of Chester,2:1,19,SEPT 2019,Rupert Ripple
40,Orel Kuhle,Female,15/11/1999,okuhle13@mysql.com,Linton,75 Johnson Court,BD23,+44-978-284-5788,University of Northumbria at Newcastle,2:1,,,
41,Delmore McKnish,Male,21/10/1991,dmcknish14@noaa.gov,Newtown,563 Lindbergh Lane,RG20,+44 (656) 255-8129,"Heythrop College, University of London",1st,18,SEPT 2019,Fifi Eton
42,Loralyn Dibbs,Female,04/09/1991,ldibbs15@i2i.jp,West End,2522 Caliangt Trail,DN36,+44-592-267-8250,London Business School,2:2,10,SEPT 2019,Doris Bellasis
43,Schuyler McKimm,Male,05/10/1992,,Edinburgh,5 Artisan Circle,EH9,+44-515-586-2833,University of Sheffield,1st,18,SEPT 2019,Fifi Etton
44,Doria Pochon,Female,,dpochon17@mayoclinic.com,Sutton,6710 Oak Parkway,CT15,+44 (522) 705-6364,University of Central Lancashire,2:1,,,
45,Andriana Dunniom,Female,14/08/1999,adunniom18@linkedin.com,Horton,6499 Buhler Hill,BS37,+44-373-797-4400,University of Manchester,2:1,25,SEPT 2019,Rupert Ripple
46,Sherwin McIlwraith,Male,05/03/2000,smcilwraith19@webmd.com,Brampton,557 Derek Drive,NR34,+44-613-350-3774,University of Cambridge,2:2,25,SEPT 2019,Sunny Sladefield
47,Barton Harpin,Male,04/02/1996,bharpin1a@reverbnation.com,Normanton,9 Magdeline Court,LE15,+44 (466) 121-5877,University of St. Andrews,2:1,12,SEPT 2019,Gismo Tilling
48,Iolande Trevers,Female,05/07/1990,itrevers1b@tmall.com,Ashley,0 Division Terrace,SN13,+44 303 589 2026,University of Essex,2:2,25,SEPT 2019,Rupert Ripple
49,Vachel Caren,Male,05/12/1994,vcaren1c@dedecms.com,Sheffield,372 Ludington Center,S1,+44 280 194 7488,Loughborough University,2:1,04,SEPT 2019,Doris Bellasis
50,Oralla Copelli,Female,28/09/1996,ocopelli1d@msn.com,Burnside,9 Susan Road,EH52,+44 (620) 507-1207,Imperial College School of Medicine,3rd,25,SEPT 2019,Gismo Tilling
51,Bette-ann Ferrieres,Female,25/01/1999,bferrieres1e@cbslocal.com,Birmingham,22394 Waywood Place,B12,+44 998 918 5699,University of Bedfordshire,2:1,11,SEPT 2019,Sunny Sladefield
52,Odell Manning,Male,14/08/1996,omanning1f@goodreads.com,Twyford,8458 Farragut Plaza,LE14,+44-123-252-4274,Staffordshire University,2:2,,,
53,Donovan Whistan,Male,02/12/1995,dwhistan1g@google.nl,Church End,9 Oakridge Court,CB4,+44 842 793 1997,"Institute of Advanced Legal Studies, University of London",3rd,18,SEPT 2019,Bruno Bellbrook
54,Vinson Trappe,Male,24/04/1994,vtrappe1h@forbes.com,Twyford,7641 Carey Crossing,LE14,+44 (899) 960-1716,"Queen Mary and Westfield College, University of London",2:1,26,SEPT 2019,Fifi Eton
55,Ruperta Illesley,Female,26/02/1998,rillesley1i@blog.com,West End,58 Muir Hill,DN36,+44-810-693-4922,"Institute of Advanced Legal Studies, University of London",2:1,26,SEPT 2019,Doris Bellasis
56,Tailor Jereatt,Male,18/06/1995,tjereatt1j@indiegogo.com,Whitwell,17191 Prairie Rose Point,DL10,+44-973-440-0152,"University of Wales, Swansea",1st,,,
57,Woody Orritt,Male,,worritt1k@com.com,Church End,2 Jana Center,CB4,+44-255-310-2491,Bournemouth University,2:2,17,SEPT 2019,Bruno Bellbrook
58,Chrissy Bartholin,Male,06/09/1996,cbartholin1l@cdbaby.com,Buckland,020 Loftsgordon Point,CT16,+44 179 280 8453,London Metropolitan University,2:1,11,SEPT 2019,Doris Bellasis
59,Marsha Coulter,Female,09/04/1994,mcoulter1m@cmu.edu,Milton,3 Jenna Circle,NG22,+44 (185) 143-3195,"University of Wales, Bangor",3rd,10,SEPT 2019,Rupert Ripple
60,Toinette Pflieger,Female,09/11/1994,tpflieger1n@jimdo.com,Ashley,6188 Melvin Junction,SN13,+44-736-742-8163,"University of Wales, Swansea",2:2,12,SEPT 2019,Sunny Sladefield
61,Lenora Karpinski,Female,05/08/1996,lkarpinski1o@go.com,Aberdeen,824 Village Trail,AB39,+44 208 229 3116,"Royal College of Music, University of London",3rd,04,SEPT 2019,Stacey Broad
62,Arvy Myrkus,,17/01/1995,amyrkus1p@zdnet.com,Church End,5 Oneill Parkway,CB4,+44 (501) 389-5958,University of Aberdeen,2:1,05,SEPT 2019,Gismo Tilling
63,Jere Amor,Male,26/12/1998,jamor1q@chronoengine.com,Kingston,45 Manley Crossing,DT10,+44-365-250-9324,University of Lancaster,1st,11,SEPT 2019,Stacey Broad
64,Reinhold Otterwell,Male,12/01/1992,,London,282 Eliot Crossing,EC3M,+44 849 389 8432,"United Medical and Dental Schools, University of London",1st,,,
65,Cecilio Woffenden,Male,02/01/1999,cwoffenden1s@twitpic.com,London,2 Main Avenue,EC3M,+44-138-365-6925,"University of Wales, Aberystwyth",2:1,26,SEPT 2019,Stacey Broad
66,Adah Silverton,Female,04/08/1991,asilverton1t@dell.com,Walton,724 7th Court,CV35,+44-530-115-3397,"School of Oriental and African Studies, University of London",2:1,17,SEPT 2019,Gismo Tilling
67,Amanda Lill,Female,24/11/1994,alill1u@wufoo.com,Leeds,0489 Sutherland Avenue,LS6,,University of Stirling,2:1,11,SEPT 2019,Bruno Bellbrook
68,Foss Tilio,Male,10/01/1999,,Milton,6 Chive Terrace,AB56,+44 (180) 991-0769,University of Derby,2:1,25,SEPT 2019,Fifi Eton
69,Corabella Abells,Female,12/06/1999,cabells1w@sourceforge.net,Sutton,052 Village Terrace,CT15,+44 (472) 565-7952,University of Paisley,1st,05,SEPT 2019,Doris Bellasis
70,Sherie Veregan,Female,21/06/1990,sveregan1x@mozilla.org,Pentre,3 Hauk Lane,SY4,+44 826 301 6484,University of York,2:1,05,SEPT 2019,Bruno Bellbrook
71,Armando Schirak,Male,24/05/1993,aschirak1y@google.it,Newton,39 Spohn Lane,NG34,+44 670 945 9925,"Birkbeck College, University of London",2:2,04,SEPT 2019,Doris Bellasis
72,KERRY BEEDLE,Male,08/11/1999,,Newtown,80 Lawn Avenue,RG20,+44 764 886 0543,University of Glamorgan,2:2,05,SEPT 2019,Fifi Eton
73,Norene Dericut,Female,28/01/1998,ndericut20@geocities.jp,East End,29056 Green Ridge Hill,BH21,+44-885-749-8999,"St.Patrick's International College, London",2:2,10,SEPT 2019,Sunny Sladefield
74,Had Veazey,Male,27/12/1998,hveazey21@cdc.gov,Newton,9356 Leroy Parkway,NG34,+44-825-947-8656,University of Sunderland,2:1,18,SEPT 2019,Doris Bellasis
75,Michel Chaffey,Male,26/06/1996,mchaffey22@dedecms.com,London,72 Fallview Hill,WC2H,+44 463 508 8619,"Institue of Historical Research, University of London",2:1,17,SEPT 2019,Bruno Bellbrook
76,Fiona Sandle,Female,04/12/1997,,Upton,77 Ridgeview Parkway,WF9,+44 (832) 870-6447,University of Huddersfield,3rd,11,SEPT 2019,Sunny Sladefield
77,Huntlee Newick,Male,04/12/1997,hnewick24@sun.com,Charlton,340 Muir Court,OX12,+44-450-551-6046,"Institute of Education, University of London",3rd,26,SEPT 2019,Stacey Broad
78,Immanuel Valek,Male,16/12/2000,ivalek25@tamu.edu,Upton,9 Golf View Street,WF9,+44 (946) 896-6599,"Institue of Historical Research, University of London",2:2,04,SEPT 2019,Stacey Broad
79,Amos Stowgill,Male,28/09/1997,astowgill26@quantcast.com,Swindon,671 Chinook Pass,SN1,+44 565 857 7080,Birmingham City University,2:1,12,SEPT 2019,Fifi Eton
80,Sven Antonescu,Male,16/12/1990,santonescu27@icq.com,Wootton,7 Almo Place,NN4,+44 (648) 458-4701,University of Wolverhampton,2:1,18,SEPT 2019,Fifi Etton
81,Rafferty Camamile,Male,23/11/1991,rcamamile28@zdnet.com,Twyford,388 Orin Park,LE14,+44 (840) 752-1182,Imperial College London,2:2,18,SEPT 2019,Sunny Sladefield
82,Fifi Kingsly,Female,27/03/1993,fkingsly29@scientificamerican.com,Brampton,9 Meadow Vale Parkway,NR34,+44 (441) 996-4595,Newport International University,2:2,26,SEPT 2019,Sunny Sladefield
83,Malina Casaccia,Female,23/12/1995,mcasaccia2a@bloglines.com,Linton,24515 Montana Terrace,BD23,+44 985 469 8889,University of Derby,3rd,11,SEPT 2019,Bruno Bellbrook
84,Patton Jolin,Male,28/02/1998,pjolin2b@census.gov,Birmingham,656 Nelson Parkway,B40,+44 706 305 5745,"Birkbeck College, University of London",1st,04,SEPT 2019,Gismo Tilling
85,Cristal Jeans,Female,03/01/1995,cjeans2c@smh.com.au,Manchester,6 Daystar Plaza,M14,+44 (483) 131-5295,,,17,SEPT 2019,Bruno Bellbrook
86,Chilton Paladino,Male,26/12/1993,cpaladino2d@etsy.com,Charlton,086 Aberg Way,OX12,+44-646-923-6756,University of Essex,3rd,05,SEPT 2019,Rupert Ripple
87,Torie Alessandrini,Female,10/05/2000,talessandrini2e@tinyurl.com,Horton,9 Myrtle Hill,BS37,+44 143 469 7966,Newport International University,2:1,17,SEPT 2019,Bruno Bellbrook
88,Dale Fewlass,Female,,dfewlass2f@unc.edu,Norton,689 Evergreen Pass,S8,+44-783-362-9647,University of Gloucestershire,3rd,10,SEPT 2019,Sunny Sladefield
89,Matelda Chastenet,Female,15/12/2000,mchastenet2g@shutterfly.com,Hatton,48367 Arapahoe Court,CV35,+44 (654) 644-2858,University of Gloucestershire,2:1,12,SEPT 2019,Rupert Ripple
90,Michel Khoter,Female,14/08/1991,mkhoter2h@mediafire.com,Milton,48 Holmberg Avenue,NG22,+44 579 961 1944,"Warburg Institute, University of London",3rd,17,SEPT 2019,Bruno Belbrook
91,Shamus Attenbarrow,Male,05/01/1990,sattenbarrow2i@theatlantic.com,Birmingham,5596 Mandrake Park,B40,+44-788-942-7033,University of Northampton,3rd,12,SEPT 2019,Sunny Sladefield
92,Caitlin Morgan,Female,10/04/1997,cmorgan2j@discovery.com,Normanton,10 EVERGREEN TERRACE,LE15,+44-437-934-4603,"King's College London, University of London",2:2,,,
93,Dyanna Kidman,Female,06/03/1990,dkidman2k@reverbnation.com,Norton,915 Charing Cross Avenue,NN11,+44 282 118 3533,,,24,SEPT 2019,Gismo Tilling
94,Wilfred Godwyn,Male,08/06/1997,wgodwyn2l@tripod.com,Newbiggin,494 Drewry Point,NE46,+44 762 667 9434,"University of Wales, Swansea",2:2,10,SEPT 2019,Bruno Bellbrook
95,Grazia MacGinney,Female,20/06/1996,gmacginney2m@bing.com,Walton,918 Pierstorff Point,CV35,+44-111-149-3003,British College of Osteopathic Medicine,1st,18,SEPT 2019,Gismo Tilling
96,Erek Chadney,Male,11/02/1991,echadney2n@wufoo.com,Sheffield,7 Laurel Parkway,S1,+44-127-962-0855,University of Manchester,2:2,19,SEPT 2019,Stacey Broad
97,Ruby Larciere,Female,16/05/1994,rlarciere2o@reference.com,Kinloch,04 Oneill Junction,PH43,+44 (628) 700-8760,University of Sheffield,2:1,17,SEPT 2019,Bruno Bellbrook
98,Aila Longo,Female,21/02/1994,,Brampton,005 Reindahl Plaza,NR34,+44-719-711-4351,,,03,SEPT 2019,Doris Bellasis
99,Damon Thompson,Male,10/06/2000,dthompson2q@ox.ac.uk,Wootton,61165 Helena Plaza,NN4,+44-715-679-0441,University of Huddersfield,2:1,03,SEPT 2019,Fifi Etton
100,Aldwin Ginman,Male,16/12/1991,aginman2r@hexun.com,Preston,2 Meadow Valley Alley,PR1,+44 (874) 833-9546,"London School of Economics and Political Science, University of London",2:1,18,SEPT 2019,Rupert Ripple
101,Wolfie Macieja,Male,29/06/2000,wmacieja2s@google.com,Wootton,354 Fisk Drive,NN4,+44 (505) 311-8235,University of Gloucestershire,2:1,17,SEPT 2019,Gismo Tilling
102,Tulley Fisbburne,Male,01/09/1994,tfisbburne2t@usatoday.com,London,81 Chinook Avenue,EC1V,+44 (291) 792-5675,Chelsea College of Art and Design,2:1,25,SEPT 2019,Sunny Sladefield
103,Augustine Corey,Female,21/03/1998,acorey2u@barnesandnoble.com,Milton,4 Homewood Trail,NG22,+44-921-376-2176,University of Dundee,2:1,18,SEPT 2019,Sunny Sladefield
104,Randee Lorrain,Female,03/07/1999,rlorrain2v@wordpress.org,Newport,36 Kinsman Avenue,NR29,,Leeds Metropolitan University,2:1,04,SEPT 2019,Doris Bellasis
105,Andreas Mehmet,Male,30/09/1991,amehmet2w@loc.gov,Wirral,488 Pearson Junction,CH48,+44-132-971-7846,"Royal College of Music, University of London",2:1,11,SEPT 2019,Sunny Sladefield
106,Dasie Justis,Female,04/03/1999,djustis2x@ocn.ne.jp,Burnside,0 Dennis Court,EH52,+44-672-579-3784,,,25,SEPT 2019,Stacey Broad
107,Elvina Judd,Female,20/09/1992,ejudd2y@japanpost.jp,Langley,45 Clyde Gallagher Place,SG4,+44 599 818 4149,Napier University,2:1,25,SEPT 2019,Sunny Sladefield
108,Wald Lynes,Male,02/09/1993,wlynes2z@themeforest.net,West End,61001 Elgar Junction,DN36,+44-313-825-1179,Cranfield University,2:1,12,SEPT 2019,Sunny Sladefield
109,Eimile Jobey,Female,16/05/1990,ejobey30@chronoengine.com,Sutton,031 Packers Hill,RH5,+44-540-680-0323,"Royal Academy of Music, University of London",2:1,25,SEPT 2019,Bruno Bellbrook
110,Salmon Blinder,Male,10/09/1999,sblinder31@themeforest.net,Upton,238 Marcy Terrace,WF9,+44 398 596 6653,Cranfield University,2:1,18,SEPT 2019,Sunny Sladefield
111,Irvine Harmson,Male,12/12/1995,iharmson32@sitemeter.com,Seaton,4 Vidon Junction,LE15,+44-738-558-7114,University of Gloucestershire,3rd,10,SEPT 2019,Sunny Sladefield
112,Liana Johannes,Female,09/06/1998,ljohannes33@behance.net,Milton,130 Erie Alley,NG22,+44-118-238-1196,University of Nottingham,2:1,11,SEPT 2019,Gismo Tilling
113,Waldemar Pfeuffer,Male,17/05/1992,wpfeuffer34@rakuten.co.jp,London,6 Golf Course Junction,W1F,+44 (219) 198-9689,Sotheby´s Institute of Art - London,2:1,05,SEPT 2019,Bruno Bellbrook
114,Loria Menlow,Female,02/06/1990,lmenlow35@slideshare.net,Swindon,48 Prairie Rose Drive,SN1,+44-708-592-5862,Open University,2:2,12,SEPT 2019,Gismo Tilling
115,Leyla Threadgold,Female,13/04/1992,lthreadgold36@unc.edu,East End,6704 Myrtle Avenue,BH21,+44 533 544 3913,University of East Anglia,2:2,10,SEPT 2019,Stacey Broad
116,Davidde Tuohy,Male,02/08/1990,dtuohy37@photobucket.com,Normanton,8 Maple Wood Point,LE15,,"Heythrop College, University of London",2:1,17,SEPT 2019,Doris Bellasis
117,Keefe Mirfin,Male,20/07/1996,kmirfin38@blog.com,Seaton,76888 Caliangt Hill,LE15,+44 449 838 4930,University of Hertfordshire,2:2,11,SEPT 2019,Bruno Belbrook
118,Trish Cuxon,Female,27/05/1993,tcuxon39@fema.gov,Newton,8607 Elka Street,IV1,+44-923-741-9968,"Royal College of Music, University of London",2:2,03,SEPT 2019,Fifi Etton
119,Wyatt Trippack,Male,16/01/1990,wtrippack3a@eventbrite.com,Newtown,9 Packers Junction,RG20,+44 869 537 1236,City University,2:2,11,SEPT 2019,Rupert Ripple
120,Otes Kemster,Male,22/01/1998,okemster3b@spiegel.de,Church End,84 Burrows Street,N3,+44 (842) 464-9619,Nottingham Trent University,2:2,17,SEPT 2019,Bruno Bellbrook
121,Ethelred Cartman,Male,24/05/1990,ecartman3c@youtube.com,Ashley,6 Brentwood Road,SN13,+44 280 652 7377,University of Kent at Canterbury,1st,10,SEPT 2019,Gismo Tilling
122,Marius De Rechter,Male,26/08/1999,mde3d@vimeo.com,Dean,288 Burning Wood Center,OX7,+44 (931) 360-3552,University of Sheffield,1st,05,SEPT 2019,Fifi Eton
123,Arleyne Witch,Female,04/08/1998,awitch3e@unc.edu,Norton,0241 Annamark Parkway,NN11,+44-210-608-8411,Warnborough University,2:1,26,SEPT 2019,Doris Bellasis
124,Abdul Nail,Male,26/08/1997,anail3f@nhs.uk,Thorpe,48 Continental Parkway,BD23,+44-543-283-5276,"Heythrop College, University of London",2:1,17,SEPT 2019,Rupert Ripple
125,Bette-ann De Malchar,Female,02/11/1990,,Normanton,54434 Sheridan Street,LE15,+44 764 191 3535,Aga Khan University,2:1,,,
126,Lanni Lavis,Female,21/01/1996,llavis3h@naver.com,Bradford,572 Surrey Court,BD7,+44 (206) 837-1258,University of Derby,2:2,26,SEPT 2019,Fifi Etton
127,Jenilee Albury,Female,31/07/2000,jalbury3i@senate.gov,Dean,86180 Sunnyside Terrace,OX7,+44 (324) 879-9710,University of Abertay Dundee,2:2,19,SEPT 2019,Stacey Broad
128,Llywellyn Beckitt,Male,03/06/1991,lbeckitt3j@csmonitor.com,Sutton,6 Hazelcrest Hill,CT15,+44 696 588 5323,University of East London,2:1,24,SEPT 2019,Rupert Ripple
129,Brendan Tithecott,Male,01/07/1992,btithecott3k@squidoo.com,Seaton,1 Hooker Alley,LE15,+44 (153) 614-3506,The American University in London,2:1,17,SEPT 2019,Gismo Tilling
130,Jacinthe Packham,Female,25/09/1996,jpackham3l@hhs.gov,East End,6664 Goodland Drive,BH21,+44 (841) 862-6602,Bournemouth University,1st,17,SEPT 2019,Stacey Broad
131,Tadio Colloby,Male,09/12/1996,tcolloby3m@booking.com,Belfast,0112 John Wall Drive,BT2,+44 (897) 258-1914,"Royal Academy of Music, University of London",2:2,24,SEPT 2019,Stacey Broad
132,Dietrich Sabater,Male,11/04/1995,dsabater3n@umich.edu,Burnside,3 Sycamore Lane,EH52,+44 885 699 7573,Glasgow Caledonian University,2:1,11,SEPT 2019,Gismo Tilling
133,Baldwin MacBey,Male,08/12/1998,bmacbey3o@bloglines.com,London,5 Upham Plaza,WC2H,+44 715 359 9672,Falmouth University,2:2,10,SEPT 2019,Stacey Broad
134,Dotti Crauford,Female,14/08/2000,dcrauford3p@foxnews.com,Stapleford,6857 Park Meadow Lane,LN6,+44 593 961 5985,University of Edinburgh,2:1,24,SEPT 2019,Doris Bellasis
135,Torrence Lanegran,Male,26/11/1999,tlanegran3q@simplemachines.org,Wootton,21992 Annamark Plaza,NN4,+44-493-830-4843,ifs University College,2:2,10,SEPT 2019,Bruno Bellbrook
136,Lurline Souness,Female,15/10/1990,lsouness3r@bravesites.com,Thorpe,83 Parkside Crossing,BD23,,University of Central Lancashire,3rd,24,SEPT 2019,Rupert Ripple
137,Pennie Crookshanks,Female,08/08/1991,,Tullich,55521 Delladonna Crossing,AB55,+44-504-466-3734,,,26,SEPT 2019,Rupert Ripple
138,Wyn Tebb,Male,10/03/1990,wtebb3t@amazon.com,Middleton,380 Merrick Alley,LE16,+44-376-624-1031,University of Exeter,3rd,03,SEPT 2019,Bruno Bellbrook
139,Dona Preator,Female,02/03/2000,dpreator3u@jigsy.com,Pentre,67 Gateway Park,SY4,+44-692-371-9114,University of Leicester,1st,,,
140,BUIRON HOOFE,Male,20/06/1992,bhoofe3v@ow.ly,Sheffield,334 Miller Point,S33,+44 645 754 9598,"London School of Economics and Political Science, University of London",3rd,26,SEPT 2019,Doris Bellasis
141,Yetta Golborn,Female,05/08/1994,ygolborn3w@hostgator.com,Norton,19213 Amoth Avenue,NN11,+44-538-674-4111,University Campus Suffolk,3rd,,,
142,Carin Overstall,Female,21/11/1997,coverstall3x@hugedomains.com,Kirkton,3 Grayhawk Avenue,KW10,+44 306 973 6970,Richmond University - The American International University in London,3rd,05,SEPT 2019,Bruno Bellbrook
143,Steffi Brideoke,Female,02/01/1995,sbrideoke3y@pcworld.com,Charlton,2559 Granby Terrace,OX12,+44-713-774-7422,University of North London,2:1,03,SEPT 2019,Bruno Bellbrook
144,Toma Perrat,Female,09/02/1992,tperrat3z@ehow.com,Aberdeen,00 Columbus Point,AB39,+44-782-384-8691,European School of Economics,2:2,03,SEPT 2019,Sunny Sladefield
145,Angie Langer,Male,25/04/1992,alanger40@myspace.com,Preston,73 Lakewood Gardens Terrace,PR1,+44-152-673-2444,University of Surrey,2:2,10,SEPT 2019,Bruno Bellbrook
146,Towny Ascraft,Male,27/04/1996,tascraft41@businesswire.com,Upton,2498 Grayhawk Terrace,WF9,+44 644 874 9041,"Royal Free Hospital School of Medicine, University of London",3rd,,,
147,Cherlyn McLaverty,Female,05/10/1990,cmclaverty42@telegraph.co.uk,Denton,934 Cambridge Parkway,M34,+44 (837) 451-5656,"Birkbeck College, University of London",2:1,19,SEPT 2019,Sunny Sladefield
148,Anissa Keir,Female,05/12/2000,akeir43@kickstarter.com,Aston,08491 Fulton Street,TF6,+44-106-324-5320,University of Bedfordshire,2:2,26,SEPT 2019,Rupert Ripple
149,Dorothea Bidnall,Female,23/04/1998,dbidnall44@ameblo.jp,Church End,57659 Rutledge Parkway,CB4,+44-143-109-0503,Thames Valley University,2:1,11,SEPT 2019,Rupert Ripple
150,Yorgos Dockery,Male,11/01/2000,ydockery45@goodreads.com,,,,+44-202-330-2920,University of London,2:2,03,SEPT 2019,Gismo Tilling
151,Vance Fey,Male,23/08/1994,vfey46@ustream.tv,East End,019 Tennessee Plaza,BH21,+44 100 381 0619,London College of Science & Technology,2:2,04,SEPT 2019,Rupert Ripple
152,Kahaleel Tatem,Male,05/07/1993,ktatem47@smh.com.au,Ashley,83 Mockingbird Alley,SN13,,Wimbledon School of Art,2:2,18,SEPT 2019,Bruno Bellbrook
153,Timmie Foch,Female,,tfoch48@domainmarket.com,Linton,695 Barnett Alley,BD23,+44-821-579-1731,"United Medical and Dental Schools, University of London",1st,,,
154,Uriah Terlinden,Male,20/09/1997,uterlinden49@example.com,Burnside,668 Mandrake Crossing,EH52,,"Royal Academy of Music, University of London",1st,24,SEPT 2019,Sunny Sladefield
155,Renie Ellin,Female,05/11/1995,rellin4a@whitehouse.gov,Milton,84 Continental Drive,NG22,+44-991-652-9175,Loughborough University,3rd,11,SEPT 2019,Bruno Bellbrook
156,Bevon Clayworth,Male,11/01/1997,bclayworth4b@bloglines.com,Twyford,02 Troy Place,LE14,+44 347 931 4144,"St.Patrick's International College, London",2:2,17,SEPT 2019,Bruno Bellbrook
157,Erek O'Doran,Male,26/10/1990,eodoran4c@tuttocitta.it,Milton,50 Hayes Parkway,NG22,+44 171 415 8547,Kingston University,2:1,18,SEPT 2019,Stacey Broad
158,Krista Trethewey,Female,11/10/1998,ktrethewey4d@slideshare.net,Bristol,6 TOMSCOT HILL,BS41,,University of Kent at Canterbury,2:1,17,SEPT 2019,Sunny Sladefield
159,Anestassia Gadman,Female,25/02/1996,agadman4e@ask.com,Norton,64 Mariners Cove Trail,NN11,+44 758 822 3376,London School of Business & Finance,2:1,25,SEPT 2019,Rupert Ripple
160,Patric Goult,Male,09/01/1990,pgoult4f@prnewswire.com,Newton,5147 Bluestem Center,NG34,+44 (803) 266-8947,University of Lincoln,1st,10,SEPT 2019,Rupert Ripple
161,Keelia Beine,Female,16/09/1996,kbeine4g@samsung.com,Bradford,0 Sunnyside Street,BD7,+44-805-451-0872,University of Surrey,1st,05,SEPT 2019,Bruno Bellbrook
162,Rayshell Balfe,Female,07/04/1990,rbalfe4h@mac.com,Milton,91048 Alpine Park,NG22,+44 821 847 0796,Staffordshire University,2:1,26,SEPT 2019,Stacey Broad
163,Gery Marchment,Male,28/02/2000,gmarchment4i@sphinn.com,Kingston,46 Mandrake Junction,DT10,+44 (695) 709-8965,"Royal College of Music, University of London",1st,11,SEPT 2019,Doris Bellasis
164,Manfred Swyer-Sexey,Male,27/11/2000,mswyersexey4j@alibaba.com,Halton,7 Lakeland Circle,LS9,,University of St. Andrews,2:1,04,SEPT 2019,Stacey Broad
165,Philomena Cessford,Female,10/09/1993,pcessford4k@aol.com,London,2 Knutson Plaza,SW1E,+44-351-695-5573,Kingston University,2:1,17,SEPT 2019,Doris Bellasis
166,Garwood McMeekin,Male,17/12/1998,gmcmeekin4l@cbslocal.com,Aberdeen,6 Havey Alley,AB39,+44-184-216-9878,,,12,SEPT 2019,Sunny Sladefield
167,Dollie Stailey,Female,05/02/1995,dstailey4m@bbb.org,East End,3798 Bartillon Court,BH21,+44 (744) 121-9314,Royal College of Art,2:1,05,SEPT 2019,Fifi Eton
168,Lucina Banaszewski,Female,11/06/1993,lbanaszewski4n@java.com,London,77 Maywood Court,W1F,+44-859-635-3220,"University College London, University of London",1st,26,SEPT 2019,Stacey Broad
169,Webster Hanratty,Male,08/04/1991,,Newton,5608 Homewood Trail,IV1,+44-215-257-4119,William Gilbert College,2:2,04,SEPT 2019,Sunny Sladefield
170,Jennine Erni,Female,01/05/1999,jerni4p@cocolog-nifty.com,Charlton,754 Spenser Pass,OX12,+44 (520) 777-9378,University of Abertay Dundee,1st,10,SEPT 2019,Bruno Bellbrook
171,Ashton Pesek,Male,17/07/1993,apesek4q@apple.com,Birmingham,1002 Carioca Trail,B12,+44 606 597 1184,Cranfield University,2:1,,,
172,Roderic Dagger,Male,14/01/1995,rdagger4r@prlog.org,Twyford,04591 Amoth Lane,LE14,+44-613-219-8381,Southampton Solent University,2:2,10,SEPT 2019,Rupert Ripple
173,Carter Kingswold,Male,26/01/1998,ckingswold4s@guardian.co.uk,Brampton,6307 4th Terrace,NR34,+44 (769) 867-9325,"School of Pharmacy, University of London",2:1,19,SEPT 2019,Gismo Tilling
174,Willi Lakenden,Female,25/09/2000,wlakenden4t@redcross.org,Birmingham,1 Sutteridge Alley,B40,+44 391 295 2542,Imperial College London,2:2,25,SEPT 2019,Stacey Broad
175,Reg Gaines,Male,11/10/1997,rgaines4u@github.io,Norton,248 Dorton Center,S8,+44-675-518-0604,University of Ulster,1st,25,SEPT 2019,Rupert Ripple
176,Ches Keniwell,Male,15/08/1990,ckeniwell4v@economist.com,London,61 Pond Park,SW1E,+44 (947) 425-7884,Southampton Solent University,2:1,25,SEPT 2019,Fifi Eton
177,Kippy Dallon,Male,18/01/1993,kdallon4w@nature.com,Linton,34 Ludington Terrace,BD23,+44 630 202 4391,"School of Oriental and African Studies, University of London",3rd,03,SEPT 2019,Gismo Tilling
178,Camellia Bette,Female,,cbette4x@apple.com,Walton,20 Novick Crossing,CV35,+44 (931) 257-2254,"Royal Academy of Music, University of London",2:1,03,SEPT 2019,Bruno Bellbrook
179,Kearney Cerie,Male,22/02/1997,kcerie4y@amazonaws.com,London,4 Dawn Drive,WC2H,+44 625 265 0466,Napier University,2:1,12,SEPT 2019,Doris Bellasis
180,Darya Delafont,Female,14/01/1994,ddelafont4z@nyu.edu,Langley,38 Eggendart Point,SG4,,London Metropolitan University,3rd,25,SEPT 2019,Fifi Eton
181,Myrta Tissell,Female,13/12/1997,mtissell50@cdc.gov,Sheffield,47411 Hintze Center,S33,+44 (245) 426-0045,,,25,SEPT 2019,Fifi Eton
182,Min Yanson,Female,27/12/1995,myanson51@sina.com.cn,London,408 Namekagon Junction,WC1B,+44 361 225 5436,,,04,SEPT 2019,Fifi Etton
183,Fiona Goodboddy,Female,06/11/1997,fgoodboddy52@psu.edu,Newtown,1 Banding Terrace,RG20,+44 986 371 8102,Chelsea College of Art and Design,2:2,17,SEPT 2019,Fifi Etton
184,Glynnis Wicken,Female,29/06/1994,gwicken53@weibo.com,Tullich,566 Annamark Trail,AB55,+44-754-617-6605,"Warburg Institute, University of London",1st,10,SEPT 2019,Rupert Ripple
185,Daron O'Glessane,Male,09/12/1992,doglessane54@homestead.com,Brampton,71 Colorado Place,NR34,+44-786-591-5936,"Institute of Classical Studies, University of London",2:1,,,
186,Hillary Thouless,Male,16/04/2000,hthouless55@mapy.cz,Burnside,8 Kingsford Alley,EH52,+44 (617) 427-9271,University of Teesside,1st,11,SEPT 2019,Stacey Broad
187,Selia Toohey,Female,08/10/2000,stoohey56@ibm.com,Twyford,155 Lien Lane,LE14,+44-537-421-7124,University of Westminster,3rd,26,SEPT 2019,Rupert Ripple
188,Jeanelle Pillinger,Female,30/10/1994,jpillinger57@uol.com.br,Kirkton,1 Del Sol Lane,KW10,+44-876-863-2891,"University of Wales, Swansea",3rd,,,
189,Myrvyn Jealous,Male,22/10/1994,mjealous58@aboutads.info,Wirral,37441 Sutteridge Circle,CH48,+44 (290) 291-0086,University of North London,2:1,05,SEPT 2019,Rupert Ripple
190,Eduard McVitie,Male,04/09/1991,emcvitie59@indiegogo.com,London,9639 Summit Crossing,EC3M,+44 625 249 0230,The Manchester Metropolitan University,2:1,,,
191,Stephine Kirton,Female,24/01/1991,skirton5a@cbc.ca,East End,838 Goodland Street,BH21,+44 954 224 5129,Liverpool Hope University College,2:2,10,SEPT 2019,Sunny Sladefield
192,Agnella Dairton,Female,05/05/1999,adairton5b@apple.com,Burnside,64066 Monument Parkway,EH52,+44 (572) 647-5748,Central Saint Martins College of Art & Design,2:2,24,SEPT 2019,Rupert Ripple
193,Pasquale Critten,,09/06/2000,pcritten5c@bloglovin.com,West End,87985 Oak Hill,DN36,+44 899 856 9098,University of Wolverhampton,2:1,17,SEPT 2019,Fifi Etton
194,Bryant Losseljong,Male,15/12/1991,blosseljong5d@amazon.com,Upton,8930 Blue Bill Park Crossing,WF9,+44 (341) 342-4153,University of East London,3rd,04,SEPT 2019,Bruno Bellbrook
195,Carroll Treasaden,,27/05/1991,ctreasaden5e@fc2.com,Pentre,28700 Crest Line Point,SY4,+44 (346) 310-8606,University of Huddersfield,2:1,10,SEPT 2019,Doris Bellasis
196,Sabina Seckington,Female,29/06/1991,sseckington5f@blog.com,Brampton,7 Iowa Plaza,NR34,+44 (940) 557-8310,,,05,SEPT 2019,Stacey Broad
197,Riva Mangeot,Female,15/04/1993,rmangeot5g@rambler.ru,Ashley,45442 Northfield Point,SN13,+44-701-352-2686,Thames Valley University,2:1,10,SEPT 2019,Sunny Sladefield
198,Boniface Tansley,Male,22/09/1997,btansley5h@uiuc.edu,London,62 Hollow Ridge Circle,EC1V,+44-131-753-3738,"Institute of Education, University of London",1st,17,SEPT 2019,Stacey Broad
199,Robin Gilleon,Male,12/03/1995,rgilleon5i@nydailynews.com,Birmingham,777 Sundown Point,B12,+44 (329) 355-0090,University of Wales,2:2,25,SEPT 2019,Rupert Ripple
200,Mariel Bartel,Female,16/05/1998,mbartel5j@domainmarket.com,Church End,47320 Gerald Trail,N3,+44-877-220-4444,Keele University,2:2,11,SEPT 2019,Fifi Eton
201,Chelsy Regus,Female,30/04/1995,cregus5k@acquirethisname.com,Newport,232 Rockefeller Terrace,NR29,+44 (258) 711-4375,Roehampton University of Surrey,3rd,11,SEPT 2019,Doris Bellasis
202,Toma MacGibbon,Female,16/10/1992,tmacgibbon5l@linkedin.com,Milton,219 Mockingbird Terrace,AB56,+44 (665) 398-5225,Falmouth University,2:2,17,SEPT 2019,Doris Bellasis
203,Arabella Walklate,Female,21/07/2000,awalklate5m@bloglovin.com,Bradford,7 Mandrake Drive,BD7,+44 577 422 8288,Thames Valley University,2:1,03,SEPT 2019,Rupert Ripple
204,Lilias Mc Gorley,Female,22/09/1991,,Hatton,8389 International Street,CV35,+44-899-483-6234,University of Oxford,2:1,10,SEPT 2019,Gismo Tilling
205,Dasi Goldston,Female,01/07/2000,dgoldston5o@gravatar.com,Whitchurch,37 Schiller Street,BS14,+44 (315) 138-3647,,,05,SEPT 2019,Fifi Etton
206,Bella Durtnal,Female,29/11/1995,bdurtnal5p@va.gov,Burnside,8417 Springview Parkway,EH52,+44 621 448 5187,London Business School,2:1,26,SEPT 2019,Gismo Tilling
207,Blane Manderson,Male,16/04/1996,bmanderson5q@reference.com,Whitwell,4 Lerdahl Crossing,DL10,+44-706-815-2025,University of Glamorgan,2:1,17,SEPT 2019,Gismo Tilling
208,Dorine Erricker,Female,18/11/1991,derricker5r@whitehouse.gov,Preston,1 Gulseth Trail,PR1,+44 976 581 0865,University of Stirling,1st,12,SEPT 2019,Gismo Tilling
209,Sasha MacGaughy,Male,11/08/1992,,Glasgow,9834 Eastlawn Center,G4,+44 664 722 1991,University of Worcester,3rd,05,SEPT 2019,Gismo Tilling
210,Robina Vassano,Female,26/07/1990,rvassano5t@soundcloud.com,Ford,282 Memorial Hill,GL54,+44-598-362-7950,Warnborough University,2:1,03,SEPT 2019,Rupert Ripple
211,Guillaume Rubury,Male,10/01/1996,grubury5u@vk.com,Milton,1824 Lindbergh Avenue,AB56,+44 (451) 611-9592,City University,2:1,11,SEPT 2019,Sunny Sladefield
212,Millicent Buchanan,Female,25/05/1994,mbuchanan5v@unc.edu,Sheffield,9 Bowman Alley,S33,+44 (545) 387-2353,Open University,1st,12,SEPT 2019,Rupert Ripple
213,Dion Eccersley,Female,25/03/1991,deccersley5w@meetup.com,Edinburgh,406 Merrick Street,EH9,,William Gilbert College,2:1,24,SEPT 2019,Sunny Sladefield
214,Bradan Wickman,Male,01/09/1997,bwickman5x@odnoklassniki.ru,London,3 Bartillon Alley,WC1B,+44-319-185-1323,London College of Science & Technology,2:2,19,SEPT 2019,Bruno Bellbrook
215,Tiphani Bridgland,Female,09/12/1996,tbridgland5y@surveymonkey.com,Church End,291 Glacier Hill Hill,CB4,+44 (517) 430-0776,South Bank University,2:2,05,SEPT 2019,Rupert Ripple
216,Doralia Deackes,Female,17/01/1995,ddeackes5z@meetup.com,Walton,9 Roth Way,CV35,+44 974 715 0047,London School of Business & Finance,2:1,24,SEPT 2019,Doris Bellasis
217,Reynard Ilyenko,Male,17/10/1990,rilyenko60@walmart.com,Burnside,07110 Fairfield Drive,EH52,+44 (990) 961-4843,University of Central Lancashire,2:2,18,SEPT 2019,Stacey Broad
218,Babara Veazey,Female,10/11/1991,bveazey61@hud.gov,Whitchurch,327 Mesta Hill,BS14,+44 (194) 198-6376,Sotheby´s Institute of Art - London,2:1,26,SEPT 2019,Doris Bellasis
219,Teodora Whaplington,Female,03/03/1990,twhaplington62@nature.com,Hatton,17 Division Place,CV35,+44 582 196 3368,Richmond University - The American International University in London,2:1,11,SEPT 2019,Rupert Ripple
220,Porty Du Plantier,Male,31/01/1995,pdu63@weibo.com,Norton,67027 Katie Way,S8,,University of Huddersfield,2:2,19,SEPT 2019,Gismo Tilling
221,Pat Gazey,Female,24/06/1996,pgazey64@acquirethisname.com,Kirkton,85 Mccormick Place,KW10,+44-803-418-8971,University of North London,1st,,,
222,Jaye Stollwerk,Male,21/12/1991,jstollwerk65@vk.com,Birmingham,486 East Terrace,B12,+44 (183) 517-0428,University of Nottingham,2:2,,,
223,Elfrida Reece,Female,06/04/1999,ereece66@google.ru,Norton,56923 Loomis Terrace,S8,+44 (656) 826-2919,"Institute of Latin American Studies, University of London",2:1,11,SEPT 2019,Sunny Sladefield
224,Lisle Stolli,Male,06/02/1993,lstolli67@msn.com,London,8 Hanover Court,WC1B,+44-984-291-3186,University of Greenwich,3rd,18,SEPT 2019,Rupert Ripple
225,Minnie Gittose,Female,13/05/1993,mgittose68@weebly.com,Liverpool,52 Blue Bill Park Way,L74,+44 142 980 8181,London School of Business & Finance,3rd,19,SEPT 2019,Bruno Bellbrook
226,Corry Siveter,Female,,csiveter69@liveinternet.ru,Milton,30441 Kedzie Court,AB56,+44-877-648-1838,University of Paisley,2:1,11,SEPT 2019,Rupert Ripple
227,Gretta Teather,Female,26/03/1996,gteather6a@ucsd.edu,Tullich,7004 3rd Way,AB55,+44-165-437-9512,"Schiller International University, London",2:2,,,
228,Jillian Wenn,Female,12/05/1995,jwenn6b@msn.com,Eaton,11 Milwaukee Crossing,DN22,+44 782 159 9474,University of Northampton,1st,11,SEPT 2019,Rupert Ripple
229,Gene Levens,Female,12/12/2000,glevens6c@webmd.com,Merton,1652 Valley Edge Alley,SW19,+44 760 183 0776,Open University,3rd,24,SEPT 2019,Bruno Bellbrook
230,Gerta Leonards,Female,16/06/1996,gleonards6d@usatoday.com,London,91779 Nelson Circle,WC2H,+44 (897) 262-4027,"King's College London, University of London",2:1,25,SEPT 2019,Stacey Broad
231,Aleen McKeurton,Female,27/12/1997,amckeurton6e@pinterest.com,Belfast,15 Helena Crossing,BT2,+44 (536) 225-1352,Stratford College London,1st,25,SEPT 2019,Gismo Tilling
232,Prudi Bernardon,Female,29/10/1993,pbernardon6f@ow.ly,Whitchurch,0 Reindahl Park,BS14,+44 (690) 189-5193,Cranfield University,2:2,25,SEPT 2019,Fifi Eton
233,Delmor Phuprate,Male,24/02/1998,dphuprate6g@163.com,Hatton,64949 Summerview Circle,CV35,+44 (454) 271-2462,London Business School,2:1,19,SEPT 2019,Gismo Tilling
234,Claudette De Carlo,Female,14/06/1990,cde6h@hubpages.com,Twyford,7348 Hermina Trail,LE14,+44 (805) 606-7059,Royal Holloway and Bedford New College,2:2,12,SEPT 2019,Fifi Eton
235,Elsa Woonton,Female,08/01/1994,ewoonton6i@geocities.jp,London,11935 American Way,EC1V,+44 915 547 8364,Aston University,3rd,11,SEPT 2019,Sunny Sladefield
236,Constantine Caslett,Male,12/06/1998,ccaslett6j@live.com,Thorpe,76361 Sachtjen Trail,BD23,+44-954-420-6187,"University of Wales, Bangor",2:2,17,SEPT 2019,Stacey Broad
237,Lilly Andreasen,Female,23/07/2000,landreasen6k@jigsy.com,Sheffield,802 Kensington Avenue,S1,+44 (571) 915-9398,The American University in London,2:2,26,SEPT 2019,Doris Bellasis
238,Merola Jancey,Female,20/02/2000,mjancey6l@mediafire.com,Bristol,5694 Gina Alley,BS41,,"School of Oriental and African Studies, University of London",2:2,05,SEPT 2019,Doris Bellasis
239,Keene Slimm,Male,12/05/1996,kslimm6m@zimbio.com,Pentre,615 Brickson Park Trail,SY4,+44 394 478 1653,Sheffield Hallam University,2:1,17,SEPT 2019,Fifi Etton
240,Sibylle Juris,Female,11/05/1997,,London,517 Maryland Road,SW1E,+44 165 130 9254,University of Westminster,1st,17,SEPT 2019,Stacey Broad
241,Reinaldos Tolefree,Male,13/03/1990,rtolefree6o@odnoklassniki.ru,Burnside,6 Homewood Drive,EH52,+44 666 412 1440,London School of Jewish Studies,1st,18,SEPT 2019,Gismo Tilling
242,Prescott Turpey,Male,,pturpey6p@tripadvisor.com,Kirkton,3 Lake View Pass,KW10,+44 (461) 619-8604,Swansea Metropolitan University,2:1,25,SEPT 2019,Stacey Broad
243,Zondra Fippe,Female,11/05/1991,zfippe6q@netvibes.com,Weston,51 Kinsman Avenue,GU32,+44 (868) 153-0051,Stratford College London,2:1,17,SEPT 2019,Fifi Etton
244,Kris Balassi,Male,04/04/1997,kbalassi6r@discovery.com,Bristol,32 Ridgeview Plaza,BS41,,Staffordshire University,2:2,04,SEPT 2019,Bruno Bellbrook
245,Dante Littley,Male,,dlittley6s@microsoft.com,West End,4 Monument Crossing,DN36,+44 (919) 219-4263,University of Chester,2:1,24,SEPT 2019,Stacey Broad
246,Kendall Daughtrey,Male,28/05/1996,kdaughtrey6t@histats.com,London,9156 Parkside Parkway,SW1E,+44-929-337-2993,Canterbury Christ Church University,2:1,17,SEPT 2019,Sunny Sladefield
247,Chevalier Eykelbosch,Male,14/09/1993,ceykelbosch6u@trellian.com,Walton,44615 Tomscot Pass,CV35,+44 (955) 626-1947,City University,2:1,12,SEPT 2019,Sunny Sladefield
248,Rance Wilsone,Male,21/12/1991,rwilsone6v@disqus.com,Pentre,1 Scoville Junction,SY4,+44 (337) 628-6644,University of Huddersfield,2:1,18,SEPT 2019,Fifi Etton
249,Claiborne Jesper,Male,,cjesper6w@earthlink.net,Sheffield,255 Sycamore Terrace,S1,+44 501 582 1015,"King's College London, University of London",2:2,19,SEPT 2019,Fifi Etton
250,Garrard Keward,Male,05/03/1992,gkeward6x@weibo.com,Craigavon,5946 Saint Paul Point,BT66,+44 706 439 7639,Chelsea College of Art and Design,2:2,10,SEPT 2019,Stacey Broad
251,Husein Gartside,Male,13/12/1993,hgartside6y@altervista.org,Belfast,20117 Namekagon Avenue,BT2,+44-582-419-8895,University of Wolverhampton,2:1,19,SEPT 2019,Rupert Ripple
252,Silas Blowin,Male,15/03/1997,sblowin6z@washingtonpost.com,Glasgow,90242 Ohio Pass,G4,+44 522 746 7621,University of Aberdeen,2:1,19,SEPT 2019,Sunny Sladefield
253,Rachele Shaplin,Female,01/04/1998,rshaplin70@youtube.com,Stapleford,479 Birchwood Hill,LN6,+44 187 906 6614,Nottingham Trent University,3rd,11,SEPT 2019,Bruno Bellbrook
254,Gena Trustrie,Female,19/01/2000,gtrustrie71@opensource.org,Upton,481 Jenna Circle,WF9,+44-154-609-1672,Trinity College of Music,2:1,17,SEPT 2019,Doris Bellasis
255,Auria Shafto,Female,02/06/1993,ashafto72@utexas.edu,Seaton,725 Hanson Center,LE15,+44-110-937-9317,"Birkbeck College, University of London",2:1,19,SEPT 2019,Bruno Bellbrook
256,Joela Sanja,Female,29/05/1992,jsanja73@mtv.com,Birmingham,496 Ridgeway Point,B12,+44 776 440 7672,University of Greenwich,2:2,04,SEPT 2019,Doris Bellasis
257,Collin Commins,Male,23/08/1999,ccommins74@jugem.jp,Liverpool,6962 Northview Pass,L33,+44 755 287 8847,"London School of Hygiene & Tropical Medicine, University of London",1st,10,SEPT 2019,Rupert Ripple
258,Merwyn Bremeyer,Male,15/11/1994,mbremeyer75@wiley.com,Eaton,489 Hayes Alley,DN22,+44-563-666-5294,South Bank University,2:2,11,SEPT 2019,Bruno Bellbrook
259,Nona Coghlan,Female,13/01/2000,ncoghlan76@addthis.com,Upton,516 Meadow Valley Trail,DN21,+44 217 630 7655,"Birkbeck College, University of London",2:1,04,SEPT 2019,Fifi Eton
260,Robbie Adess,Male,09/10/1993,radess77@geocities.jp,Hatton,5 Wayridge Street,CV35,,Keele University,2:1,24,SEPT 2019,Fifi Etton
261,Gussie Cayle,Female,20/02/1992,gcayle78@oracle.com,Belfast,0 High Crossing Way,BT2,+44 639 795 7597,University of Glasgow,3rd,,,
262,Papageno Kinnerley,Male,23/07/1995,pkinnerley79@creativecommons.org,Middleton,23785 MANITOWISH CIRCLE,LE16,+44 (918) 658-9136,Middlesex University,3rd,17,SEPT 2019,Gismo Tilling
263,Rahal Rymill,Female,21/11/1995,rrymill7a@imgur.com,Manchester,0 Crownhardt Street,M14,+44-189-870-6513,University of Nottingham,2:2,24,SEPT 2019,Stacey Broad
264,Whitney Hadlee,Female,23/02/1991,whadlee7b@cbc.ca,Normanton,1949 Scofield Place,LE15,+44 841 795 7192,Glasgow Caledonian University,2:2,05,SEPT 2019,Sunny Sladefield
265,Dunc Smallacombe,Male,17/05/2000,dsmallacombe7c@bandcamp.com,Tullich,25 Meadow Ridge Alley,AB55,+44 (372) 285-6931,Glasgow Caledonian University,2:2,24,SEPT 2019,Fifi Eton
266,Danni Gurdon,Female,21/10/1994,dgurdon7d@sfgate.com,Milton,66356 Holy Cross Pass,AB56,+44 (511) 143-1933,The Robert Gordon University,2:2,11,SEPT 2019,Doris Bellasis
267,Averill Pickance,Male,17/01/1990,apickance7e@yandex.ru,Liverpool,8 Holmberg Road,L74,+44 (631) 445-5263,,,17,SEPT 2019,Fifi Eton
268,Star Lapthorn,,01/07/1994,slapthorn7f@nhs.uk,West End,9361 Stephen Avenue,DN36,+44 (531) 314-5229,Sotheby´s Institute of Art - London,2:2,17,SEPT 2019,Fifi Eton
269,Reta Blais,Female,02/02/1991,rblais7g@moonfruit.com,Twyford,81613 4th Terrace,LE14,+44 123 827 7465,London Metropolitan University,2:2,24,SEPT 2019,Bruno Bellbrook
270,Shawn Robertshaw,Male,16/11/1997,,Preston,82132 Lakewood Gardens Avenue,PR1,+44 (668) 865-1168,University of Brighton,2:2,17,SEPT 2019,Sunny Sladefield
271,Casey Putten,Male,05/02/1996,cputten7i@typepad.com,Sheffield,340 Hoffman Alley,S33,+44 (190) 839-6974,The Manchester Metropolitan University,3rd,05,SEPT 2019,Rupert Ripple
272,Melonie Duffet,Female,09/06/1995,,Middleton,0 Susan Drive,LE16,+44 627 121 8110,University of Kent at Canterbury,2:1,18,SEPT 2019,Stacey Broad
273,Patricio Stenet,Male,,pstenet7k@prlog.org,Church End,32 Rieder Trail,CB4,+44-944-581-2986,Birmingham City University,3rd,17,SEPT 2019,Doris Bellasis
274,Russell Sherebrook,Male,17/03/1995,rsherebrook7l@about.com,Kirkton,59627 Loeprich Pass,KW10,+44 (458) 550-9998,University of Lancaster,1st,05,SEPT 2019,Stacey Broad
275,Dolly Casaro,Female,14/12/1999,dcasaro7m@washingtonpost.com,Thorpe,30810 Redwing Terrace,BD23,,"Institute of Education, University of London",2:1,24,SEPT 2019,Doris Bellasis
276,Penny Trathen,Male,15/02/1992,ptrathen7n@ovh.net,Newtown,73 Hansons Circle,RG20,+44 (169) 792-7120,Cranfield University,2:1,12,SEPT 2019,Sunny Sladefield
277,VERONIKE ALENOV,Female,05/04/2000,valenov7o@virginia.edu,Church End,27 3rd Drive,N3,+44-323-390-5478,University of Essex,2:1,11,SEPT 2019,Fifi Eton
278,Urson Sibthorp,Male,16/04/1999,usibthorp7p@opensource.org,East End,8 Sloan Center,BH21,+44 825 827 5784,Stratford College London,2:1,18,SEPT 2019,Stacey Broad
279,Jenn Blitz,Female,30/03/1994,,London,54 Lighthouse Bay Park,WC1B,+44-720-750-5587,University of Kent at Canterbury,2:2,12,SEPT 2019,Doris Bellasis
280,Tripp Dutson,Male,14/05/1997,tdutson7r@census.gov,Dean,8125 Pearson Plaza,OX7,+44 (945) 821-7456,Thames Valley University,1st,,,
281,Elicia Nutkin,Female,24/09/1993,enutkin7s@vk.com,Aberdeen,069 Crescent Oaks Trail,AB39,+44-816-669-6134,South Bank University,2:1,17,SEPT 2019,Bruno Bellbrook
282,Colleen Rossey,Female,01/08/1994,crossey7t@pagesperso-orange.fr,Brampton,7 Tomscot Parkway,NR34,+44-492-346-3944,Anglia Ruskin University,2:1,17,SEPT 2019,Bruno Bellbrook
283,Faber Bewlay,Male,28/03/1992,fbewlay7u@delicious.com,West End,6 Warner Plaza,DN36,+44 (153) 658-8512,University of York,1st,,,
284,Una Caldicot,Female,,ucaldicot7v@nsw.gov.au,London,5865 Lawn Place,W1F,+44 (533) 144-4252,University of Leicester,2:1,05,SEPT 2019,Doris Bellasis
285,Chance Fleay,Male,09/08/1998,cfleay7w@drupal.org,Milton,5 Eagle Crest Court,AB56,+44 (352) 213-1348,University of Manchester,2:2,26,SEPT 2019,Rupert Ripple
286,Carmelia Gheorghe,Female,15/08/1994,cgheorghe7x@paypal.com,Charlton,22927 Division Pass,OX12,+44-304-335-7251,University of Reading,3rd,04,SEPT 2019,Bruno Bellbrook
287,Stephan Tidbald,Male,21/01/2000,stidbald7y@imageshack.us,Wootton,5 Mandrake Lane,NN4,+44-595-488-6264,University of London,1st,11,SEPT 2019,Rupert Ripple
288,Care Ife,Male,06/10/1990,cife7z@hatena.ne.jp,West End,33 Fairview Way,DN36,+44 674 974 8019,London Guildhall University,2:2,04,SEPT 2019,Gismo Tilling
289,Courtney Aldus,Male,03/06/1995,caldus80@examiner.com,Seaton,0726 Shelley Junction,LE15,+44-447-585-7356,University of Edinburgh,2:1,05,SEPT 2019,Gismo Tilling
290,Quill Buzin,,25/07/1995,qbuzin81@cnet.com,Birmingham,7284 Almo Avenue,B40,+44-987-111-9236,University of Westminster,1st,19,SEPT 2019,Stacey Broad
291,Roxana Humphries,Female,23/10/1998,rhumphries82@webeden.co.uk,Normanton,75 Thierer Court,LE15,,Glasgow School of Art,1st,,,
292,Zebadiah Rollins,Male,18/03/1998,zrollins83@istockphoto.com,Swindon,826 Bobwhite Drive,SN1,+44-369-740-4314,"School of Oriental and African Studies, University of London",2:1,26,SEPT 2019,Rupert Ripple
293,Trent Southwick,Male,21/04/1997,tsouthwick84@army.mil,Wirral,33 Shoshone Hill,CH48,+44-685-839-5937,University of Central Lancashire,2:1,12,SEPT 2019,Bruno Bellbrook
294,King Janatka,Male,01/10/1997,kjanatka85@uiuc.edu,Sutton,924 Gerald Trail,RH5,+44-887-751-1203,Richmond University - The American International University in London,2:2,18,SEPT 2019,Rupert Ripple
295,Honor Jeandon,Female,05/10/1994,hjeandon86@163.com,East End,1724 Macpherson Road,BH21,+44-826-247-9425,London School of Business & Finance,2:1,25,SEPT 2019,Fifi Etton
296,Chrisse Santostefano.,Male,10/05/1997,csantostefano87@behance.net,Wootton,2380 Oriole Road,NN4,,University of Reading,1st,11,SEPT 2019,Rupert Ripple
297,Rikki Rowlett,Male,01/05/1997,rrowlett88@google.com.au,,,,+44 (792) 953-3908,Coventry University,2:1,,,
298,Dinnie Baleine,Female,29/11/1991,dbaleine89@linkedin.com,Ashley,284 Charing Cross Terrace,SN13,+44-761-782-9593,Warnborough University,2:1,18,SEPT 2019,Stacey Broad
299,Siegfried Everal,Male,03/07/1993,several8a@artisteer.com,London,79776 Bonner Parkway,WC1B,,University of York,3rd,17,SEPT 2019,Bruno Bellbrook
300,Raye Terbrug,Female,13/04/1993,rterbrug8b@usatoday.com,Normanton,5311 Becker Center,LE15,+44-521-955-2132,"University of Wales, Lampeter",2:1,19,SEPT 2019,Bruno Bellbrook
301,Lester Weddeburn - Scrimgeour,Male,12/08/1997,lweddeburn8c@comsenz.com,Sheffield,78421 Lindbergh Pass,S33,+44 (785) 115-7171,"Warburg Institute, University of London",1st,26,SEPT 2019,Doris Bellasis
302,Chandra Best,Female,22/02/1993,cbest8d@artisteer.com,Liverpool,90 Jay Pass,L33,+44 (113) 797-5747,University of Southampton,3rd,17,SEPT 2019,Rupert Ripple
303,Standford Glanert,Male,11/05/1990,sglanert8e@slashdot.org,London,6 Oneill Point,WC1B,+44 511 486 9638,"Royal Academy of Music, University of London",2:1,17,SEPT 2019,Rupert Ripple
304,Helyn Sahnow,Female,04/09/1998,hsahnow8f@reuters.com,Birmingham,86246 Blue Bill Park Crossing,B40,+44 (217) 681-5463,De Montfort University Leicester,2:1,11,SEPT 2019,Fifi Eton
305,Bertha Burchfield,Female,,,Bristol,1320 3rd Park,BS41,+44 110 883 8989,Royal College of Art,3rd,10,SEPT 2019,Stacey Broad
306,Stavro Sherratt,Male,27/03/1994,ssherratt8h@dell.com,Hatton,13 Oak Drive,CV35,+44 919 620 0282,Newport International University,3rd,05,SEPT 2019,Fifi Etton
307,Valdemar Smithen,Male,,vsmithen8i@51.la,Eaton,5973 Fremont Court,DN22,,University of Wales,1st,05,SEPT 2019,Sunny Sladefield
308,Zollie Danks,Male,21/05/1991,zdanks8j@smugmug.com,Norton,3316 Scott Hill,S8,+44-787-907-1256,University of Northampton,2:2,26,SEPT 2019,Bruno Bellbrook
309,Malcolm Whittier,Male,25/04/1997,mwhittier8k@ezinearticles.com,Liverpool,382 Southridge Terrace,L33,+44-384-176-5797,University of East London,3rd,25,SEPT 2019,Fifi Eton
310,Gun Burkitt,,16/01/1993,gburkitt8l@vimeo.com,Aston,0914 Rockefeller Parkway,TF6,+44 521 347 1481,Royal Holloway and Bedford New College,3rd,25,SEPT 2019,Rupert Ripple
311,Silvio Randal,Male,28/10/1995,srandal8m@netlog.com,Newtown,78616 Laurel Way,RG20,+44 (368) 455-0431,University of Ulster,1st,17,SEPT 2019,Doris Bellasis
312,Winna Olive,Female,11/08/1990,wolive8n@wordpress.com,Wirral,7493 Artisan Crossing,CH48,+44-839-117-2497,University of Wolverhampton,2:1,19,SEPT 2019,Rupert Ripple
313,Ganny Carver,Male,18/12/1992,gcarver8o@jimdo.com,Buckland,4245 Becker Crossing,CT16,+44 717 212 4394,University of Durham,1st,,,
314,Beltran Jolly,Male,31/07/1995,bjolly8p@mlb.com,Swindon,367 Ohio Trail,SN1,,"Saint George's Hospital Medical School, University of London",2:2,18,SEPT 2019,Gismo Tilling
315,Gare Halpen,,13/08/1993,ghalpen8q@theglobeandmail.com,Thorpe,30982 Marquette Junction,BD23,+44-894-553-3954,"Goldsmiths College, University of London",2:2,18,SEPT 2019,Gismo Tilling
316,Elizabet Sanbroke,Female,29/04/1992,esanbroke8r@webnode.com,Burnside,9960 Meadow Ridge Center,EH52,,University of Manchester,3rd,12,SEPT 2019,Fifi Eton
317,Ofella Shelmardine,Female,11/01/1997,,Ashley,3069 Jay Drive,SN13,+44 (784) 892-9461,University of Bath,3rd,12,SEPT 2019,Doris Bellasis
318,Tedd Hurl,Male,18/07/1990,thurl8t@shinystat.com,London,9254 Montana Pass,EC1V,+44 (925) 547-1525,University of Paisley,2:2,19,SEPT 2019,Rupert Ripple
319,Janka Clemencet,Female,21/09/1999,jclemencet8u@mit.edu,London,001 Prairie Rose Avenue,W1F,+44 804 473 1755,"University of Wales, Lampeter",3rd,17,SEPT 2019,Bruno Bellbrook
320,Raddie Major,Male,25/10/1999,rmajor8v@timesonline.co.uk,Milton,87797 Grasskamp Hill,AB56,+44-399-336-0062,Roehampton University of Surrey,2:1,05,SEPT 2019,Bruno Bellbrook
321,Antonetta Rustedge,Female,21/07/1999,arustedge8w@apple.com,Sutton,1 Hansons Junction,RH5,+44 (468) 565-7609,,,24,SEPT 2019,Bruno Bellbrook
322,Mildred MacAlaster,Female,26/05/1994,mmacalaster8x@amazonaws.com,Marston,9724 Moulton Lane,ST20,+44-542-958-2817,British College of Osteopathic Medicine,2:2,24,SEPT 2019,Stacey Broad
323,Homerus Heighton,Male,11/04/1998,hheighton8y@instagram.com,Carlton,19170 Upham Way,DL8,+44 (752) 444-1184,University of East Anglia,3rd,11,SEPT 2019,Stacey Broad
324,Reeva Amort,Female,26/07/1993,,Whitwell,8 Gateway Plaza,DL10,+44-252-902-7644,"Royal Academy of Music, University of London",2:1,26,SEPT 2019,Bruno Bellbrook
325,Mathilda Burman,Female,29/05/1997,mburman90@slate.com,Thorpe,73783 Kingsford Court,BD23,+44 (528) 812-6576,University of Manchester,2:1,05,SEPT 2019,Bruno Bellbrook
326,Buiron Presho,Male,30/01/1999,,Newbiggin,21672 Bluejay Lane,NE46,+44-273-889-9390,Liverpool John Moores University,2:2,05,SEPT 2019,Bruno Bellbrook
327,Vyky Filipiak,Female,10/01/1994,vfilipiak92@360.cn,Swindon,342 Monica Plaza,SN1,+44-405-343-5483,University of Bristol,2:1,05,SEPT 2019,Fifi Eton
328,Merlina Yashanov,Female,20/05/1994,myashanov93@zimbio.com,Upton,180 Spohn Drive,DN21,+44 445 374 6559,London School of Jewish Studies,2:1,04,SEPT 2019,Gismo Tilling
329,Nathaniel Iannetti,Male,14/01/1995,niannetti94@columbia.edu,Stapleford,01 Drewry Alley,LN6,+44 691 228 4208,University of Chester,3rd,17,SEPT 2019,Doris Bellasis
330,Urban Bootland,Male,25/01/2000,ubootland95@hatena.ne.jp,Eaton,44 Oakridge Center,DN22,+44 (942) 504-2047,British College of Osteopathic Medicine,2:2,18,SEPT 2019,Bruno Bellbrook
331,Fredia Ruos,Female,,fruos96@issuu.com,Ford,39651 Badeau Point,GL54,+44 (513) 189-6183,University of Newcastle-upon-Tyne,2:2,11,SEPT 2019,Bruno Bellbrook
332,Harrietta Buten,Female,19/07/1994,hbuten97@vimeo.com,Upton,19 Thackeray Place,DN21,+44 247 252 8097,University of Gloucestershire,2:1,11,SEPT 2019,Doris Bellasis
333,Audie Hendin,Female,28/09/1994,ahendin98@dell.com,Bristol,168 Troy Place,BS41,+44 753 782 5002,University of Greenwich,2:1,,,
334,Jourdain Tripp,Male,25/12/2000,jtripp99@miibeian.gov.cn,Bristol,636 Fulton Junction,BS41,+44 719 872 0426,Aga Khan University,2:1,26,SEPT 2019,Sunny Sladefield
335,Eleonore Dews,Female,02/04/1992,edews9a@wikispaces.com,Sheffield,53 Norway Maple Way,S33,+44 743 159 0674,Falmouth University,2:1,,,
336,Bartie Grayson,Male,11/06/1996,bgrayson9b@wikipedia.org,Liverpool,2542 Merry Court,L74,,"School of Pharmacy, University of London",3rd,19,SEPT 2019,Doris Bellasis
337,Glynda Cancellario,Female,23/10/1997,gcancellario9c@spotify.com,Linton,501 Waxwing Place,BD23,+44-234-668-9629,Open University,2:2,11,SEPT 2019,Sunny Sladefield
338,Grissel McBride,Female,27/12/1999,gmcbride9d@unesco.org,Kingston,3 Amoth Plaza,DT10,+44 (862) 580-6848,University of Bolton,2:1,,,
339,Stillmann Qualtrough,Male,06/02/1994,squaltrough9e@skyrock.com,Preston,17484 Steensland Plaza,PR1,+44-811-128-6517,Imperial College London,2:2,10,SEPT 2019,Sunny Sladefield
340,Vasili Cartledge,,25/01/1999,vcartledge9f@google.ca,Liverpool,522 7th Hill,L33,+44-986-143-2879,International Centre for Isclamic Science,3rd,12,SEPT 2019,Rupert Ripple
341,Juieta Mulliss,Female,13/03/1999,jmulliss9g@wordpress.com,Milton,0515 Everett Avenue,AB56,+44 179 886 0108,University of Chester,2:1,19,SEPT 2019,Gismo Tilling
342,Berkley Bartomeu,Male,07/04/1998,,Bristol,10 Graceland Way,BS41,+44-513-894-0754,"University of the West of England, Bristol",2:1,17,SEPT 2019,Stacey Broad
343,Ignatius Doxsey,Male,29/11/2000,idoxsey9i@columbia.edu,Newport,99 Lerdahl Street,NR29,+44 196 123 2991,University of Brighton,1st,10,SEPT 2019,Fifi Eton
344,Gil Mateu,Male,24/02/1992,gmateu9j@ustream.tv,Eaton,01 Scott Drive,DN22,+44 790 383 9826,Anglia Ruskin University,2:2,,,
345,Friedrick Hawkey,Male,26/01/1995,fhawkey9k@reuters.com,Linton,36 Ludington Terrace,BD23,+44 (160) 472-2352,University of Durham,2:2,19,SEPT 2019,Bruno Bellbrook
346,Payton Turbard,Male,15/02/2000,pturbard9l@ucoz.ru,London,0687 Saint Paul Alley,W1F,+44 264 264 1766,Southampton Solent University,2:2,25,SEPT 2019,Fifi Etton
347,Teddy Baraclough,Male,18/12/1993,tbaraclough9m@ted.com,Glasgow,95561 Artisan Crossing,G4,+44 323 568 0220,University of Paisley,2:1,04,SEPT 2019,Rupert Ripple
348,Stepha Willison,Female,24/01/1990,swillison9n@paginegialle.it,Edinburgh,154 Quincy Terrace,EH9,+44 (688) 600-4519,Brunel University Uxbridge,2:1,26,SEPT 2019,Bruno Bellbrook
349,Quincey Matuszyk,Male,03/03/1999,qmatuszyk9o@ebay.co.uk,Birmingham,462 Randy Road,B12,+44-121-796-8376,Leeds Metropolitan University,3rd,,,
350,Petrina Sterland,Female,23/02/1998,psterland9p@phpbb.com,Ashley,60297 Kensington Trail,SN13,,Coventry University,2:1,04,SEPT 2019,Rupert Ripple
351,Dorette Landall,Female,09/01/1990,dlandall9q@cyberchimps.com,Hatton,92 Dorton Pass,CV35,+44 (934) 279-6029,Swansea Metropolitan University,2:1,05,SEPT 2019,Sunny Sladefield
352,Hermann Cudde,Male,19/07/1997,hcudde9r@wsj.com,East End,22 Nelson Parkway,BH21,+44 (174) 865-1203,University of Leeds,2:2,26,SEPT 2019,Doris Bellasis
353,Nealon Tompkiss,Male,14/10/1998,ntompkiss9s@java.com,Bradford,342 Scofield Street,BD7,+44 212 216 1783,London School of Business & Finance,2:1,25,SEPT 2019,Fifi Etton
354,Sarita Weedon,Female,05/07/1991,sweedon9t@buzzfeed.com,Seaton,9720 Ryan Place,LE15,+44 (514) 340-8619,University of Buckingham,3rd,11,SEPT 2019,Rupert Ripple
355,Lamar MacGebenay,Male,18/06/2000,lmacgebenay9u@gravatar.com,Kirkton,31 Fallview Trail,KW10,+44-675-160-1409,University of Huddersfield,2:1,17,SEPT 2019,Doris Bellasis
356,Erna Milne,Female,05/06/1992,emilne9v@icio.us,Marston,2 Gateway Plaza,ST20,+44 (912) 333-5022,Royal College of Art,2:2,04,SEPT 2019,Sunny Sladefield
357,Maude Ithell,Female,04/11/1999,mithell9w@hostgator.com,London,3 Browning Center,WC2H,+44-731-560-2806,"School of Slavonic and East European Studies, University of London",1st,12,SEPT 2019,Rupert Ripple
358,Anna Lamperti,,19/05/1990,,Edinburgh,1546 Tennyson Crossing,EH9,+44 (248) 468-4781,The Manchester Metropolitan University,2:2,04,SEPT 2019,Rupert Ripple
359,Hermina Boar,Female,23/04/2000,hboar9y@wsj.com,Buckland,6846 Thierer Hill,CT16,+44-180-774-7816,"University of Wales Institute, Cardiff",2:1,26,SEPT 2019,Bruno Bellbrook
360,Elvira Valentine,Female,22/03/1995,evalentine9z@java.com,Sheffield,474 Daystar Court,S33,,University of Dundee,3rd,18,SEPT 2019,Fifi Etton
361,Kelila Cunah,,17/04/1994,kcunaha0@e-recht24.de,Burnside,61 Kinsman Trail,EH52,+44 800 368 6581,Roehampton University of Surrey,2:1,26,SEPT 2019,Stacey Broad
362,Madelina Osmant,Female,30/11/1997,mosmanta1@1688.com,Middleton,1 Bunting Terrace,LE16,+44 (808) 850-3364,"University of Wales, Newport",2:2,03,SEPT 2019,Doris Bellasis
363,Sutherlan Mewe,Male,21/07/1990,smewea2@wsj.com,Edinburgh,247 Sycamore Alley,EH9,+44-397-666-8453,University of Edinburgh,2:2,05,SEPT 2019,Doris Bellasis
364,Kalvin Wadworth,,27/06/1999,,Sutton,53 Everett Center,RH5,+44-601-581-0763,University of Lancaster,2:2,17,SEPT 2019,Stacey Broad
365,Cristal Prendergast,Female,24/11/1997,cprendergasta4@weibo.com,Twyford,14010 Pearson Terrace,LE14,+44 (356) 231-7359,London Guildhall University,1st,25,SEPT 2019,Stacey Broad
366,Bartel Billiard,Male,18/02/1996,bbilliarda5@stanford.edu,Walton,57174 Armistice Way,CV35,+44 (508) 754-5678,University of Wolverhampton,2:1,24,SEPT 2019,Sunny Sladefield
367,Thorpe Sigars,Male,01/09/1995,tsigarsa6@nih.gov,Sutton,12444 SHERMAN HILL,CT15,+44 (637) 406-1592,Cardiff University,2:1,24,SEPT 2019,Stacey Broad
368,Maisie Skelton,,07/07/1996,mskeltona7@vimeo.com,London,3 Reinke Terrace,EC1V,+44-394-799-0690,Heriot-Watt University,2:1,05,SEPT 2019,Rupert Ripple
369,Xylia Laxen,Female,19/06/1998,xlaxena8@blogspot.com,Ashley,6 Jana Point,SN13,+44-902-758-5112,"University of Wales, Bangor",1st,03,SEPT 2019,Gismo Tilling
370,Scarface Gallihaulk,Male,09/06/1994,,Horton,89 Acker Park,BS37,+44 708 934 7642,Liverpool Hope University College,3rd,03,SEPT 2019,Stacey Broad
371,Zandra Makepeace,Female,08/03/1994,zmakepeaceaa@bloomberg.com,London,6 Pleasure Crossing,WC2H,+44-286-848-6666,,,19,SEPT 2019,Doris Bellasis
372,Raquel Bastide,Female,04/02/1990,rbastideab@e-recht24.de,Pentre,0 Harper Pass,SY4,+44 (610) 458-6652,William Gilbert College,2:1,04,SEPT 2019,Fifi Etton
373,Englebert Orme,Male,03/12/1999,eormeac@arizona.edu,Sheffield,5583 Straubel Way,S1,+44 (414) 959-2685,University of Greenwich,3rd,24,SEPT 2019,Bruno Bellbrook
374,Brandie Birkin,Female,14/11/1993,bbirkinad@artisteer.com,Whitwell,058 Eagan Pass,DL10,+44 530 790 3643,University of Aberdeen,2:2,18,SEPT 2019,Sunny Sladefield
375,Winni Bason,Female,10/04/1990,wbasonae@answers.com,London,9 American Street,EC1V,,University of Birmingham,2:2,,,
376,Bert Losty,Female,28/09/1993,blostyaf@moonfruit.com,Glasgow,1364 Truax Plaza,G4,+44 (399) 986-9328,"University of the West of England, Bristol",2:2,19,SEPT 2019,Rupert Ripple
377,Eugen Boggs,Male,04/07/1992,eboggsag@cmu.edu,Stapleford,4 Vidon Plaza,LN6,+44-753-676-0255,,,04,SEPT 2019,Bruno Bellbrook
378,Storm Henryson,Female,03/07/1992,shenrysonah@noaa.gov,Horton,53 Mcguire Plaza,BS37,+44 619 119 8337,University of North London,2:1,24,SEPT 2019,Rupert Ripple
379,Neel Campana,Male,09/01/1990,ncampanaai@youtu.be,Preston,3 Crowley Hill,PR1,+44-624-766-0139,Swansea Metropolitan University,3rd,25,SEPT 2019,Rupert Ripple
380,MALINDE MOWSDALE,Female,26/08/1991,mmowsdaleaj@diigo.com,Aberdeen,715 Hooker Point,AB39,+44 (968) 212-9220,Open University,2:1,18,SEPT 2019,Sunny Sladefield
381,Ann Iannello,Female,24/12/1998,aiannelloak@cisco.com,Sutton,92 Shopko Road,RH5,+44-807-781-9065,University of Northumbria at Newcastle,2:1,05,SEPT 2019,Rupert Ripple
382,Babita Bramsen,Female,24/01/1999,bbramsenal@theguardian.com,Halton,79328 Hoard Alley,LS9,+44 586 526 4588,London School of Business & Finance,3rd,04,SEPT 2019,Fifi Eton
383,Briana Shorter,Female,07/05/1997,bshorteram@vistaprint.com,Horton,77 Trailsway Trail,BS37,+44-144-619-8339,"Institute of Advanced Legal Studies, University of London",2:1,25,SEPT 2019,Stacey Broad
384,Ninetta Garling,Female,29/09/1990,,Hatton,0 Pearson Trail,CV35,+44 (958) 122-8728,Leeds Metropolitan University,2:1,,,
385,Levy Lanahan,Male,02/02/1996,llanahanao@posterous.com,Ashley,7222 Marcy Crossing,SN13,+44 (222) 951-3648,University of Cambridge,1st,05,SEPT 2019,Rupert Ripple
386,Korey Ennor,Male,27/04/1995,kennorap@geocities.com,Twyford,6781 Amoth Way,LE14,+44 428 653 3373,The Robert Gordon University,2:2,04,SEPT 2019,Sunny Sladefield
387,Saraann Elcombe,Female,21/01/1993,selcombeaq@networkadvertising.org,Glasgow,289 Longview Point,G4,+44 (305) 639-6445,Glasgow School of Art,2:2,12,SEPT 2019,Bruno Bellbrook
388,Erny Mourant,Male,26/12/1993,emourantar@google.cn,Eaton,8534 Golf View Way,DN22,+44-451-604-7015,Glasgow Caledonian University,2:1,26,SEPT 2019,Rupert Ripple
389,Oren Medwell,Male,08/10/2000,,Kirkton,8 Longview Circle,KW10,+44-804-562-7465,University of Edinburgh,1st,26,SEPT 2019,Rupert Ripple
390,Kalinda Leebetter,Female,22/10/1997,kleebetterat@example.com,Middleton,7151 Rockefeller Road,LE16,+44-255-201-3667,Aston University,3rd,24,SEPT 2019,Fifi Eton
391,Deana Salerno,Female,29/08/2000,dsalernoau@wired.com,Upton,51 Hansons Avenue,WF9,+44 584 520 3238,University of Liverpool,2:1,18,SEPT 2019,Bruno Bellbrook
392,Darwin Vlasov,Male,20/04/1992,dvlasovav@dyndns.org,London,6 Troy Drive,W1F,+44 (127) 259-6552,London College of Science & Technology,2:2,11,SEPT 2019,Fifi Eton
393,Violetta Matisse,Female,,vmatisseaw@engadget.com,Milton,66 Macpherson Drive,AB56,+44-255-389-1610,"Birkbeck College, University of London",2:2,03,SEPT 2019,Fifi Etton
394,Hurlee Gori,Male,24/04/1992,hgoriax@opera.com,Edinburgh,6 Onsgard Court,EH9,+44 370 729 4418,Chelsea College of Art and Design,2:1,26,SEPT 2019,Rupert Ripple
395,Yankee Garmon,Male,11/09/2000,ygarmonay@comsenz.com,Eaton,4 Southridge Court,DN22,+44 456 306 7476,European School of Economics,2:1,18,SEPT 2019,Sunny Sladefield
396,Ulrika Southam,Female,03/12/1990,usouthamaz@symantec.com,Marston,44 Moulton Point,ST20,+44 112 575 0615,"University of Wales Institute, Cardiff",2:1,24,SEPT 2019,Doris Bellasis
397,Jo-ann Gallihaulk,Female,08/09/1992,jgallihaulkb0@wsj.com,Upton,87 Elka Parkway,WF9,+44-658-411-7305,"Warburg Institute, University of London",1st,10,SEPT 2019,Stacey Broad
398,Larisa Cordero,Female,19/04/1996,lcorderob1@soup.io,Linton,15 Farwell Avenue,BD23,+44 857 845 3124,"Birkbeck College, University of London",2:2,03,SEPT 2019,Sunny Sladefield
399,Mark Beckingham,Male,12/12/1998,mbeckinghamb2@cmu.edu,Church End,24 Delladonna Plaza,CB4,+44 676 556 8772,Middlesex University,2:1,10,SEPT 2019,Doris Bellasis
400,Vevay Feirn,Female,08/09/1990,vfeirnb3@twitter.com,Milton,0363 Menomonie Plaza,NG22,+44 (432) 554-6997,Leeds Metropolitan University,1st,12,SEPT 2019,Rupert Ripple
401,Clyve Bowe,Male,11/12/1999,cboweb4@hubpages.com,Thorpe,31252 Mcguire Drive,BD23,+44 238 493 5581,University of Cambridge,2:2,25,SEPT 2019,Sunny Sladefield
402,Hastings Fincher,Male,22/01/1995,hfincherb5@weebly.com,Eaton,93695 Sycamore Hill,DN22,+44-348-361-7341,"Institute of Education, University of London",2:2,,,
403,Daria Tudge,Female,10/07/1991,dtudgeb6@wsj.com,Charlton,72 Kenwood Road,OX12,+44-506-822-7348,London School of Business & Finance,2:2,17,SEPT 2019,Sunny Sladefield
404,Renado Rubes,Male,10/04/1999,rrubesb7@redcross.org,Normanton,18098 Sunnyside Avenue,LE15,+44 (250) 114-7559,Napier University,2:2,24,SEPT 2019,Doris Bellasis
405,Toby Stadden,Male,04/09/1990,,Marston,8 Wayridge Circle,ST20,+44-830-894-4930,University of Westminster,3rd,04,SEPT 2019,Rupert Ripple
406,HASTINGS FLOWER,Male,07/05/1990,hflowerb9@wikia.com,Twyford,64 Scott Circle,LE14,+44-952-198-3338,University of Birmingham,2:1,17,SEPT 2019,Bruno Bellbrook
407,Umeko Bozier,Female,24/06/1998,ubozierba@ask.com,Milton,1492 Prairie Rose Lane,AB56,+44 (353) 545-1362,"Birkbeck College, University of London",2:1,17,SEPT 2019,Doris Bellasis
408,Ryley Dael,Male,01/11/1996,rdaelbb@netvibes.com,Liverpool,8 Comanche Way,L33,+44 141 689 9623,Sheffield Hallam University,2:1,10,SEPT 2019,Fifi Etton
409,Engracia Polycote,Female,03/02/1992,epolycotebc@cbslocal.com,Birmingham,64 Eastlawn Point,B40,+44 729 631 9816,"Goldsmiths College, University of London",2:1,04,SEPT 2019,Bruno Bellbrook
410,Claudia Feldhuhn,Female,14/05/1997,cfeldhuhnbd@psu.edu,Dean,84 Sunbrook Pass,OX7,+44-770-742-9595,University of Ulster,2:1,,,
411,Arman Boribal,Male,07/05/1999,aboribalbe@hugedomains.com,Sutton,018 Annamark Hill,RH5,,Trinity College Carmarthen,1st,04,SEPT 2019,Rupert Ripple
412,Rip Jordeson,Male,16/02/1994,rjordesonbf@privacy.gov.au,Church End,87332 Carey Plaza,N3,+44-146-984-9004,University of Wales College of Medicine,2:2,25,SEPT 2019,Rupert Ripple
413,Vernon Bennough,Male,13/05/1996,,Swindon,6670 Eggendart Junction,SN1,+44 655 174 5869,University of Cambridge,2:1,24,SEPT 2019,Fifi Etton
414,Monty Gorriessen,Male,24/03/1995,,Weston,92595 Old Shore Road,GU32,+44 681 641 4060,International Colleges of Islamic Science,2:1,12,SEPT 2019,Fifi Etton
415,Darill Whapples,Male,10/01/1999,dwhapplesbi@hubpages.com,Liverpool,36 Cody Street,L33,+44 412 578 3310,"Birkbeck College, University of London",1st,19,SEPT 2019,Sunny Sladefield
416,Clyve Gillhespy,Male,15/12/1995,cgillhespybj@buzzfeed.com,Birmingham,33 Almo Avenue,B40,+44-904-343-2218,University of Liverpool,2:1,26,SEPT 2019,Bruno Bellbrook
417,Vaclav Pietesch,Male,09/11/1994,vpieteschbk@mac.com,Whitwell,6476 Hoffman Terrace,DL10,+44 455 631 6125,Sheffield Hallam University,2:2,12,SEPT 2019,Stacey Broad
418,Kassi Lucio,Female,24/04/1994,kluciobl@exblog.jp,Normanton,06 Fulton Center,LE15,+44-834-342-9323,University of Buckingham,2:1,03,SEPT 2019,Fifi Eton
419,Vivianna Letty,Female,,vlettybm@google.com.hk,Sheffield,78314 Fisk Plaza,S1,+44-534-758-3140,Leeds Metropolitan University,1st,19,SEPT 2019,Bruno Bellbrook
420,Mercie Groger,Female,10/05/1997,mgrogerbn@timesonline.co.uk,Charlton,5 Toban Circle,OX12,+44-662-239-4688,ifs University College,3rd,12,SEPT 2019,Rupert Ripple
